record_id,waveform_file,station_code,origin_time,record_time,mag,split
train_000000,record_000000.npz,ABSH02,2009/5/10 16:52,2009/5/10 16:53,4.3,train
train_000001,record_000001.npz,ABSH02,2009/11/19 0:24,2009/11/19 0:24,4.2,train
train_000002,record_000002.npz,ABSH03,2007/1/9 5:12,2007/1/9 5:12,4.7,train
train_000003,record_000003.npz,ABSH03,2009/5/10 16:52,2009/5/10 16:53,4.3,train
train_000004,record_000004.npz,ABSH03,2009/9/29 21:03,2009/9/29 21:03,4.5,train
train_000005,record_000005.npz,ABSH03,2009/11/19 0:24,2009/11/19 0:24,4.2,train
train_000006,record_000006.npz,ABSH03,2009/12/28 9:13,2009/12/28 9:13,5,train
train_000007,record_000007.npz,ABSH05,2009/11/19 0:24,2009/11/19 0:24,4.2,train
train_000008,record_000008.npz,ABSH05,2009/12/28 9:13,2009/12/28 9:13,5,train
train_000009,record_000009.npz,ABSH06,2003/10/18 18:32,2003/10/18 18:32,4.5,train
train_000010,record_000010.npz,ABSH06,2004/11/29 3:32,2004/11/29 3:32,7.1,train
train_000011,record_000011.npz,ABSH06,2004/12/14 14:56,2004/12/14 14:56,6.1,train
train_000012,record_000012.npz,ABSH06,2007/1/9 5:12,2007/1/9 5:12,4.7,train
train_000013,record_000013.npz,ABSH06,2007/7/1 13:12,2007/7/1 13:12,5.8,train
train_000014,record_000014.npz,ABSH06,2008/3/3 17:06,2008/3/3 17:07,4.3,train
train_000015,record_000015.npz,ABSH06,2009/1/11 14:57,2009/1/11 14:57,4.7,train
train_000016,record_000016.npz,ABSH06,2009/1/11 21:53,2009/1/11 21:53,4.5,train
train_000017,record_000017.npz,ABSH06,2009/5/10 16:52,2009/5/10 16:52,4.3,train
train_000018,record_000018.npz,ABSH06,2009/9/29 21:03,2009/9/29 21:03,4.5,train
train_000019,record_000019.npz,ABSH06,2009/11/19 0:24,2009/11/19 0:24,4.2,train
train_000020,record_000020.npz,ABSH06,2009/12/28 9:13,2009/12/28 9:13,5,train
train_000021,record_000021.npz,ABSH06,2010/4/9 3:41,2010/4/9 3:42,4.8,train
train_000022,record_000022.npz,ABSH07,2007/12/10 16:23,2007/12/10 16:24,4.2,train
train_000023,record_000023.npz,ABSH07,2008/1/23 4:34,2008/1/23 4:35,4.9,train
train_000024,record_000024.npz,ABSH07,2008/8/29 23:41,2008/8/29 23:41,4.1,train
train_000025,record_000025.npz,ABSH07,2009/1/11 14:57,2009/1/11 14:57,4.7,train
train_000026,record_000026.npz,ABSH07,2009/1/11 21:53,2009/1/11 21:53,4.5,train
train_000027,record_000027.npz,ABSH07,2009/2/28 9:36,2009/2/28 9:36,5.3,train
train_000028,record_000028.npz,ABSH07,2009/3/20 15:52,2009/3/20 15:52,5,train
train_000029,record_000029.npz,ABSH07,2009/4/5 17:00,2009/4/5 17:00,4.8,train
train_000030,record_000030.npz,ABSH07,2009/5/10 16:52,2009/5/10 16:53,4.3,train
train_000031,record_000031.npz,ABSH07,2009/9/29 21:03,2009/9/29 21:03,4.5,train
train_000032,record_000032.npz,ABSH07,2009/11/19 0:24,2009/11/19 0:24,4.2,train
train_000033,record_000033.npz,ABSH07,2009/12/28 9:13,2009/12/28 9:13,5,train
train_000034,record_000034.npz,ABSH07,2010/1/15 3:46,2010/1/15 3:46,5,train
train_000035,record_000035.npz,ABSH07,2010/4/9 3:41,2010/4/9 3:42,4.8,train
train_000036,record_000036.npz,ABSH07,2010/7/8 21:23,2010/7/8 21:23,4.7,train
train_000037,record_000037.npz,ABSH07,2010/8/14 13:25,2010/8/14 13:25,4.6,train
train_000038,record_000038.npz,ABSH07,2010/10/14 22:59,2010/10/14 22:59,5.5,train
train_000039,record_000039.npz,ABSH07,2011/1/22 14:49,2011/1/22 14:49,4.4,train
train_000040,record_000040.npz,ABSH08,2001/4/27 2:49,2001/4/27 2:49,5.9,train
train_000041,record_000041.npz,ABSH08,2004/11/29 3:32,2004/11/29 3:32,7.1,train
train_000042,record_000042.npz,ABSH08,2004/12/6 23:15,2004/12/6 23:15,6.9,train
train_000043,record_000043.npz,ABSH08,2008/3/13 17:41,2008/3/13 17:41,5.3,train
train_000044,record_000044.npz,ABSH08,2008/5/11 3:24,2008/5/11 3:24,5.1,train
train_000045,record_000045.npz,ABSH08,2008/9/12 7:34,2008/9/12 7:35,5.2,train
train_000046,record_000046.npz,ABSH08,2008/11/22 0:44,2008/11/22 0:45,5.2,train
train_000047,record_000047.npz,ABSH08,2009/4/28 20:21,2009/4/28 20:21,5.4,train
train_000048,record_000048.npz,ABSH08,2009/5/10 16:52,2009/5/10 16:52,4.3,train
train_000049,record_000049.npz,ABSH08,2009/7/28 4:16,2009/7/28 4:16,4.7,train
train_000050,record_000050.npz,ABSH08,2009/9/29 21:03,2009/9/29 21:03,4.5,train
train_000051,record_000051.npz,ABSH08,2009/12/28 9:13,2009/12/28 9:13,5,train
train_000052,record_000052.npz,ABSH08,2010/1/16 0:45,2010/1/16 0:45,5.1,train
train_000053,record_000053.npz,ABSH08,2010/6/5 14:22,2010/6/5 14:22,5.5,train
train_000054,record_000054.npz,ABSH08,2010/8/7 14:31,2010/8/7 14:31,4.6,train
train_000055,record_000055.npz,ABSH08,2010/9/4 6:15,2010/9/4 6:15,5.1,train
train_000056,record_000056.npz,ABSH08,2010/11/19 13:02,2010/11/19 13:02,4.8,train
train_000057,record_000057.npz,ABSH09,2001/4/27 2:49,2001/4/27 2:49,5.9,train
train_000058,record_000058.npz,ABSH09,2001/7/5 22:12,2001/7/5 22:12,4.9,train
train_000059,record_000059.npz,ABSH09,2002/8/5 6:07,2002/8/5 6:07,4.5,train
train_000060,record_000060.npz,ABSH09,2002/8/25 3:41,2002/8/25 3:41,5.8,train
train_000061,record_000061.npz,ABSH09,2002/12/1 18:57,2002/12/1 18:57,5.4,train
train_000062,record_000062.npz,ABSH09,2004/11/4 23:03,2004/11/4 23:03,5.8,train
train_000063,record_000063.npz,ABSH09,2004/11/29 3:32,2004/11/29 3:32,7.1,train
train_000064,record_000064.npz,ABSH09,2004/12/6 23:15,2004/12/6 23:15,6.9,train
train_000065,record_000065.npz,ABSH09,2005/1/18 23:09,2005/1/18 23:09,6.4,train
train_000066,record_000066.npz,ABSH09,2008/3/13 17:41,2008/3/13 17:41,5.3,train
train_000067,record_000067.npz,ABSH09,2008/5/11 3:24,2008/5/11 3:24,5.1,train
train_000068,record_000068.npz,ABSH09,2008/5/31 15:24,2008/5/31 15:24,4.5,train
train_000069,record_000069.npz,ABSH09,2008/8/29 23:41,2008/8/29 23:41,4.1,train
train_000070,record_000070.npz,ABSH09,2008/9/12 7:34,2008/9/12 7:35,5.2,train
train_000071,record_000071.npz,ABSH09,2008/11/22 0:44,2008/11/22 0:45,5.2,train
train_000072,record_000072.npz,ABSH09,2009/1/11 14:57,2009/1/11 14:58,4.7,train
train_000073,record_000073.npz,ABSH09,2009/3/20 15:52,2009/3/20 15:52,5,train
train_000074,record_000074.npz,ABSH09,2009/4/28 20:21,2009/4/28 20:21,5.4,train
train_000075,record_000075.npz,ABSH09,2009/5/10 16:52,2009/5/10 16:52,4.3,train
train_000076,record_000076.npz,ABSH09,2009/8/15 19:45,2009/8/15 19:46,4.6,train
train_000077,record_000077.npz,ABSH10,2004/11/29 3:32,2004/11/29 3:32,7.1,train
train_000078,record_000078.npz,ABSH10,2007/7/1 13:12,2007/7/1 13:12,5.8,train
train_000079,record_000079.npz,ABSH10,2008/5/11 3:24,2008/5/11 3:24,5.1,train
train_000080,record_000080.npz,ABSH10,2008/11/22 0:44,2008/11/22 0:45,5.2,train
train_000081,record_000081.npz,ABSH10,2009/1/11 14:57,2009/1/11 14:57,4.7,train
train_000082,record_000082.npz,ABSH10,2009/1/11 21:53,2009/1/11 21:53,4.5,train
train_000083,record_000083.npz,ABSH10,2009/4/28 20:21,2009/4/28 20:21,5.4,train
train_000084,record_000084.npz,ABSH10,2009/5/10 16:52,2009/5/10 16:52,4.3,train
train_000085,record_000085.npz,ABSH10,2009/9/29 21:03,2009/9/29 21:03,4.5,train
train_000086,record_000086.npz,ABSH10,2009/11/19 0:24,2009/11/19 0:24,4.2,train
train_000087,record_000087.npz,ABSH10,2010/4/9 3:41,2010/4/9 3:42,4.8,train
train_000088,record_000088.npz,ABSH10,2010/7/8 21:23,2010/7/8 21:24,4.7,train
train_000089,record_000089.npz,ABSH10,2010/9/28 1:13,2010/9/28 1:14,5.3,train
train_000090,record_000090.npz,ABSH11,2001/4/27 2:49,2001/4/27 2:49,5.9,train
train_000091,record_000091.npz,ABSH11,2003/9/29 11:37,2003/9/29 11:37,6.5,train
train_000092,record_000092.npz,ABSH11,2004/4/12 3:06,2004/4/12 3:06,5.8,train
train_000093,record_000093.npz,ABSH11,2004/5/21 23:27,2004/5/21 23:27,4.8,train
train_000094,record_000094.npz,ABSH11,2004/11/29 3:32,2004/11/29 3:32,7.1,train
train_000095,record_000095.npz,ABSH11,2004/12/6 23:15,2004/12/6 23:15,6.9,train
train_000096,record_000096.npz,ABSH11,2005/1/18 23:09,2005/1/18 23:09,6.4,train
train_000097,record_000097.npz,ABSH11,2008/11/22 0:44,2008/11/22 0:45,5.2,train
train_000098,record_000098.npz,ABSH11,2009/4/28 20:21,2009/4/28 20:21,5.4,train
train_000099,record_000099.npz,ABSH11,2010/7/8 21:23,2010/7/8 21:23,4.7,train
train_000100,record_000100.npz,ABSH11,2010/7/16 6:18,2010/7/16 6:19,4.2,train
train_000101,record_000101.npz,ABSH11,2010/8/7 14:31,2010/8/7 14:31,4.6,train
train_000102,record_000102.npz,ABSH11,2010/9/4 6:15,2010/9/4 6:15,5.1,train
train_000103,record_000103.npz,ABSH11,2010/9/28 1:13,2010/9/28 1:14,5.3,train
train_000104,record_000104.npz,ABSH11,2010/11/19 13:02,2010/11/19 13:02,4.8,train
train_000105,record_000105.npz,ABSH11,2010/12/6 0:51,2010/12/6 0:51,4.2,train
train_000106,record_000106.npz,ABSH11,2011/2/22 12:50,2011/2/22 12:51,4.2,train
train_000107,record_000107.npz,ABSH12,2000/11/14 12:53,2000/11/14 12:53,5.2,train
train_000108,record_000108.npz,ABSH12,2001/4/27 2:49,2001/4/27 2:49,5.9,train
train_000109,record_000109.npz,ABSH12,2002/8/25 3:41,2002/8/25 3:41,5.8,train
train_000110,record_000110.npz,ABSH12,2003/7/3 8:52,2003/7/3 8:52,5.8,train
train_000111,record_000111.npz,ABSH12,2003/9/29 11:37,2003/9/29 11:37,6.5,train
train_000112,record_000112.npz,ABSH12,2004/4/12 3:06,2004/4/12 3:06,5.8,train
train_000113,record_000113.npz,ABSH12,2004/11/29 3:32,2004/11/29 3:32,7.1,train
train_000114,record_000114.npz,ABSH12,2004/12/6 23:15,2004/12/6 23:15,6.9,train
train_000115,record_000115.npz,ABSH12,2005/1/18 23:09,2005/1/18 23:09,6.4,train
train_000116,record_000116.npz,ABSH12,2007/10/30 13:04,2007/10/30 13:05,4.2,train
train_000117,record_000117.npz,ABSH12,2008/5/11 3:24,2008/5/11 3:24,5.1,train
train_000118,record_000118.npz,ABSH12,2008/5/31 15:24,2008/5/31 15:24,4.5,train
train_000119,record_000119.npz,ABSH12,2008/8/29 23:41,2008/8/29 23:41,4.1,train
train_000120,record_000120.npz,ABSH12,2008/9/12 7:34,2008/9/12 7:35,5.2,train
train_000121,record_000121.npz,ABSH12,2008/11/22 0:44,2008/11/22 0:45,5.2,train
train_000122,record_000122.npz,ABSH12,2009/1/11 14:57,2009/1/11 14:57,4.7,train
train_000123,record_000123.npz,ABSH12,2009/1/11 21:53,2009/1/11 21:53,4.5,train
train_000124,record_000124.npz,ABSH12,2009/3/20 15:52,2009/3/20 15:52,5,train
train_000125,record_000125.npz,ABSH12,2009/4/28 20:21,2009/4/28 20:21,5.4,train
train_000126,record_000126.npz,ABSH12,2009/5/10 16:52,2009/5/10 16:52,4.3,train
train_000127,record_000127.npz,ABSH12,2009/7/13 4:28,2009/7/13 4:28,4.4,train
train_000128,record_000128.npz,ABSH12,2009/7/28 4:16,2009/7/28 4:16,4.7,train
train_000129,record_000129.npz,ABSH12,2009/8/15 19:45,2009/8/15 19:46,4.6,train
train_000130,record_000130.npz,ABSH12,2009/9/10 18:29,2009/9/10 18:29,4.7,train
train_000131,record_000131.npz,ABSH13,2000/11/14 0:57,2000/11/14 0:57,5.9,train
train_000132,record_000132.npz,ABSH13,2000/11/14 12:53,2000/11/14 12:53,5.2,train
train_000133,record_000133.npz,ABSH13,2002/12/1 18:57,2002/12/1 18:57,5.4,train
train_000134,record_000134.npz,ABSH13,2003/9/11 4:32,2003/9/11 4:32,4.9,train
train_000135,record_000135.npz,ABSH13,2003/9/29 11:37,2003/9/29 11:37,6.5,train
train_000136,record_000136.npz,ABSH13,2003/10/8 18:07,2003/10/8 18:07,6.4,train
train_000137,record_000137.npz,ABSH13,2003/10/18 18:32,2003/10/18 18:32,4.5,train
train_000138,record_000138.npz,ABSH13,2003/12/22 17:47,2003/12/22 17:47,5.7,train
train_000139,record_000139.npz,ABSH13,2003/12/29 10:31,2003/12/29 10:31,6,train
train_000140,record_000140.npz,ABSH13,2004/11/29 3:32,2004/11/29 3:32,7.1,train
train_000141,record_000141.npz,ABSH13,2004/12/6 23:15,2004/12/6 23:15,6.9,train
train_000142,record_000142.npz,ABSH13,2005/1/18 23:09,2005/1/18 23:09,6.4,train
train_000143,record_000143.npz,ABSH13,2008/1/23 4:34,2008/1/23 4:35,4.9,train
train_000144,record_000144.npz,ABSH13,2008/3/3 17:06,2008/3/3 17:06,4.3,train
train_000145,record_000145.npz,ABSH13,2008/8/29 23:41,2008/8/29 23:41,4.1,train
train_000146,record_000146.npz,ABSH13,2008/9/2 17:17,2008/9/2 17:17,4.2,train
train_000147,record_000147.npz,ABSH13,2008/9/12 7:34,2008/9/12 7:35,5.2,train
train_000148,record_000148.npz,ABSH13,2008/10/16 20:49,2008/10/16 20:49,4.2,train
train_000149,record_000149.npz,ABSH13,2008/10/23 13:40,2008/10/23 13:41,4.2,train
train_000150,record_000150.npz,ABSH13,2008/10/31 4:18,2008/10/31 4:19,4.4,train
train_000151,record_000151.npz,ABSH13,2008/12/25 5:32,2008/12/25 5:32,5,train
train_000152,record_000152.npz,ABSH13,2009/1/11 14:57,2009/1/11 14:57,4.7,train
train_000153,record_000153.npz,ABSH13,2009/1/11 21:53,2009/1/11 21:53,4.5,train
train_000154,record_000154.npz,ABSH13,2009/1/31 4:07,2009/1/31 4:07,4.2,train
train_000155,record_000155.npz,ABSH13,2009/2/28 9:36,2009/2/28 9:36,5.3,train
train_000156,record_000156.npz,ABSH13,2009/3/20 15:52,2009/3/20 15:52,5,train
train_000157,record_000157.npz,ABSH13,2009/4/5 17:00,2009/4/5 17:00,4.8,train
train_000158,record_000158.npz,ABSH13,2009/4/28 20:21,2009/4/28 20:21,5.4,train
train_000159,record_000159.npz,ABSH14,2001/4/27 2:49,2001/4/27 2:49,5.9,train
train_000160,record_000160.npz,ABSH14,2004/5/21 23:27,2004/5/21 23:27,4.8,train
train_000161,record_000161.npz,ABSH14,2004/11/29 3:32,2004/11/29 3:32,7.1,train
train_000162,record_000162.npz,ABSH14,2004/12/6 23:15,2004/12/6 23:15,6.9,train
train_000163,record_000163.npz,ABSH14,2004/12/22 0:34,2004/12/22 0:34,5.7,train
train_000164,record_000164.npz,ABSH14,2005/1/18 23:09,2005/1/18 23:09,6.4,train
train_000165,record_000165.npz,ABSH14,2005/3/12 3:47,2005/3/12 3:47,5.1,train
train_000166,record_000166.npz,ABSH14,2007/12/10 16:23,2007/12/10 16:24,4.2,train
train_000167,record_000167.npz,ABSH14,2008/3/3 17:06,2008/3/3 17:06,4.3,train
train_000168,record_000168.npz,ABSH14,2008/5/11 3:24,2008/5/11 3:24,5.1,train
train_000169,record_000169.npz,ABSH14,2008/5/31 15:24,2008/5/31 15:24,4.5,train
train_000170,record_000170.npz,ABSH14,2008/8/29 23:41,2008/8/29 23:41,4.1,train
train_000171,record_000171.npz,ABSH14,2008/9/12 7:34,2008/9/12 7:35,5.2,train
train_000172,record_000172.npz,ABSH14,2008/11/22 0:44,2008/11/22 0:45,5.2,train
train_000173,record_000173.npz,ABSH14,2008/12/25 5:32,2008/12/25 5:32,5,train
train_000174,record_000174.npz,ABSH14,2009/1/11 14:57,2009/1/11 14:57,4.7,train
train_000175,record_000175.npz,ABSH14,2009/1/11 21:53,2009/1/11 21:53,4.5,train
train_000176,record_000176.npz,ABSH14,2009/3/20 15:52,2009/3/20 15:52,5,train
train_000177,record_000177.npz,ABSH14,2009/4/28 20:21,2009/4/28 20:21,5.4,train
train_000178,record_000178.npz,ABSH14,2009/5/10 16:52,2009/5/10 16:53,4.3,train
train_000179,record_000179.npz,ABSH14,2009/7/13 4:28,2009/7/13 4:28,4.4,train
train_000180,record_000180.npz,ABSH14,2009/7/28 4:16,2009/7/28 4:16,4.7,train
train_000181,record_000181.npz,ABSH14,2009/8/15 19:45,2009/8/15 19:46,4.6,train
train_000182,record_000182.npz,AICH04,2000/10/31 1:43,2000/10/31 1:43,5.5,train
train_000183,record_000183.npz,AICH04,2001/1/6 11:48,2001/1/6 11:48,4.6,train
train_000184,record_000184.npz,AICH04,2001/2/23 7:23,2001/2/23 7:23,4.9,train
train_000185,record_000185.npz,AICH04,2002/4/11 23:16,2002/4/11 23:16,4.2,train
train_000186,record_000186.npz,AICH04,2004/1/6 14:50,2004/1/6 14:51,5.4,train
train_000187,record_000187.npz,AICH04,2005/12/24 11:02,2005/12/24 11:02,4.8,train
train_000188,record_000188.npz,AICH04,2006/12/19 18:33,2006/12/19 18:33,4.4,train
train_000189,record_000189.npz,AICH04,2007/4/15 12:19,2007/4/15 12:19,5.4,train
train_000190,record_000190.npz,AICH04,2007/4/15 18:34,2007/4/15 18:34,4.6,train
train_000191,record_000191.npz,AICH04,2009/8/13 18:11,2009/8/13 18:11,4.5,train
train_000192,record_000192.npz,AICH04,2011/2/27 2:19,2011/2/27 2:19,5,train
train_000193,record_000193.npz,AICH04,1997/10/11 14:44,1997/10/11 14:44,4.9,train
train_000194,record_000194.npz,AICH04,1997/10/21 19:55,1997/10/21 19:55,4.3,train
train_000195,record_000195.npz,AICH04,1997/12/19 22:07,1997/12/19 22:08,4.4,train
train_000196,record_000196.npz,AICH04,1998/2/10 1:20,1998/2/10 1:21,4.2,train
train_000197,record_000197.npz,AICH04,1998/4/22 20:32,1998/4/22 20:32,5.4,train
train_000198,record_000198.npz,AICH04,1999/11/29 21:34,1999/11/29 21:34,4.7,train
train_000199,record_000199.npz,AICH06,2000/10/31 1:43,2000/10/31 1:43,5.5,train
train_000200,record_000200.npz,AICH06,2001/1/6 11:48,2001/1/6 11:48,4.6,train
train_000201,record_000201.npz,AICH06,2001/2/23 7:23,2001/2/23 7:23,4.9,train
train_000202,record_000202.npz,AICH06,2001/4/3 23:57,2001/4/3 23:57,5.1,train
train_000203,record_000203.npz,AICH06,2001/9/27 18:14,2001/9/27 18:15,4.3,train
train_000204,record_000204.npz,AICH06,2002/4/11 23:16,2002/4/11 23:16,4.2,train
train_000205,record_000205.npz,AICH06,2003/1/19 4:50,2003/1/19 4:50,5.3,train
train_000206,record_000206.npz,AICH06,2003/1/23 21:42,2003/1/23 21:43,4.5,train
train_000207,record_000207.npz,AICH06,2003/7/9 2:14,2003/7/9 2:14,4.3,train
train_000208,record_000208.npz,AICH06,2004/1/6 14:50,2004/1/6 14:51,5.4,train
train_000209,record_000209.npz,AICH06,2004/9/5 19:07,2004/9/5 19:07,6.9,train
train_000210,record_000210.npz,AICH06,2004/9/5 23:57,2004/9/5 23:57,7.4,train
train_000211,record_000211.npz,AICH06,2004/9/7 8:29,2004/9/7 8:30,6.4,train
train_000212,record_000212.npz,AICH06,2004/9/8 3:36,2004/9/8 3:36,5.5,train
train_000213,record_000213.npz,AICH06,2004/9/8 23:58,2004/9/8 23:58,6.5,train
train_000214,record_000214.npz,AICH06,2004/11/9 0:07,2004/11/9 0:08,5.7,train
train_000215,record_000215.npz,AICH06,2007/4/15 12:19,2007/4/15 12:19,5.4,train
train_000216,record_000216.npz,AICH06,2008/4/20 1:00,2008/4/20 1:00,4.3,train
train_000217,record_000217.npz,AICH06,2008/8/30 18:28,2008/8/30 18:29,4.2,train
train_000218,record_000218.npz,AICH06,2009/2/18 6:47,2009/2/18 6:47,5.2,train
train_000219,record_000219.npz,AICH06,2009/5/25 20:26,2009/5/25 20:26,4.7,train
train_000220,record_000220.npz,AICH06,2009/8/11 5:07,2009/8/11 5:07,6.5,train
train_000221,record_000221.npz,AICH06,2010/1/10 1:44,2010/1/10 1:44,4.3,train
train_000222,record_000222.npz,AICH06,2010/7/21 6:19,2010/7/21 6:19,5.1,train
train_000223,record_000223.npz,AICH06,2011/2/21 15:46,2011/2/21 15:46,4.8,train
train_000224,record_000224.npz,AICH06,2011/2/27 5:38,2011/2/27 5:38,5.5,train
train_000225,record_000225.npz,AICH06,2011/3/15 22:31,2011/3/15 22:32,6.4,train
train_000226,record_000226.npz,AICH07,2000/7/15 10:30,2000/7/15 10:31,6.3,train
train_000227,record_000227.npz,AICH07,2000/10/31 1:43,2000/10/31 1:43,5.5,train
train_000228,record_000228.npz,AICH07,2001/1/6 11:48,2001/1/6 11:48,4.6,train
train_000229,record_000229.npz,AICH07,2001/2/23 7:23,2001/2/23 7:23,4.9,train
train_000230,record_000230.npz,AICH07,2001/6/1 0:41,2001/6/1 0:41,4.8,train
train_000231,record_000231.npz,AICH07,2001/8/25 22:21,2001/8/25 22:21,5.1,train
train_000232,record_000232.npz,AICH07,2001/9/27 18:14,2001/9/27 18:14,4.3,train
train_000233,record_000233.npz,AICH07,2002/7/6 6:58,2002/7/6 6:58,4.1,train
train_000234,record_000234.npz,AICH07,2003/3/4 23:43,2003/3/4 23:43,4.1,train
train_000235,record_000235.npz,AICH07,2005/12/24 11:02,2005/12/24 11:02,4.8,train
train_000236,record_000236.npz,AICH07,2007/8/31 10:51,2007/8/31 10:51,4.3,train
train_000237,record_000237.npz,AICH07,2008/1/27 10:33,2008/1/27 10:33,4.1,train
train_000238,record_000238.npz,AICH07,2008/1/27 10:53,2008/1/27 10:53,4.2,train
train_000239,record_000239.npz,AICH07,2008/4/20 1:00,2008/4/20 1:00,4.3,train
train_000240,record_000240.npz,AICH07,2008/6/13 11:21,2008/6/13 11:21,4.7,train
train_000241,record_000241.npz,AICH07,2008/8/8 4:35,2008/8/8 4:35,4.2,train
train_000242,record_000242.npz,AICH07,2008/8/30 18:28,2008/8/30 18:28,4.2,train
train_000243,record_000243.npz,AICH07,2008/10/1 9:25,2008/10/1 9:25,4.4,train
train_000244,record_000244.npz,AICH07,2009/2/18 6:47,2009/2/18 6:47,5.2,train
train_000245,record_000245.npz,AICH07,2009/5/25 20:26,2009/5/25 20:26,4.7,train
train_000246,record_000246.npz,AICH07,2009/8/11 5:07,2009/8/11 5:07,6.5,train
train_000247,record_000247.npz,AICH07,2009/8/11 6:27,2009/8/11 6:27,4.4,train
train_000248,record_000248.npz,AICH07,2009/8/13 12:42,2009/8/13 12:43,4.3,train
train_000249,record_000249.npz,AICH07,2009/8/13 18:11,2009/8/13 18:11,4.5,train
train_000250,record_000250.npz,AICH07,2009/12/17 23:45,2009/12/17 23:46,5,train
train_000251,record_000251.npz,AICH07,2010/1/10 1:44,2010/1/10 1:45,4.3,train
train_000252,record_000252.npz,AICH07,2011/2/27 2:19,2011/2/27 2:19,5,train
train_000253,record_000253.npz,AICH07,2011/2/27 5:38,2011/2/27 5:38,5.5,train
train_000254,record_000254.npz,AICH07,2011/3/11 15:08,2011/3/11 15:08,4.6,train
train_000255,record_000255.npz,AICH07,2011/3/15 22:31,2011/3/15 22:32,6.4,train
train_000256,record_000256.npz,AICH08,2000/7/1 16:02,2000/7/1 16:02,6.4,train
train_000257,record_000257.npz,AICH08,2001/1/6 11:48,2001/1/6 11:48,4.6,train
train_000258,record_000258.npz,AICH08,2001/2/23 7:23,2001/2/23 7:23,4.9,train
train_000259,record_000259.npz,AICH08,2001/4/3 23:57,2001/4/3 23:57,5.1,train
train_000260,record_000260.npz,AICH08,2002/4/11 23:16,2002/4/11 23:16,4.2,train
train_000261,record_000261.npz,AICH08,2002/8/11 7:56,2002/8/11 7:56,4.3,train
train_000262,record_000262.npz,AICH08,2003/7/9 2:14,2003/7/9 2:14,4.3,train
train_000263,record_000263.npz,AICH08,2003/10/28 13:31,2003/10/28 13:31,4.1,train
train_000264,record_000264.npz,AICH08,2003/12/23 14:34,2003/12/23 14:35,4.4,train
train_000265,record_000265.npz,AICH08,2004/1/6 14:50,2004/1/6 14:51,5.4,train
train_000266,record_000266.npz,AICH08,2004/10/5 8:33,2004/10/5 8:34,4.8,train
train_000267,record_000267.npz,AICH08,2005/1/9 18:59,2005/1/9 18:59,4.7,train
train_000268,record_000268.npz,AICH08,1998/4/22 20:32,1998/4/22 20:33,5.4,train
train_000269,record_000269.npz,AICH08,1999/3/16 16:43,1999/3/16 16:43,4.9,train
train_000270,record_000270.npz,AICH08,1999/11/7 3:34,1999/11/7 3:34,4.8,train
train_000271,record_000271.npz,AICH08,1999/11/29 21:34,1999/11/29 21:34,4.7,train
train_000272,record_000272.npz,AICH09,2000/7/1 16:02,2000/7/1 16:02,6.4,train
train_000273,record_000273.npz,AICH09,2000/7/5 11:21,2000/7/5 11:22,5.1,train
train_000274,record_000274.npz,AICH09,2000/7/7 3:59,2000/7/7 4:00,4.9,train
train_000275,record_000275.npz,AICH09,2001/4/3 23:57,2001/4/3 23:57,5.1,train
train_000276,record_000276.npz,AICH09,2001/5/31 1:52,2001/5/31 1:52,4.1,train
train_000277,record_000277.npz,AICH09,2001/6/1 0:41,2001/6/1 0:42,4.8,train
train_000278,record_000278.npz,AICH09,2001/6/3 11:33,2001/6/3 11:33,4.2,train
train_000279,record_000279.npz,AICH09,2001/9/22 18:11,2001/9/22 18:11,4.2,train
train_000280,record_000280.npz,AICH09,2001/9/27 18:14,2001/9/27 18:14,4.3,train
train_000281,record_000281.npz,AICH09,2002/4/11 23:16,2002/4/11 23:16,4.2,train
train_000282,record_000282.npz,AICH09,2002/5/12 18:52,2002/5/12 18:53,4.1,train
train_000283,record_000283.npz,AICH09,2002/8/11 7:56,2002/8/11 7:56,4.3,train
train_000284,record_000284.npz,AICH09,2002/9/22 9:36,2002/9/22 9:36,4.2,train
train_000285,record_000285.npz,AICH09,2003/1/19 4:50,2003/1/19 4:50,5.3,train
train_000286,record_000286.npz,AICH09,2003/1/23 21:42,2003/1/23 21:43,4.5,train
train_000287,record_000287.npz,AICH09,2003/2/7 13:06,2003/2/7 13:07,4.2,train
train_000288,record_000288.npz,AICH09,2004/9/5 19:07,2004/9/5 19:07,6.9,train
train_000289,record_000289.npz,AICH09,2004/9/5 23:57,2004/9/5 23:57,7.4,train
train_000290,record_000290.npz,AICH09,2005/12/24 11:02,2005/12/24 11:02,4.8,train
train_000291,record_000291.npz,AICH09,2008/1/27 10:33,2008/1/27 10:33,4.1,train
train_000292,record_000292.npz,AICH09,2008/1/27 10:53,2008/1/27 10:53,4.2,train
train_000293,record_000293.npz,AICH09,2008/4/20 1:00,2008/4/20 1:00,4.3,train
train_000294,record_000294.npz,AICH09,2008/6/13 11:21,2008/6/13 11:22,4.7,train
train_000295,record_000295.npz,AICH09,2009/2/18 6:47,2009/2/18 6:47,5.2,train
train_000296,record_000296.npz,AICH09,2009/5/25 20:26,2009/5/25 20:26,4.7,train
train_000297,record_000297.npz,AICH09,2009/8/11 5:07,2009/8/11 5:07,6.5,train
train_000298,record_000298.npz,AICH10,2001/2/23 7:23,2001/2/23 7:23,4.9,train
train_000299,record_000299.npz,AICH10,2001/4/3 23:57,2001/4/3 23:57,5.1,train
train_000300,record_000300.npz,AICH10,2001/6/1 0:41,2001/6/1 0:41,4.8,train
train_000301,record_000301.npz,AICH10,2001/9/27 18:14,2001/9/27 18:14,4.3,train
train_000302,record_000302.npz,AICH10,2002/4/11 23:16,2002/4/11 23:16,4.2,train
train_000303,record_000303.npz,AICH10,2003/1/19 4:50,2003/1/19 4:50,5.3,train
train_000304,record_000304.npz,AICH10,2003/2/7 13:06,2003/2/7 13:07,4.2,train
train_000305,record_000305.npz,AICH10,2003/3/4 23:43,2003/3/4 23:43,4.1,train
train_000306,record_000306.npz,AICH10,2003/5/18 3:23,2003/5/18 3:23,4.5,train
train_000307,record_000307.npz,AICH10,2004/1/6 14:50,2004/1/6 14:51,5.4,train
train_000308,record_000308.npz,AICH10,2007/12/21 14:23,2007/12/21 14:23,4.5,train
train_000309,record_000309.npz,AICH10,2007/12/21 16:01,2007/12/21 16:01,4.2,train
train_000310,record_000310.npz,AICH10,2008/4/20 1:00,2008/4/20 1:00,4.3,train
train_000311,record_000311.npz,AICH10,2009/5/25 20:26,2009/5/25 20:26,4.7,train
train_000312,record_000312.npz,AICH10,2009/8/11 5:07,2009/8/11 5:07,6.5,train
train_000313,record_000313.npz,AICH10,2010/1/10 1:44,2010/1/10 1:44,4.3,train
train_000314,record_000314.npz,AICH10,2011/3/15 22:31,2011/3/15 22:32,6.4,train
train_000315,record_000315.npz,AICH12,2000/9/11 7:49,2000/9/11 7:50,5.3,train
train_000316,record_000316.npz,AICH12,2000/10/31 1:43,2000/10/31 1:43,5.5,train
train_000317,record_000317.npz,AICH12,2001/1/6 11:48,2001/1/6 11:48,4.6,train
train_000318,record_000318.npz,AICH12,2001/2/23 7:23,2001/2/23 7:23,4.9,train
train_000319,record_000319.npz,AICH12,2001/4/3 23:57,2001/4/3 23:57,5.1,train
train_000320,record_000320.npz,AICH12,2001/8/25 22:21,2001/8/25 22:22,5.1,train
train_000321,record_000321.npz,AICH12,2001/9/22 18:11,2001/9/22 18:11,4.2,train
train_000322,record_000322.npz,AICH12,2002/4/11 23:16,2002/4/11 23:16,4.2,train
train_000323,record_000323.npz,AICH12,2002/4/28 10:34,2002/4/28 10:34,4.3,train
train_000324,record_000324.npz,AICH12,2002/5/12 18:52,2002/5/12 18:53,4.1,train
train_000325,record_000325.npz,AICH12,2002/7/6 6:58,2002/7/6 6:59,4.1,train
train_000326,record_000326.npz,AICH12,2002/8/11 7:56,2002/8/11 7:56,4.3,train
train_000327,record_000327.npz,AICH12,2002/8/18 9:01,2002/8/18 9:01,4.5,train
train_000328,record_000328.npz,AICH12,2002/9/22 9:36,2002/9/22 9:36,4.2,train
train_000329,record_000329.npz,AICH12,2003/1/19 4:50,2003/1/19 4:50,5.3,train
train_000330,record_000330.npz,AICH12,2003/1/23 21:42,2003/1/23 21:43,4.5,train
train_000331,record_000331.npz,AICH12,2003/2/7 13:06,2003/2/7 13:06,4.2,train
train_000332,record_000332.npz,AICH12,2003/7/9 2:14,2003/7/9 2:14,4.3,train
train_000333,record_000333.npz,AICH12,2004/1/6 14:50,2004/1/6 14:51,5.4,train
train_000334,record_000334.npz,AICH12,2004/9/5 23:57,2004/9/5 23:57,7.4,train
train_000335,record_000335.npz,AICH12,2004/9/6 5:30,2004/9/6 5:31,5.9,train
train_000336,record_000336.npz,AICH12,2004/9/7 8:29,2004/9/7 8:30,6.4,train
train_000337,record_000337.npz,AICH12,2004/10/5 8:33,2004/10/5 8:34,4.8,train
train_000338,record_000338.npz,AICH12,2007/4/15 12:19,2007/4/15 12:19,5.4,train
train_000339,record_000339.npz,AICH12,2007/4/15 18:34,2007/4/15 18:34,4.6,train
train_000340,record_000340.npz,AICH12,2008/4/20 1:00,2008/4/20 1:00,4.3,train
train_000341,record_000341.npz,AICH12,2008/10/1 9:25,2008/10/1 9:25,4.4,train
train_000342,record_000342.npz,AICH12,2009/2/18 6:47,2009/2/18 6:47,5.2,train
train_000343,record_000343.npz,AICH14,2003/5/18 3:23,2003/5/18 3:23,4.5,train
train_000344,record_000344.npz,AICH14,2003/7/9 2:14,2003/7/9 2:14,4.3,train
train_000345,record_000345.npz,AICH14,2004/7/27 0:55,2004/7/27 0:55,4.5,train
train_000346,record_000346.npz,AICH14,2005/6/20 14:04,2005/6/20 14:04,4.6,train
train_000347,record_000347.npz,AICH14,2005/12/24 11:02,2005/12/24 11:02,4.8,train
train_000348,record_000348.npz,AICH14,2010/7/21 6:19,2010/7/21 6:19,5.1,train
train_000349,record_000349.npz,AICH14,2011/2/27 2:19,2011/2/27 2:19,5,train
train_000350,record_000350.npz,AICH14,2011/2/27 5:38,2011/2/27 5:38,5.5,train
train_000351,record_000351.npz,AICH14,2011/3/11 15:08,2011/3/11 15:09,4.6,train
train_000352,record_000352.npz,AICH14,2011/3/15 22:31,2011/3/15 22:32,6.4,train
train_000353,record_000353.npz,AICH15,2005/12/24 11:02,2005/12/24 11:02,4.8,train
train_000354,record_000354.npz,AICH15,2008/4/20 1:00,2008/4/20 1:00,4.3,train
train_000355,record_000355.npz,AICH15,2008/6/13 11:21,2008/6/13 11:21,4.7,train
train_000356,record_000356.npz,AICH15,2008/8/8 4:35,2008/8/8 4:35,4.2,train
train_000357,record_000357.npz,AICH15,2008/8/30 18:28,2008/8/30 18:28,4.2,train
train_000358,record_000358.npz,AICH15,2008/10/1 9:25,2008/10/1 9:25,4.4,train
train_000359,record_000359.npz,AICH15,2009/2/18 6:47,2009/2/18 6:47,5.2,train
train_000360,record_000360.npz,AICH15,2009/5/25 20:26,2009/5/25 20:26,4.7,train
train_000361,record_000361.npz,AICH15,2009/8/11 5:07,2009/8/11 5:07,6.5,train
train_000362,record_000362.npz,AICH15,2009/8/11 6:27,2009/8/11 6:27,4.4,train
train_000363,record_000363.npz,AICH15,2009/8/13 12:42,2009/8/13 12:43,4.3,train
train_000364,record_000364.npz,AICH15,2009/8/13 18:11,2009/8/13 18:11,4.5,train
train_000365,record_000365.npz,AICH15,2009/12/17 23:45,2009/12/17 23:46,5,train
train_000366,record_000366.npz,AICH15,2009/12/18 8:45,2009/12/18 8:46,5.1,train
train_000367,record_000367.npz,AICH15,2010/1/10 1:44,2010/1/10 1:44,4.3,train
train_000368,record_000368.npz,AICH15,2010/7/21 6:19,2010/7/21 6:19,5.1,train
train_000369,record_000369.npz,AICH15,2011/2/27 2:19,2011/2/27 2:19,5,train
train_000370,record_000370.npz,AICH15,2011/2/27 5:38,2011/2/27 5:38,5.5,train
train_000371,record_000371.npz,AICH15,2011/3/15 22:31,2011/3/15 22:32,6.4,train
train_000372,record_000372.npz,AICH16,2004/10/5 8:33,2004/10/5 8:34,4.8,train
train_000373,record_000373.npz,AICH16,2006/12/19 18:33,2006/12/19 18:33,4.4,train
train_000374,record_000374.npz,AICH16,2007/4/15 12:19,2007/4/15 12:19,5.4,train
train_000375,record_000375.npz,AICH16,2007/4/28 9:27,2007/4/28 9:27,4.6,train
train_000376,record_000376.npz,AICH16,2007/6/1 11:42,2007/6/1 11:42,4.3,train
train_000377,record_000377.npz,AICH16,2007/8/31 10:51,2007/8/31 10:51,4.3,train
train_000378,record_000378.npz,AICH16,2007/8/31 23:36,2007/8/31 23:37,4.4,train
train_000379,record_000379.npz,AICH16,2007/10/1 2:21,2007/10/1 2:21,4.9,train
train_000380,record_000380.npz,AICH16,2008/1/27 10:33,2008/1/27 10:33,4.1,train
train_000381,record_000381.npz,AICH16,2008/1/27 10:53,2008/1/27 10:53,4.2,train
train_000382,record_000382.npz,AICH16,2008/4/20 1:00,2008/4/20 1:00,4.3,train
train_000383,record_000383.npz,AICH16,2008/6/13 11:21,2008/6/13 11:21,4.7,train
train_000384,record_000384.npz,AICH16,2008/8/30 18:28,2008/8/30 18:29,4.2,train
train_000385,record_000385.npz,AICH16,2008/10/1 9:25,2008/10/1 9:25,4.4,train
train_000386,record_000386.npz,AICH16,2009/2/18 6:47,2009/2/18 6:47,5.2,train
train_000387,record_000387.npz,AICH16,2009/5/25 20:26,2009/5/25 20:26,4.7,train
train_000388,record_000388.npz,AICH16,2009/8/11 5:07,2009/8/11 5:07,6.5,train
train_000389,record_000389.npz,AICH16,2009/8/11 6:27,2009/8/11 6:27,4.4,train
train_000390,record_000390.npz,AICH16,2009/8/13 12:42,2009/8/13 12:43,4.3,train
train_000391,record_000391.npz,AICH16,2009/8/13 18:11,2009/8/13 18:11,4.5,train
train_000392,record_000392.npz,AICH16,2010/1/10 1:44,2010/1/10 1:44,4.3,train
train_000393,record_000393.npz,AICH16,2011/2/27 5:38,2011/2/27 5:38,5.5,train
train_000394,record_000394.npz,AICH16,2011/3/15 22:31,2011/3/15 22:32,6.4,train
train_000395,record_000395.npz,AICH17,2003/3/4 23:43,2003/3/4 23:43,4.1,train
train_000396,record_000396.npz,AICH17,2005/6/20 14:04,2005/6/20 14:04,4.6,train
train_000397,record_000397.npz,AICH17,2005/12/24 11:02,2005/12/24 11:02,4.8,train
train_000398,record_000398.npz,AICH17,2007/6/1 11:42,2007/6/1 11:42,4.3,train
train_000399,record_000399.npz,AICH17,2007/8/31 10:51,2007/8/31 10:51,4.3,train
train_000400,record_000400.npz,AICH17,2008/1/27 10:33,2008/1/27 10:33,4.1,train
train_000401,record_000401.npz,AICH17,2008/1/27 10:53,2008/1/27 10:53,4.2,train
train_000402,record_000402.npz,AICH17,2008/4/20 1:00,2008/4/20 1:00,4.3,train
train_000403,record_000403.npz,AICH17,2008/6/13 11:21,2008/6/13 11:21,4.7,train
train_000404,record_000404.npz,AICH17,2008/8/30 18:28,2008/8/30 18:29,4.2,train
train_000405,record_000405.npz,AICH17,2008/10/1 9:25,2008/10/1 9:25,4.4,train
train_000406,record_000406.npz,AICH17,2009/2/18 6:47,2009/2/18 6:47,5.2,train
train_000407,record_000407.npz,AICH17,2009/5/25 20:26,2009/5/25 20:26,4.7,train
train_000408,record_000408.npz,AICH17,2009/8/11 5:07,2009/8/11 5:07,6.5,train
train_000409,record_000409.npz,AICH17,2009/8/11 6:27,2009/8/11 6:27,4.4,train
train_000410,record_000410.npz,AICH17,2009/8/11 18:09,2009/8/11 18:09,4.4,train
train_000411,record_000411.npz,AICH17,2009/8/13 12:42,2009/8/13 12:43,4.3,train
train_000412,record_000412.npz,AICH17,2009/8/13 18:11,2009/8/13 18:11,4.5,train
train_000413,record_000413.npz,AICH17,2009/12/17 23:45,2009/12/17 23:46,5,train
train_000414,record_000414.npz,AICH17,2010/1/10 1:44,2010/1/10 1:44,4.3,train
train_000415,record_000415.npz,AICH17,2011/2/27 2:19,2011/2/27 2:19,5,train
train_000416,record_000416.npz,AICH17,2011/2/27 5:38,2011/2/27 5:38,5.5,train
train_000417,record_000417.npz,AICH17,2011/3/11 15:08,2011/3/11 15:08,4.6,train
train_000418,record_000418.npz,AICH17,2011/3/15 22:31,2011/3/15 22:32,6.4,train
train_000419,record_000419.npz,AICH18,2003/2/7 13:06,2003/2/7 13:06,4.2,train
train_000420,record_000420.npz,AICH18,2003/7/9 2:14,2003/7/9 2:14,4.3,train
train_000421,record_000421.npz,AICH18,2005/12/24 11:02,2005/12/24 11:02,4.8,train
train_000422,record_000422.npz,AICH18,2006/12/19 18:33,2006/12/19 18:33,4.4,train
train_000423,record_000423.npz,AICH18,2008/1/27 10:33,2008/1/27 10:33,4.1,train
train_000424,record_000424.npz,AICH18,2008/4/20 1:00,2008/4/20 1:00,4.3,train
train_000425,record_000425.npz,AICH18,2009/2/18 6:47,2009/2/18 6:47,5.2,train
train_000426,record_000426.npz,AICH18,2009/8/11 5:07,2009/8/11 5:07,6.5,train
train_000427,record_000427.npz,AICH18,2010/1/10 1:44,2010/1/10 1:44,4.3,train
train_000428,record_000428.npz,AICH18,2010/7/21 6:19,2010/7/21 6:19,5.1,train
train_000429,record_000429.npz,AICH18,2011/2/27 2:19,2011/2/27 2:19,5,train
train_000430,record_000430.npz,AICH18,2011/2/27 5:38,2011/2/27 5:38,5.5,train
train_000431,record_000431.npz,AICH18,2011/3/15 22:31,2011/3/15 22:32,6.4,train
train_000432,record_000432.npz,AICH19,2003/7/9 2:14,2003/7/9 2:14,4.3,train
train_000433,record_000433.npz,AICH19,2008/1/27 10:33,2008/1/27 10:33,4.1,train
train_000434,record_000434.npz,AICH19,2008/1/27 10:53,2008/1/27 10:53,4.2,train
train_000435,record_000435.npz,AICH19,2008/4/20 1:00,2008/4/20 1:00,4.3,train
train_000436,record_000436.npz,AICH19,2008/6/13 11:21,2008/6/13 11:22,4.7,train
train_000437,record_000437.npz,AICH19,2008/10/1 9:25,2008/10/1 9:25,4.4,train
train_000438,record_000438.npz,AICH19,2009/2/18 6:47,2009/2/18 6:47,5.2,train
train_000439,record_000439.npz,AICH19,2009/5/25 20:26,2009/5/25 20:26,4.7,train
train_000440,record_000440.npz,AICH19,2009/8/11 5:07,2009/8/11 5:07,6.5,train
train_000441,record_000441.npz,AICH19,2009/8/11 6:27,2009/8/11 6:27,4.4,train
train_000442,record_000442.npz,AICH19,2009/8/13 12:42,2009/8/13 12:43,4.3,train
train_000443,record_000443.npz,AICH19,2009/8/13 18:11,2009/8/13 18:11,4.5,train
train_000444,record_000444.npz,AICH19,2009/12/17 23:45,2009/12/17 23:46,5,train
train_000445,record_000445.npz,AICH19,2009/12/18 8:45,2009/12/18 8:46,5.1,train
train_000446,record_000446.npz,AICH19,2009/12/19 0:53,2009/12/19 0:53,4.5,train
train_000447,record_000447.npz,AICH19,2010/1/10 1:44,2010/1/10 1:44,4.3,train
train_000448,record_000448.npz,AICH19,2010/7/21 6:19,2010/7/21 6:19,5.1,train
train_000449,record_000449.npz,AICH19,2011/2/27 2:19,2011/2/27 2:19,5,train
train_000450,record_000450.npz,AICH19,2011/2/27 5:38,2011/2/27 5:38,5.5,train
train_000451,record_000451.npz,AICH19,2011/3/15 22:31,2011/3/15 22:32,6.4,train
train_000452,record_000452.npz,AICH20,2004/1/6 14:50,2004/1/6 14:51,5.4,train
train_000453,record_000453.npz,AICH20,2005/1/9 18:59,2005/1/9 18:59,4.7,train
train_000454,record_000454.npz,AICH20,2008/4/20 1:00,2008/4/20 1:00,4.3,train
train_000455,record_000455.npz,AICH20,2008/6/13 11:21,2008/6/13 11:22,4.7,train
train_000456,record_000456.npz,AICH20,2008/8/30 18:28,2008/8/30 18:29,4.2,train
train_000457,record_000457.npz,AICH20,2009/8/11 5:07,2009/8/11 5:07,6.5,train
train_000458,record_000458.npz,AICH20,2011/2/27 2:19,2011/2/27 2:19,5,train
train_000459,record_000459.npz,AICH20,2011/2/27 5:38,2011/2/27 5:38,5.5,train
train_000460,record_000460.npz,AICH20,2011/3/11 15:08,2011/3/11 15:08,4.6,train
train_000461,record_000461.npz,AICH20,2011/3/15 22:31,2011/3/15 22:32,6.4,train
train_000462,record_000462.npz,AICH21,2003/3/4 23:43,2003/3/4 23:43,4.1,train
train_000463,record_000463.npz,AICH21,2003/3/13 21:04,2003/3/13 21:05,4.1,train
train_000464,record_000464.npz,AICH21,2003/10/28 13:31,2003/10/28 13:31,4.1,train
train_000465,record_000465.npz,AICH21,2004/1/6 14:50,2004/1/6 14:51,5.4,train
train_000466,record_000466.npz,AICH21,2004/9/5 19:07,2004/9/5 19:07,6.9,train
train_000467,record_000467.npz,AICH21,2004/9/5 23:57,2004/9/5 23:57,7.4,train
train_000468,record_000468.npz,AICH21,2004/9/7 8:29,2004/9/7 8:30,6.4,train
train_000469,record_000469.npz,AICH21,2004/9/8 3:36,2004/9/8 3:36,5.5,train
train_000470,record_000470.npz,AICH21,2005/12/24 11:02,2005/12/24 11:02,4.8,train
train_000471,record_000471.npz,AICH21,2007/4/15 12:19,2007/4/15 12:19,5.4,train
train_000472,record_000472.npz,AICH21,2007/4/15 18:34,2007/4/15 18:34,4.6,train
train_000473,record_000473.npz,AICH21,2007/12/21 14:23,2007/12/21 14:23,4.5,train
train_000474,record_000474.npz,AICH21,2007/12/21 16:01,2007/12/21 16:01,4.2,train
train_000475,record_000475.npz,AICH21,2008/1/27 10:33,2008/1/27 10:33,4.1,train
train_000476,record_000476.npz,AICH21,2008/4/20 1:00,2008/4/20 1:00,4.3,train
train_000477,record_000477.npz,AICH21,2008/8/8 4:35,2008/8/8 4:35,4.2,train
train_000478,record_000478.npz,AICH21,2008/8/30 18:28,2008/8/30 18:29,4.2,train
train_000479,record_000479.npz,AICH21,2008/10/1 9:25,2008/10/1 9:25,4.4,train
train_000480,record_000480.npz,AICH21,2009/2/18 6:47,2009/2/18 6:47,5.2,train
train_000481,record_000481.npz,AICH21,2009/5/25 20:26,2009/5/25 20:26,4.7,train
train_000482,record_000482.npz,AICH21,2009/8/11 5:07,2009/8/11 5:07,6.5,train
train_000483,record_000483.npz,AICH21,2009/8/11 6:27,2009/8/11 6:27,4.4,train
train_000484,record_000484.npz,AICH21,2009/8/13 18:11,2009/8/13 18:11,4.5,train
train_000485,record_000485.npz,AICH21,2010/1/10 1:44,2010/1/10 1:44,4.3,train
train_000486,record_000486.npz,AICH21,2010/7/21 6:19,2010/7/21 6:19,5.1,train
train_000487,record_000487.npz,AICH21,2010/11/29 15:52,2010/11/29 15:53,4.1,train
train_000488,record_000488.npz,AICH21,2011/2/21 15:46,2011/2/21 15:46,4.8,train
train_000489,record_000489.npz,AICH21,2011/2/27 2:19,2011/2/27 2:19,5,train
train_000490,record_000490.npz,AICH21,2011/2/27 5:38,2011/2/27 5:38,5.5,train
train_000491,record_000491.npz,AICH22,2003/7/9 2:14,2003/7/9 2:14,4.3,train
train_000492,record_000492.npz,AICH22,2004/9/5 23:57,2004/9/5 23:57,7.4,train
train_000493,record_000493.npz,AICH22,2008/4/20 1:00,2008/4/20 1:00,4.3,train
train_000494,record_000494.npz,AICH22,2008/6/13 11:21,2008/6/13 11:22,4.7,train
train_000495,record_000495.npz,AICH22,2009/2/18 6:47,2009/2/18 6:47,5.2,train
train_000496,record_000496.npz,AICH22,2009/5/25 20:26,2009/5/25 20:26,4.7,train
train_000497,record_000497.npz,AICH22,2009/8/11 5:07,2009/8/11 5:07,6.5,train
train_000498,record_000498.npz,AICH22,2009/8/11 6:27,2009/8/11 6:27,4.4,train
train_000499,record_000499.npz,AICH22,2009/8/13 18:11,2009/8/13 18:11,4.5,train
train_000500,record_000500.npz,AICH22,2009/12/17 23:45,2009/12/17 23:46,5,train
train_000501,record_000501.npz,AICH22,2009/12/18 8:45,2009/12/18 8:46,5.1,train
train_000502,record_000502.npz,AICH22,2010/1/10 1:44,2010/1/10 1:44,4.3,train
train_000503,record_000503.npz,AICH22,2010/7/21 6:19,2010/7/21 6:20,5.1,train
train_000504,record_000504.npz,AICH22,2011/2/27 5:38,2011/2/27 5:38,5.5,train
train_000505,record_000505.npz,AICH22,2011/3/11 15:08,2011/3/11 15:09,4.6,train
train_000506,record_000506.npz,AICH22,2011/3/15 22:31,2011/3/15 22:32,6.4,train
train_000507,record_000507.npz,AKTH01,2001/12/2 22:02,2001/12/2 22:02,6.4,train
train_000508,record_000508.npz,AKTH01,2002/1/27 16:09,2002/1/27 16:09,5.3,train
train_000509,record_000509.npz,AKTH01,2002/5/12 10:29,2002/5/12 10:29,5.1,train
train_000510,record_000510.npz,AKTH01,2002/10/25 5:00,2002/10/25 5:00,4.5,train
train_000511,record_000511.npz,AKTH01,2002/11/3 12:37,2002/11/3 12:38,6.1,train
train_000512,record_000512.npz,AKTH01,2003/5/26 18:24,2003/5/26 18:24,7,train
train_000513,record_000513.npz,AKTH01,2003/7/26 7:13,2003/7/26 7:14,6.2,train
train_000514,record_000514.npz,AKTH01,2007/11/7 20:05,2007/11/7 20:06,4.6,train
train_000515,record_000515.npz,AKTH01,2007/11/19 15:00,2007/11/19 15:00,4.2,train
train_000516,record_000516.npz,AKTH01,2008/1/11 8:00,2008/1/11 8:00,4.7,train
train_000517,record_000517.npz,AKTH01,2008/3/29 8:03,2008/3/29 8:03,4.6,train
train_000518,record_000518.npz,AKTH01,2008/4/17 4:19,2008/4/17 4:20,5.8,train
train_000519,record_000519.npz,AKTH01,2008/5/29 1:42,2008/5/29 1:42,4.8,train
train_000520,record_000520.npz,AKTH01,2008/5/31 23:28,2008/5/31 23:29,5,train
train_000521,record_000521.npz,AKTH01,2008/6/4 22:12,2008/6/4 22:13,4.4,train
train_000522,record_000522.npz,AKTH01,2008/6/14 8:43,2008/6/14 8:43,7.2,train
train_000523,record_000523.npz,AKTH01,2008/6/14 8:49,2008/6/14 8:48,4.5,train
train_000524,record_000524.npz,AKTH01,2008/6/14 8:53,2008/6/14 8:53,4.1,train
train_000525,record_000525.npz,AKTH01,2008/6/14 9:00,2008/6/14 9:00,4.2,train
train_000526,record_000526.npz,AKTH01,2008/6/14 9:07,2008/6/14 9:06,4.8,train
train_000527,record_000527.npz,AKTH01,2008/6/14 9:18,2008/6/14 9:18,4.3,train
train_000528,record_000528.npz,AKTH01,2008/6/14 9:20,2008/6/14 9:20,5.7,train
train_000529,record_000529.npz,AKTH01,2008/6/14 9:52,2008/6/14 9:52,4.6,train
train_000530,record_000530.npz,AKTH01,2008/6/14 10:00,2008/6/14 10:00,4.5,train
train_000531,record_000531.npz,AKTH01,2008/6/14 10:40,2008/6/14 10:40,4.8,train
train_000532,record_000532.npz,AKTH01,2008/6/14 10:56,2008/6/14 10:56,4.3,train
train_000533,record_000533.npz,AKTH01,2008/6/14 11:35,2008/6/14 11:35,4.3,train
train_000534,record_000534.npz,AKTH01,2008/6/14 12:10,2008/6/14 12:10,4.7,train
train_000535,record_000535.npz,AKTH01,2008/6/14 12:14,2008/6/14 12:14,4.4,train
train_000536,record_000536.npz,AKTH02,2001/11/13 16:45,2001/11/13 16:45,4.7,train
train_000537,record_000537.npz,AKTH02,2001/12/2 22:02,2001/12/2 22:02,6.4,train
train_000538,record_000538.npz,AKTH02,2002/5/6 17:12,2002/5/6 17:12,5,train
train_000539,record_000539.npz,AKTH02,2002/5/12 10:29,2002/5/12 10:29,5.1,train
train_000540,record_000540.npz,AKTH02,2002/6/21 23:15,2002/6/21 23:15,4.8,train
train_000541,record_000541.npz,AKTH02,2002/7/30 1:19,2002/7/30 1:19,4.1,train
train_000542,record_000542.npz,AKTH02,2002/10/25 5:00,2002/10/25 5:00,4.5,train
train_000543,record_000543.npz,AKTH02,2002/11/3 12:37,2002/11/3 12:38,6.1,train
train_000544,record_000544.npz,AKTH02,2002/12/5 0:50,2002/12/5 0:51,5.2,train
train_000545,record_000545.npz,AKTH02,2003/1/5 18:51,2003/1/5 18:51,4.4,train
train_000546,record_000546.npz,AKTH02,2003/1/27 16:16,2003/1/27 16:17,4.7,train
train_000547,record_000547.npz,AKTH02,2003/5/26 18:24,2003/5/26 18:24,7,train
train_000548,record_000548.npz,AKTH02,2003/7/26 7:13,2003/7/26 7:13,6.2,train
train_000549,record_000549.npz,AKTH02,2007/11/7 20:05,2007/11/7 20:06,4.6,train
train_000550,record_000550.npz,AKTH02,2007/11/19 15:00,2007/11/19 15:00,4.2,train
train_000551,record_000551.npz,AKTH02,2007/12/25 23:04,2007/12/25 23:05,5.6,train
train_000552,record_000552.npz,AKTH02,2008/1/11 8:00,2008/1/11 8:00,4.7,train
train_000553,record_000553.npz,AKTH02,2008/3/23 15:54,2008/3/23 15:55,4.4,train
train_000554,record_000554.npz,AKTH02,2008/3/29 8:03,2008/3/29 8:03,4.6,train
train_000555,record_000555.npz,AKTH02,2008/4/11 5:33,2008/4/11 5:33,4.4,train
train_000556,record_000556.npz,AKTH02,2008/4/17 4:19,2008/4/17 4:20,5.8,train
train_000557,record_000557.npz,AKTH02,2008/5/29 1:42,2008/5/29 1:42,4.8,train
train_000558,record_000558.npz,AKTH02,2008/6/4 22:12,2008/6/4 22:13,4.4,train
train_000559,record_000559.npz,AKTH02,2008/6/14 8:43,2008/6/14 8:43,7.2,train
train_000560,record_000560.npz,AKTH02,2008/6/14 8:49,2008/6/14 8:48,4.5,train
train_000561,record_000561.npz,AKTH02,2008/6/14 8:53,2008/6/14 8:53,4.1,train
train_000562,record_000562.npz,AKTH04,2001/12/2 22:02,2001/12/2 22:02,6.4,train
train_000563,record_000563.npz,AKTH04,2002/1/27 16:09,2002/1/27 16:09,5.3,train
train_000564,record_000564.npz,AKTH04,2002/5/12 10:29,2002/5/12 10:29,5.1,train
train_000565,record_000565.npz,AKTH04,2002/11/3 12:37,2002/11/3 12:38,6.1,train
train_000566,record_000566.npz,AKTH04,2005/8/16 11:46,2005/8/16 11:46,7.2,train
train_000567,record_000567.npz,AKTH04,2005/12/17 3:32,2005/12/17 3:32,6.1,train
train_000568,record_000568.npz,AKTH04,2007/11/7 20:05,2007/11/7 20:06,4.6,train
train_000569,record_000569.npz,AKTH04,2007/11/19 15:00,2007/11/19 15:00,4.2,train
train_000570,record_000570.npz,AKTH04,2007/11/26 6:42,2007/11/26 6:42,4.2,train
train_000571,record_000571.npz,AKTH04,2007/12/25 23:04,2007/12/25 23:04,5.6,train
train_000572,record_000572.npz,AKTH04,2007/12/26 8:39,2007/12/26 8:39,4.6,train
train_000573,record_000573.npz,AKTH04,2008/1/11 8:00,2008/1/11 8:00,4.7,train
train_000574,record_000574.npz,AKTH04,2008/3/29 8:03,2008/3/29 8:03,4.6,train
train_000575,record_000575.npz,AKTH04,2008/4/11 5:33,2008/4/11 5:33,4.4,train
train_000576,record_000576.npz,AKTH04,2008/4/17 4:19,2008/4/17 4:20,5.8,train
train_000577,record_000577.npz,AKTH04,2008/6/2 0:58,2008/6/2 0:58,4.8,train
train_000578,record_000578.npz,AKTH04,2008/6/14 9:20,2008/6/14 9:20,5.7,train
train_000579,record_000579.npz,AKTH04,2008/6/14 10:40,2008/6/14 10:39,4.8,train
train_000580,record_000580.npz,AKTH04,2008/6/14 19:12,2008/6/14 19:10,4.1,train
train_000581,record_000581.npz,AKTH04,2008/6/14 23:04,2008/6/14 23:04,4.1,train
train_000582,record_000582.npz,AKTH04,2008/6/15 6:02,2008/6/15 6:02,4.1,train
train_000583,record_000583.npz,AKTH04,2008/6/17 6:39,2008/6/17 6:39,4.1,train
train_000584,record_000584.npz,AKTH04,2008/6/22 11:08,2008/6/22 11:08,4.1,train
train_000585,record_000585.npz,AKTH04,2008/6/26 23:34,2008/6/26 23:34,4.6,train
train_000586,record_000586.npz,AKTH04,2008/6/27 22:57,2008/6/27 22:57,4.6,train
train_000587,record_000587.npz,AKTH04,2008/6/28 9:50,2008/6/28 9:50,4.1,train
train_000588,record_000588.npz,AKTH04,2008/6/29 15:53,2008/6/29 15:53,4.3,train
train_000589,record_000589.npz,AKTH04,2008/7/24 0:26,2008/7/24 0:26,6.8,train
train_000590,record_000590.npz,AKTH04,2008/7/24 11:28,2008/7/24 11:28,4.8,train
train_000591,record_000591.npz,AKTH04,2008/9/24 8:43,2008/9/24 8:44,4.3,train
train_000592,record_000592.npz,AKTH05,2001/12/2 22:02,2001/12/2 22:02,6.4,train
train_000593,record_000593.npz,AKTH05,2002/1/27 16:09,2002/1/27 16:09,5.3,train
train_000594,record_000594.npz,AKTH05,2002/5/12 10:29,2002/5/12 10:29,5.1,train
train_000595,record_000595.npz,AKTH05,2002/10/25 5:00,2002/10/25 5:01,4.5,train
train_000596,record_000596.npz,AKTH05,2002/11/3 12:37,2002/11/3 12:38,6.1,train
train_000597,record_000597.npz,AKTH05,2003/5/26 18:24,2003/5/26 18:24,7,train
train_000598,record_000598.npz,AKTH05,2007/12/25 23:04,2007/12/25 23:05,5.6,train
train_000599,record_000599.npz,AKTH05,2008/4/17 4:19,2008/4/17 4:19,5.8,train
train_000600,record_000600.npz,AKTH05,2008/6/4 22:12,2008/6/4 22:12,4.4,train
train_000601,record_000601.npz,AKTH05,2008/6/14 8:43,2008/6/14 8:43,7.2,train
train_000602,record_000602.npz,AKTH05,2008/6/14 8:46,2008/6/14 8:46,4.5,train
train_000603,record_000603.npz,AKTH05,2008/6/14 8:49,2008/6/14 8:49,4.5,train
train_000604,record_000604.npz,AKTH05,2008/6/14 9:00,2008/6/14 9:00,4.2,train
train_000605,record_000605.npz,AKTH05,2008/6/14 9:07,2008/6/14 9:06,4.8,train
train_000606,record_000606.npz,AKTH05,2008/6/14 9:18,2008/6/14 9:18,4.3,train
train_000607,record_000607.npz,AKTH05,2008/6/14 9:20,2008/6/14 9:20,5.7,train
train_000608,record_000608.npz,AKTH05,2008/6/14 9:52,2008/6/14 9:52,4.6,train
train_000609,record_000609.npz,AKTH05,2008/6/14 10:00,2008/6/14 10:00,4.5,train
train_000610,record_000610.npz,AKTH05,2008/6/14 10:40,2008/6/14 10:39,4.8,train
train_000611,record_000611.npz,AKTH05,2008/6/14 10:56,2008/6/14 10:56,4.3,train
train_000612,record_000612.npz,AKTH05,2008/6/14 11:35,2008/6/14 11:33,4.3,train
train_000613,record_000613.npz,AKTH05,2008/6/14 12:10,2008/6/14 12:09,4.7,train
train_000614,record_000614.npz,AKTH05,2008/6/14 12:14,2008/6/14 12:14,4.4,train
train_000615,record_000615.npz,AKTH05,2008/6/14 12:27,2008/6/14 12:27,5.2,train
train_000616,record_000616.npz,AKTH05,2008/6/14 13:10,2008/6/14 13:10,4.3,train
train_000617,record_000617.npz,AKTH05,2008/6/14 14:39,2008/6/14 14:39,4.5,train
train_000618,record_000618.npz,AKTH05,2008/6/14 17:34,2008/6/14 17:34,4.3,train
train_000619,record_000619.npz,AKTH05,2008/6/14 19:12,2008/6/14 19:12,4.1,train
train_000620,record_000620.npz,AKTH06,2001/12/2 22:02,2001/12/2 22:02,6.4,train
train_000621,record_000621.npz,AKTH06,2003/5/26 18:24,2003/5/26 18:24,7,train
train_000622,record_000622.npz,AKTH06,2003/7/26 7:13,2003/7/26 7:13,6.2,train
train_000623,record_000623.npz,AKTH06,2005/8/16 11:46,2005/8/16 11:46,7.2,train
train_000624,record_000624.npz,AKTH06,2005/11/1 11:01,2005/11/1 11:01,4.6,train
train_000625,record_000625.npz,AKTH06,2007/12/25 23:04,2007/12/25 23:05,5.6,train
train_000626,record_000626.npz,AKTH06,2008/1/11 8:00,2008/1/11 8:01,4.7,train
train_000627,record_000627.npz,AKTH06,2008/4/17 4:19,2008/4/17 4:19,5.8,train
train_000628,record_000628.npz,AKTH06,2008/6/2 0:58,2008/6/2 0:58,4.8,train
train_000629,record_000629.npz,AKTH06,2008/6/4 22:12,2008/6/4 22:12,4.4,train
train_000630,record_000630.npz,AKTH06,2008/6/14 8:43,2008/6/14 8:43,7.2,train
train_000631,record_000631.npz,AKTH06,2008/6/14 8:56,2008/6/14 8:56,4.4,train
train_000632,record_000632.npz,AKTH06,2008/6/14 9:00,2008/6/14 8:59,4.2,train
train_000633,record_000633.npz,AKTH06,2008/6/14 9:07,2008/6/14 9:06,4.8,train
train_000634,record_000634.npz,AKTH06,2008/6/14 9:18,2008/6/14 9:18,4.3,train
train_000635,record_000635.npz,AKTH06,2008/6/14 9:52,2008/6/14 9:52,4.6,train
train_000636,record_000636.npz,AKTH06,2008/6/14 10:00,2008/6/14 10:00,4.5,train
train_000637,record_000637.npz,AKTH06,2008/6/14 10:40,2008/6/14 10:39,4.8,train
train_000638,record_000638.npz,AKTH06,2008/6/14 10:56,2008/6/14 10:56,4.3,train
train_000639,record_000639.npz,AKTH06,2008/6/14 11:35,2008/6/14 11:35,4.3,train
train_000640,record_000640.npz,AKTH06,2008/6/14 12:10,2008/6/14 12:09,4.7,train
train_000641,record_000641.npz,AKTH06,2008/6/14 12:14,2008/6/14 12:13,4.4,train
train_000642,record_000642.npz,AKTH06,2008/6/14 12:27,2008/6/14 12:27,5.2,train
train_000643,record_000643.npz,AKTH06,2008/6/14 13:10,2008/6/14 13:10,4.3,train
train_000644,record_000644.npz,AKTH06,2008/6/14 14:39,2008/6/14 14:39,4.5,train
train_000645,record_000645.npz,AKTH06,2008/6/14 17:34,2008/6/14 17:34,4.3,train
train_000646,record_000646.npz,AKTH06,2008/6/14 19:12,2008/6/14 19:10,4.1,train
train_000647,record_000647.npz,AKTH07,2001/8/14 5:11,2001/8/14 5:11,6.2,train
train_000648,record_000648.npz,AKTH07,2001/12/2 22:02,2001/12/2 22:02,6.4,train
train_000649,record_000649.npz,AKTH07,2002/10/14 23:13,2002/10/14 23:13,5.9,train
train_000650,record_000650.npz,AKTH07,2007/12/23 18:53,2007/12/23 18:53,4.5,train
train_000651,record_000651.npz,AKTH07,2008/1/21 12:12,2008/1/21 12:12,4.3,train
train_000652,record_000652.npz,AKTH07,2008/3/29 8:03,2008/3/29 8:03,4.6,train
train_000653,record_000653.npz,AKTH07,2008/4/29 14:26,2008/4/29 14:26,5.7,train
train_000654,record_000654.npz,AKTH07,2008/5/31 23:28,2008/5/31 23:29,5,train
train_000655,record_000655.npz,AKTH07,2008/6/14 8:43,2008/6/14 8:44,7.2,train
train_000656,record_000656.npz,AKTH07,2008/6/14 9:20,2008/6/14 9:20,5.7,train
train_000657,record_000657.npz,AKTH07,2008/6/16 23:14,2008/6/16 23:15,5.3,train
train_000658,record_000658.npz,AKTH07,2008/7/24 0:26,2008/7/24 0:26,6.8,train
train_000659,record_000659.npz,AKTH07,2008/7/24 11:28,2008/7/24 11:28,4.8,train
train_000660,record_000660.npz,AKTH07,2008/8/9 0:53,2008/8/9 0:53,5.4,train
train_000661,record_000661.npz,AKTH07,2008/9/22 16:32,2008/9/22 16:32,5.6,train
train_000662,record_000662.npz,AKTH07,2008/10/9 2:52,2008/10/9 2:53,4.5,train
train_000663,record_000663.npz,AKTH07,2008/11/17 19:09,2008/11/17 19:10,4.3,train
train_000664,record_000664.npz,AKTH07,2008/12/19 15:53,2008/12/19 15:53,4.1,train
train_000665,record_000665.npz,AKTH07,2009/2/15 18:24,2009/2/15 18:24,5.9,train
train_000666,record_000666.npz,AKTH07,2009/4/25 22:54,2009/4/25 22:54,5,train
train_000667,record_000667.npz,AKTH07,2009/8/12 17:51,2009/8/12 17:52,4.2,train
train_000668,record_000668.npz,AKTH07,2009/8/24 14:26,2009/8/24 14:26,5.4,train
train_000669,record_000669.npz,AKTH08,2002/10/25 5:00,2002/10/25 5:00,4.5,train
train_000670,record_000670.npz,AKTH08,2004/2/4 15:08,2004/2/4 15:08,5.3,train
train_000671,record_000671.npz,AKTH08,2007/3/7 21:59,2007/3/7 21:59,4.2,train
train_000672,record_000672.npz,AKTH08,2008/1/11 8:00,2008/1/11 8:01,4.7,train
train_000673,record_000673.npz,AKTH08,2008/5/29 1:42,2008/5/29 1:42,4.8,train
train_000674,record_000674.npz,AKTH08,2008/6/14 8:43,2008/6/14 8:44,7.2,train
train_000675,record_000675.npz,AKTH08,2008/6/14 8:49,2008/6/14 8:49,4.5,train
train_000676,record_000676.npz,AKTH08,2008/6/14 9:18,2008/6/14 9:18,4.3,train
train_000677,record_000677.npz,AKTH08,2008/6/14 9:20,2008/6/14 9:20,5.7,train
train_000678,record_000678.npz,AKTH08,2008/6/14 9:52,2008/6/14 9:53,4.6,train
train_000679,record_000679.npz,AKTH08,2008/6/14 10:00,2008/6/14 10:01,4.5,train
train_000680,record_000680.npz,AKTH08,2008/6/14 10:40,2008/6/14 10:40,4.8,train
train_000681,record_000681.npz,AKTH08,2008/6/14 11:35,2008/6/14 11:35,4.3,train
train_000682,record_000682.npz,AKTH08,2008/6/14 12:10,2008/6/14 12:11,4.7,train
train_000683,record_000683.npz,AKTH08,2008/6/14 12:27,2008/6/14 12:28,5.2,train
train_000684,record_000684.npz,AKTH08,2008/6/14 13:10,2008/6/14 13:11,4.3,train
train_000685,record_000685.npz,AKTH08,2008/6/14 14:39,2008/6/14 14:39,4.5,train
train_000686,record_000686.npz,AKTH08,2008/6/14 17:34,2008/6/14 17:34,4.3,train
train_000687,record_000687.npz,AKTH08,2008/6/14 21:48,2008/6/14 21:49,4.7,train
train_000688,record_000688.npz,AKTH08,2008/6/14 23:22,2008/6/14 23:23,4.2,train
train_000689,record_000689.npz,AKTH08,2008/6/14 23:42,2008/6/14 23:43,4.8,train
train_000690,record_000690.npz,AKTH08,2008/6/15 3:29,2008/6/15 3:30,4.4,train
train_000691,record_000691.npz,AKTH08,2008/6/15 3:47,2008/6/15 3:48,4.2,train
train_000692,record_000692.npz,AKTH08,2008/6/15 12:30,2008/6/15 12:30,4.3,train
train_000693,record_000693.npz,AKTH08,2008/6/16 23:14,2008/6/16 23:15,5.3,train
train_000694,record_000694.npz,AKTH08,2008/6/17 4:05,2008/6/17 4:05,4.6,train
train_000695,record_000695.npz,AKTH08,2008/6/18 16:55,2008/6/18 16:55,4.5,train
train_000696,record_000696.npz,AKTH08,2008/6/18 18:04,2008/6/18 18:05,4.5,train
train_000697,record_000697.npz,AKTH10,2001/12/2 22:02,2001/12/2 22:02,6.4,train
train_000698,record_000698.npz,AKTH10,2002/1/27 16:09,2002/1/27 16:09,5.3,train
train_000699,record_000699.npz,AKTH10,2002/7/30 1:19,2002/7/30 1:19,4.1,train
train_000700,record_000700.npz,AKTH10,2008/1/11 8:00,2008/1/11 8:01,4.7,train
train_000701,record_000701.npz,AKTH10,2008/3/23 15:54,2008/3/23 15:55,4.4,train
train_000702,record_000702.npz,AKTH10,2008/5/31 23:28,2008/5/31 23:29,5,train
train_000703,record_000703.npz,AKTH10,2008/6/14 8:43,2008/6/14 8:43,7.2,train
train_000704,record_000704.npz,AKTH10,2008/6/14 8:49,2008/6/14 8:48,4.5,train
train_000705,record_000705.npz,AKTH10,2008/6/14 12:27,2008/6/14 12:27,5.2,train
train_000706,record_000706.npz,AKTH10,2008/6/16 23:14,2008/6/16 23:15,5.3,train
train_000707,record_000707.npz,AKTH10,2008/7/24 0:26,2008/7/24 0:26,6.8,train
train_000708,record_000708.npz,AKTH10,2008/7/24 11:28,2008/7/24 11:28,4.8,train
train_000709,record_000709.npz,AKTH10,2008/8/9 0:53,2008/8/9 0:53,5.4,train
train_000710,record_000710.npz,AKTH10,2008/9/27 1:53,2008/9/27 1:54,5,train
train_000711,record_000711.npz,AKTH10,2009/2/15 18:24,2009/2/15 18:24,5.9,train
train_000712,record_000712.npz,AKTH10,2009/4/25 22:54,2009/4/25 22:54,5,train
train_000713,record_000713.npz,AKTH10,2009/8/24 14:26,2009/8/24 14:26,5.4,train
train_000714,record_000714.npz,AKTH10,2009/10/18 23:13,2009/10/18 23:13,4.2,train
train_000715,record_000715.npz,AKTH10,2010/2/4 21:24,2010/2/4 21:24,4.6,train
train_000716,record_000716.npz,AKTH10,2010/3/1 7:08,2010/3/1 7:08,4.9,train
train_000717,record_000717.npz,AKTH10,2010/6/28 6:03,2010/6/28 6:03,5.1,train
train_000718,record_000718.npz,AKTH10,2010/7/4 4:33,2010/7/4 4:33,5.2,train
train_000719,record_000719.npz,AKTH10,2010/7/5 6:56,2010/7/5 6:56,6.4,train
train_000720,record_000720.npz,AKTH10,2010/8/31 11:30,2010/8/31 11:30,4.9,train
train_000721,record_000721.npz,AKTH10,2010/9/13 14:48,2010/9/13 14:48,5.8,train
train_000722,record_000722.npz,AKTH11,2002/10/25 5:00,2002/10/25 5:00,4.5,train
train_000723,record_000723.npz,AKTH11,2010/2/4 21:24,2010/2/4 21:24,4.6,train
train_000724,record_000724.npz,AKTH12,2001/12/2 22:02,2001/12/2 22:02,6.4,train
train_000725,record_000725.npz,AKTH12,2002/5/12 10:29,2002/5/12 10:29,5.1,train
train_000726,record_000726.npz,AKTH12,2002/10/25 5:00,2002/10/25 5:00,4.5,train
train_000727,record_000727.npz,AKTH12,2003/5/26 18:24,2003/5/26 18:25,7,train
train_000728,record_000728.npz,AKTH12,2003/7/26 7:13,2003/7/26 7:14,6.2,train
train_000729,record_000729.npz,AKTH12,2008/1/11 8:00,2008/1/11 8:00,4.7,train
train_000730,record_000730.npz,AKTH12,2008/3/29 8:03,2008/3/29 8:04,4.6,train
train_000731,record_000731.npz,AKTH12,2008/4/17 4:19,2008/4/17 4:20,5.8,train
train_000732,record_000732.npz,AKTH12,2008/5/29 1:42,2008/5/29 1:42,4.8,train
train_000733,record_000733.npz,AKTH12,2008/6/4 22:12,2008/6/4 22:13,4.4,train
train_000734,record_000734.npz,AKTH12,2008/6/14 8:43,2008/6/14 8:43,7.2,train
train_000735,record_000735.npz,AKTH12,2008/6/14 8:49,2008/6/14 8:48,4.5,train
train_000736,record_000736.npz,AKTH12,2008/6/14 8:56,2008/6/14 8:57,4.4,train
train_000737,record_000737.npz,AKTH12,2008/6/14 9:20,2008/6/14 9:19,5.7,train
train_000738,record_000738.npz,AKTH12,2008/6/14 9:52,2008/6/14 9:53,4.6,train
train_000739,record_000739.npz,AKTH12,2008/6/14 10:00,2008/6/14 10:00,4.5,train
train_000740,record_000740.npz,AKTH12,2008/6/14 10:40,2008/6/14 10:40,4.8,train
train_000741,record_000741.npz,AKTH12,2008/6/14 11:35,2008/6/14 11:35,4.3,train
train_000742,record_000742.npz,AKTH12,2008/6/14 12:10,2008/6/14 12:11,4.7,train
train_000743,record_000743.npz,AKTH12,2008/6/14 12:14,2008/6/14 12:14,4.4,train
train_000744,record_000744.npz,AKTH12,2008/6/14 12:27,2008/6/14 12:27,5.2,train
train_000745,record_000745.npz,AKTH12,2008/6/14 13:10,2008/6/14 13:11,4.3,train
train_000746,record_000746.npz,AKTH12,2008/6/14 14:39,2008/6/14 14:39,4.5,train
train_000747,record_000747.npz,AKTH12,2008/6/14 21:48,2008/6/14 21:48,4.7,train
train_000748,record_000748.npz,AKTH12,2008/6/14 23:42,2008/6/14 23:42,4.8,train
train_000749,record_000749.npz,AKTH12,2008/6/15 3:29,2008/6/15 3:29,4.4,train
train_000750,record_000750.npz,AKTH13,2003/5/26 18:24,2003/5/26 18:25,7,train
train_000751,record_000751.npz,AKTH13,2008/1/11 8:00,2008/1/11 8:00,4.7,train
train_000752,record_000752.npz,AKTH13,2008/4/17 4:19,2008/4/17 4:20,5.8,train
train_000753,record_000753.npz,AKTH13,2008/5/29 1:42,2008/5/29 1:42,4.8,train
train_000754,record_000754.npz,AKTH13,2008/6/14 8:49,2008/6/14 8:49,4.5,train
train_000755,record_000755.npz,AKTH13,2008/6/14 8:56,2008/6/14 8:57,4.4,train
train_000756,record_000756.npz,AKTH13,2008/6/14 9:00,2008/6/14 9:01,4.2,train
train_000757,record_000757.npz,AKTH13,2008/6/14 9:07,2008/6/14 9:07,4.8,train
train_000758,record_000758.npz,AKTH13,2008/6/14 9:18,2008/6/14 9:18,4.3,train
train_000759,record_000759.npz,AKTH13,2008/6/14 9:20,2008/6/14 9:20,5.7,train
train_000760,record_000760.npz,AKTH13,2008/6/14 9:52,2008/6/14 9:53,4.6,train
train_000761,record_000761.npz,AKTH13,2008/6/14 10:00,2008/6/14 10:00,4.5,train
train_000762,record_000762.npz,AKTH13,2008/6/14 10:40,2008/6/14 10:40,4.8,train
train_000763,record_000763.npz,AKTH13,2008/6/14 11:35,2008/6/14 11:35,4.3,train
train_000764,record_000764.npz,AKTH13,2008/6/14 12:10,2008/6/14 12:10,4.7,train
train_000765,record_000765.npz,AKTH13,2008/6/14 12:14,2008/6/14 12:14,4.4,train
train_000766,record_000766.npz,AKTH13,2008/6/14 12:27,2008/6/14 12:27,5.2,train
train_000767,record_000767.npz,AKTH13,2008/6/14 14:39,2008/6/14 14:39,4.5,train
train_000768,record_000768.npz,AKTH13,2008/6/14 17:34,2008/6/14 17:34,4.3,train
train_000769,record_000769.npz,AKTH13,2008/6/14 21:48,2008/6/14 21:48,4.7,train
train_000770,record_000770.npz,AKTH13,2008/6/14 23:22,2008/6/14 23:22,4.2,train
train_000771,record_000771.npz,AKTH13,2008/6/14 23:42,2008/6/14 23:43,4.8,train
train_000772,record_000772.npz,AKTH13,2008/6/15 3:29,2008/6/15 3:29,4.4,train
train_000773,record_000773.npz,AKTH13,2008/6/15 3:47,2008/6/15 3:48,4.2,train
train_000774,record_000774.npz,AKTH13,2008/6/15 12:30,2008/6/15 12:30,4.3,train
train_000775,record_000775.npz,AKTH13,2008/6/16 2:36,2008/6/16 2:36,4.4,train
train_000776,record_000776.npz,AKTH13,2008/6/16 20:35,2008/6/16 20:35,4.2,train
train_000777,record_000777.npz,AKTH13,2008/6/16 23:14,2008/6/16 23:14,5.3,train
train_000778,record_000778.npz,AKTH13,2008/6/17 3:23,2008/6/17 3:23,4.2,train
train_000779,record_000779.npz,AKTH13,2008/6/17 4:05,2008/6/17 4:05,4.6,train
train_000780,record_000780.npz,AKTH14,2001/4/3 4:54,2001/4/3 4:54,5.4,train
train_000781,record_000781.npz,AKTH14,2001/8/14 5:11,2001/8/14 5:11,6.2,train
train_000782,record_000782.npz,AKTH14,2001/8/24 18:48,2001/8/24 18:48,5.2,train
train_000783,record_000783.npz,AKTH14,2001/12/2 22:02,2001/12/2 22:02,6.4,train
train_000784,record_000784.npz,AKTH14,2002/1/27 16:09,2002/1/27 16:09,5.3,train
train_000785,record_000785.npz,AKTH14,2002/3/7 4:19,2002/3/7 4:20,4.7,train
train_000786,record_000786.npz,AKTH14,2002/7/1 15:48,2002/7/1 15:48,4.3,train
train_000787,record_000787.npz,AKTH14,2002/8/12 6:55,2002/8/12 6:56,5,train
train_000788,record_000788.npz,AKTH14,2002/10/14 23:13,2002/10/14 23:13,5.9,train
train_000789,record_000789.npz,AKTH14,2002/11/3 12:37,2002/11/3 12:38,6.1,train
train_000790,record_000790.npz,AKTH14,2003/5/26 18:24,2003/5/26 18:25,7,train
train_000791,record_000791.npz,AKTH14,2004/2/4 15:08,2004/2/4 15:08,5.3,train
train_000792,record_000792.npz,AKTH14,2007/10/20 19:05,2007/10/20 19:06,4.4,train
train_000793,record_000793.npz,AKTH14,2008/1/11 8:00,2008/1/11 8:00,4.7,train
train_000794,record_000794.npz,AKTH14,2008/1/21 12:12,2008/1/21 12:13,4.3,train
train_000795,record_000795.npz,AKTH14,2008/3/23 15:54,2008/3/23 15:54,4.4,train
train_000796,record_000796.npz,AKTH14,2008/3/29 8:03,2008/3/29 8:03,4.6,train
train_000797,record_000797.npz,AKTH14,2008/4/11 5:33,2008/4/11 5:33,4.4,train
train_000798,record_000798.npz,AKTH14,2008/5/31 23:28,2008/5/31 23:29,5,train
train_000799,record_000799.npz,AKTH14,2008/6/14 8:43,2008/6/14 8:43,7.2,train
train_000800,record_000800.npz,AKTH14,2008/6/14 9:07,2008/6/14 9:07,4.8,train
train_000801,record_000801.npz,AKTH14,2008/6/14 9:20,2008/6/14 9:20,5.7,train
train_000802,record_000802.npz,AKTH14,2008/6/14 12:27,2008/6/14 12:27,5.2,train
train_000803,record_000803.npz,AKTH14,2008/6/14 17:34,2008/6/14 17:34,4.3,train
train_000804,record_000804.npz,AKTH14,2008/6/16 23:14,2008/6/16 23:15,5.3,train
train_000805,record_000805.npz,AKTH14,2008/6/17 4:05,2008/6/17 4:05,4.6,train
train_000806,record_000806.npz,AKTH14,2008/7/24 0:26,2008/7/24 0:26,6.8,train
train_000807,record_000807.npz,AKTH14,2008/7/24 11:28,2008/7/24 11:28,4.8,train
train_000808,record_000808.npz,AKTH14,2008/8/9 0:53,2008/8/9 0:53,5.4,train
train_000809,record_000809.npz,AKTH15,2001/12/2 22:02,2001/12/2 22:02,6.4,train
train_000810,record_000810.npz,AKTH15,2002/10/25 5:00,2002/10/25 5:00,4.5,train
train_000811,record_000811.npz,AKTH15,2002/11/3 12:37,2002/11/3 12:38,6.1,train
train_000812,record_000812.npz,AKTH15,2003/5/26 18:24,2003/5/26 18:24,7,train
train_000813,record_000813.npz,AKTH15,2008/6/14 8:43,2008/6/14 8:43,7.2,train
train_000814,record_000814.npz,AKTH15,2008/6/14 9:52,2008/6/14 9:52,4.6,train
train_000815,record_000815.npz,AKTH15,2008/6/16 23:14,2008/6/16 23:14,5.3,train
train_000816,record_000816.npz,AKTH15,2008/7/19 13:09,2008/7/19 13:09,4.2,train
train_000817,record_000817.npz,AKTH15,2008/7/24 0:26,2008/7/24 0:26,6.8,train
train_000818,record_000818.npz,AKTH15,2008/7/24 11:28,2008/7/24 11:28,4.8,train
train_000819,record_000819.npz,AKTH15,2008/7/29 16:27,2008/7/29 16:27,4.3,train
train_000820,record_000820.npz,AKTH15,2008/7/29 16:35,2008/7/29 16:36,4.6,train
train_000821,record_000821.npz,AKTH15,2008/8/22 15:02,2008/8/22 15:02,4.1,train
train_000822,record_000822.npz,AKTH15,2008/9/2 18:35,2008/9/2 18:35,4.4,train
train_000823,record_000823.npz,AKTH15,2008/9/24 8:43,2008/9/24 8:44,4.3,train
train_000824,record_000824.npz,AKTH15,2009/2/15 18:24,2009/2/15 18:24,5.9,train
train_000825,record_000825.npz,AKTH15,2009/4/25 22:54,2009/4/25 22:54,5,train
train_000826,record_000826.npz,AKTH15,2009/6/27 20:42,2009/6/27 20:42,4.2,train
train_000827,record_000827.npz,AKTH15,2009/10/18 23:13,2009/10/18 23:13,4.2,train
train_000828,record_000828.npz,AKTH15,2010/2/4 21:24,2010/2/4 21:24,4.6,train
train_000829,record_000829.npz,AKTH15,2010/3/1 7:08,2010/3/1 7:08,4.9,train
train_000830,record_000830.npz,AKTH15,2010/6/3 7:39,2010/6/3 7:39,4.4,train
train_000831,record_000831.npz,AKTH15,2010/6/7 14:01,2010/6/7 14:02,4.2,train
train_000832,record_000832.npz,AKTH15,2010/6/29 7:24,2010/6/29 7:24,4.3,train
train_000833,record_000833.npz,AKTH15,2010/7/4 4:33,2010/7/4 4:33,5.2,train
train_000834,record_000834.npz,AKTH15,2010/7/5 6:56,2010/7/5 6:56,6.4,train
train_000835,record_000835.npz,AKTH15,2010/7/27 8:31,2010/7/27 8:31,5.3,train
train_000836,record_000836.npz,AKTH15,2010/8/31 11:30,2010/8/31 11:30,4.9,train
train_000837,record_000837.npz,AKTH15,2010/9/29 3:35,2010/9/29 3:36,4.1,train
train_000838,record_000838.npz,AKTH15,2010/10/8 21:16,2010/10/8 21:16,4.4,train
train_000839,record_000839.npz,AKTH16,2001/7/18 7:47,2001/7/18 7:48,4.3,train
train_000840,record_000840.npz,AKTH16,2001/12/2 22:02,2001/12/2 22:02,6.4,train
train_000841,record_000841.npz,AKTH16,2001/12/14 21:00,2001/12/14 21:01,4.5,train
train_000842,record_000842.npz,AKTH16,2002/1/27 16:09,2002/1/27 16:09,5.3,train
train_000843,record_000843.npz,AKTH16,2002/5/12 10:29,2002/5/12 10:29,5.1,train
train_000844,record_000844.npz,AKTH16,2002/10/25 5:00,2002/10/25 5:00,4.5,train
train_000845,record_000845.npz,AKTH16,2002/11/3 12:37,2002/11/3 12:38,6.1,train
train_000846,record_000846.npz,AKTH16,2002/12/5 0:50,2002/12/5 0:51,5.2,train
train_000847,record_000847.npz,AKTH16,2003/1/5 18:51,2003/1/5 18:51,4.4,train
train_000848,record_000848.npz,AKTH16,2003/5/26 18:24,2003/5/26 18:24,7,train
train_000849,record_000849.npz,AKTH16,2003/7/26 0:13,2003/7/26 0:13,5.5,train
train_000850,record_000850.npz,AKTH16,2003/7/26 7:13,2003/7/26 7:13,6.2,train
train_000851,record_000851.npz,AKTH16,2008/4/17 4:19,2008/4/17 4:20,5.8,train
train_000852,record_000852.npz,AKTH16,2008/5/29 1:42,2008/5/29 1:42,4.8,train
train_000853,record_000853.npz,AKTH16,2008/6/14 8:43,2008/6/14 8:43,7.2,train
train_000854,record_000854.npz,AKTH16,2008/6/14 8:49,2008/6/14 8:48,4.5,train
train_000855,record_000855.npz,AKTH16,2008/6/14 8:56,2008/6/14 8:56,4.4,train
train_000856,record_000856.npz,AKTH16,2008/6/14 9:18,2008/6/14 9:18,4.3,train
train_000857,record_000857.npz,AKTH16,2008/6/14 9:20,2008/6/14 9:20,5.7,train
train_000858,record_000858.npz,AKTH16,2008/6/14 9:52,2008/6/14 9:52,4.6,train
train_000859,record_000859.npz,AKTH16,2008/6/14 10:00,2008/6/14 10:00,4.5,train
train_000860,record_000860.npz,AKTH16,2008/6/14 10:40,2008/6/14 10:40,4.8,train
train_000861,record_000861.npz,AKTH16,2008/6/14 11:35,2008/6/14 11:35,4.3,train
train_000862,record_000862.npz,AKTH16,2008/6/14 12:10,2008/6/14 12:10,4.7,train
train_000863,record_000863.npz,AKTH16,2008/6/14 12:14,2008/6/14 12:14,4.4,train
train_000864,record_000864.npz,AKTH16,2008/6/14 12:27,2008/6/14 12:27,5.2,train
train_000865,record_000865.npz,AKTH16,2008/6/14 14:39,2008/6/14 14:39,4.5,train
train_000866,record_000866.npz,AKTH17,2001/7/18 7:47,2001/7/18 7:47,4.3,train
train_000867,record_000867.npz,AKTH17,2001/11/13 16:45,2001/11/13 16:45,4.7,train
train_000868,record_000868.npz,AKTH17,2001/12/2 22:02,2001/12/2 22:02,6.4,train
train_000869,record_000869.npz,AKTH17,2002/1/27 16:09,2002/1/27 16:09,5.3,train
train_000870,record_000870.npz,AKTH17,2002/7/1 15:48,2002/7/1 15:48,4.3,train
train_000871,record_000871.npz,AKTH17,2002/10/25 5:00,2002/10/25 5:00,4.5,train
train_000872,record_000872.npz,AKTH17,2002/11/3 12:37,2002/11/3 12:38,6.1,train
train_000873,record_000873.npz,AKTH17,2003/5/26 18:24,2003/5/26 18:24,7,train
train_000874,record_000874.npz,AKTH17,2007/11/19 15:00,2007/11/19 15:00,4.2,train
train_000875,record_000875.npz,AKTH17,2007/12/25 23:04,2007/12/25 23:05,5.6,train
train_000876,record_000876.npz,AKTH17,2007/12/26 8:39,2007/12/26 8:39,4.6,train
train_000877,record_000877.npz,AKTH17,2008/1/11 8:00,2008/1/11 8:00,4.7,train
train_000878,record_000878.npz,AKTH17,2008/3/29 8:03,2008/3/29 8:03,4.6,train
train_000879,record_000879.npz,AKTH17,2008/4/11 5:33,2008/4/11 5:33,4.4,train
train_000880,record_000880.npz,AKTH17,2008/4/17 4:19,2008/4/17 4:20,5.8,train
train_000881,record_000881.npz,AKTH17,2008/5/29 1:42,2008/5/29 1:42,4.8,train
train_000882,record_000882.npz,AKTH17,2008/6/2 0:58,2008/6/2 0:59,4.8,train
train_000883,record_000883.npz,AKTH17,2008/6/4 22:12,2008/6/4 22:13,4.4,train
train_000884,record_000884.npz,AKTH17,2008/6/14 8:43,2008/6/14 8:43,7.2,train
train_000885,record_000885.npz,AKTH17,2008/6/14 8:49,2008/6/14 8:48,4.5,train
train_000886,record_000886.npz,AKTH17,2008/6/14 8:53,2008/6/14 8:53,4.1,train
train_000887,record_000887.npz,AKTH17,2008/6/14 8:56,2008/6/14 8:56,4.4,train
train_000888,record_000888.npz,AKTH17,2008/6/14 9:00,2008/6/14 9:00,4.2,train
train_000889,record_000889.npz,AKTH18,2001/12/2 22:02,2001/12/2 22:02,6.4,train
train_000890,record_000890.npz,AKTH18,2003/5/26 18:24,2003/5/26 18:24,7,train
train_000891,record_000891.npz,AKTH18,2003/7/26 7:13,2003/7/26 7:13,6.2,train
train_000892,record_000892.npz,AKTH18,2007/12/25 23:04,2007/12/25 23:05,5.6,train
train_000893,record_000893.npz,AKTH18,2007/12/26 8:39,2007/12/26 8:39,4.6,train
train_000894,record_000894.npz,AKTH18,2008/1/11 8:00,2008/1/11 8:00,4.7,train
train_000895,record_000895.npz,AKTH18,2008/3/29 8:03,2008/3/29 8:03,4.6,train
train_000896,record_000896.npz,AKTH18,2008/4/17 4:19,2008/4/17 4:19,5.8,train
train_000897,record_000897.npz,AKTH18,2008/5/29 1:42,2008/5/29 1:42,4.8,train
train_000898,record_000898.npz,AKTH18,2008/6/2 0:58,2008/6/2 0:58,4.8,train
train_000899,record_000899.npz,AKTH18,2008/6/4 22:12,2008/6/4 22:12,4.4,train
train_000900,record_000900.npz,AKTH18,2008/6/14 8:43,2008/6/14 8:43,7.2,train
train_000901,record_000901.npz,AKTH18,2008/6/14 8:49,2008/6/14 8:48,4.5,train
train_000902,record_000902.npz,AKTH18,2008/6/14 8:53,2008/6/14 8:53,4.1,train
train_000903,record_000903.npz,AKTH18,2008/6/14 8:56,2008/6/14 8:55,4.4,train
train_000904,record_000904.npz,AKTH18,2008/6/14 9:00,2008/6/14 9:00,4.2,train
train_000905,record_000905.npz,AKTH18,2008/6/14 9:07,2008/6/14 9:07,4.8,train
train_000906,record_000906.npz,AKTH18,2008/6/14 9:18,2008/6/14 9:18,4.3,train
train_000907,record_000907.npz,AKTH18,2008/6/14 9:20,2008/6/14 9:20,5.7,train
train_000908,record_000908.npz,AKTH18,2008/6/14 9:52,2008/6/14 9:52,4.6,train
train_000909,record_000909.npz,AKTH18,2008/6/14 10:00,2008/6/14 10:00,4.5,train
train_000910,record_000910.npz,AKTH18,2008/6/14 10:40,2008/6/14 10:39,4.8,train
train_000911,record_000911.npz,AKTH18,2008/6/14 10:56,2008/6/14 10:56,4.3,train
train_000912,record_000912.npz,AKTH18,2008/6/14 11:35,2008/6/14 11:35,4.3,train
train_000913,record_000913.npz,AKTH18,2008/6/14 12:10,2008/6/14 12:09,4.7,train
train_000914,record_000914.npz,AKTH18,2008/6/14 12:14,2008/6/14 12:14,4.4,train
train_000915,record_000915.npz,AKTH18,2008/6/14 12:27,2008/6/14 12:27,5.2,train
train_000916,record_000916.npz,AKTH18,2008/6/14 13:10,2008/6/14 13:10,4.3,train
train_000917,record_000917.npz,AKTH18,2008/6/14 14:39,2008/6/14 14:39,4.5,train
train_000918,record_000918.npz,AKTH19,2001/12/2 22:02,2001/12/2 22:02,6.4,train
train_000919,record_000919.npz,AKTH19,2002/1/27 16:09,2002/1/27 16:09,5.3,train
train_000920,record_000920.npz,AKTH19,2002/5/6 17:12,2002/5/6 17:12,5,train
train_000921,record_000921.npz,AKTH19,2002/5/12 10:29,2002/5/12 10:29,5.1,train
train_000922,record_000922.npz,AKTH19,2002/10/25 5:00,2002/10/25 5:00,4.5,train
train_000923,record_000923.npz,AKTH19,2002/11/3 12:37,2002/11/3 12:38,6.1,train
train_000924,record_000924.npz,AKTH19,2003/5/26 18:24,2003/5/26 18:24,7,train
train_000925,record_000925.npz,AKTH19,2003/7/26 7:13,2003/7/26 7:13,6.2,train
train_000926,record_000926.npz,AKTH19,2007/11/19 15:00,2007/11/19 15:00,4.2,train
train_000927,record_000927.npz,AKTH19,2007/12/25 23:04,2007/12/25 23:05,5.6,train
train_000928,record_000928.npz,AKTH19,2008/1/11 8:00,2008/1/11 8:00,4.7,train
train_000929,record_000929.npz,AKTH19,2008/3/29 8:03,2008/3/29 8:03,4.6,train
train_000930,record_000930.npz,AKTH19,2008/4/17 4:19,2008/4/17 4:20,5.8,train
train_000931,record_000931.npz,AKTH19,2008/6/4 22:12,2008/6/4 22:12,4.4,train
train_000932,record_000932.npz,AKTH19,2008/6/14 8:43,2008/6/14 8:43,7.2,train
train_000933,record_000933.npz,AKTH19,2008/6/14 8:49,2008/6/14 8:48,4.5,train
train_000934,record_000934.npz,AKTH19,2008/6/14 8:56,2008/6/14 8:56,4.4,train
train_000935,record_000935.npz,AKTH19,2008/6/14 9:00,2008/6/14 8:59,4.2,train
train_000936,record_000936.npz,AKTH19,2008/6/14 9:07,2008/6/14 9:07,4.8,train
train_000937,record_000937.npz,AKTH19,2008/6/14 9:18,2008/6/14 9:18,4.3,train
train_000938,record_000938.npz,AKTH19,2008/6/14 9:20,2008/6/14 9:20,5.7,train
train_000939,record_000939.npz,AKTH19,2008/6/14 9:52,2008/6/14 9:52,4.6,train
train_000940,record_000940.npz,AKTH19,2008/6/14 10:00,2008/6/14 10:00,4.5,train
train_000941,record_000941.npz,AKTH19,2008/6/14 10:40,2008/6/14 10:39,4.8,train
train_000942,record_000942.npz,AKTH19,2008/6/14 10:56,2008/6/14 10:56,4.3,train
train_000943,record_000943.npz,AKTH19,2008/6/14 11:35,2008/6/14 11:33,4.3,train
train_000944,record_000944.npz,AKTH19,2008/6/14 12:10,2008/6/14 12:09,4.7,train
train_000945,record_000945.npz,AKTH19,2008/6/14 12:14,2008/6/14 12:14,4.4,train
train_000946,record_000946.npz,AKTH19,2008/6/14 12:27,2008/6/14 12:27,5.2,train
train_000947,record_000947.npz,AOMH01,2001/8/14 5:11,2001/8/14 5:11,6.2,train
train_000948,record_000948.npz,AOMH01,2002/4/4 8:42,2002/4/4 8:42,5.3,train
train_000949,record_000949.npz,AOMH01,2002/4/21 6:30,2002/4/21 6:30,4.7,train
train_000950,record_000950.npz,AOMH01,2002/5/30 14:08,2002/5/30 14:08,4.6,train
train_000951,record_000951.npz,AOMH01,2002/7/10 23:48,2002/7/10 23:49,4.8,train
train_000952,record_000952.npz,AOMH01,2002/8/29 18:04,2002/8/29 18:04,4.6,train
train_000953,record_000953.npz,AOMH01,2002/10/14 23:13,2002/10/14 23:13,5.9,train
train_000954,record_000954.npz,AOMH01,2002/10/19 5:26,2002/10/19 5:27,4.3,train
train_000955,record_000955.npz,AOMH01,2002/11/3 10:52,2002/11/3 10:52,4.1,train
train_000956,record_000956.npz,AOMH01,2003/1/13 13:38,2003/1/13 13:39,4.3,train
train_000957,record_000957.npz,AOMH01,2003/1/28 20:09,2003/1/28 20:10,4.5,train
train_000958,record_000958.npz,AOMH01,2003/2/3 4:25,2003/2/3 4:26,4.3,train
train_000959,record_000959.npz,AOMH01,2003/2/24 2:00,2003/2/24 2:00,4.6,train
train_000960,record_000960.npz,AOMH01,2003/4/17 3:00,2003/4/17 3:00,5.4,train
train_000961,record_000961.npz,AOMH01,2005/1/6 22:00,2005/1/6 22:00,5.3,train
train_000962,record_000962.npz,AOMH01,2006/6/12 8:04,2006/6/12 8:04,4.4,train
train_000963,record_000963.npz,AOMH01,2007/5/19 1:00,2007/5/19 1:00,5.3,train
train_000964,record_000964.npz,AOMH01,2007/11/27 19:22,2007/11/27 19:22,4.3,train
train_000965,record_000965.npz,AOMH01,2007/12/23 18:53,2007/12/23 18:53,4.5,train
train_000966,record_000966.npz,AOMH01,2007/12/28 10:51,2007/12/28 10:52,4.3,train
train_000967,record_000967.npz,AOMH01,2008/1/21 12:12,2008/1/21 12:12,4.3,train
train_000968,record_000968.npz,AOMH01,2008/4/29 14:26,2008/4/29 14:26,5.7,train
train_000969,record_000969.npz,AOMH01,2008/5/10 9:01,2008/5/10 9:01,4.8,train
train_000970,record_000970.npz,AOMH01,2008/5/14 3:00,2008/5/14 3:00,4.2,train
train_000971,record_000971.npz,AOMH01,2008/5/23 2:40,2008/5/23 2:40,4.3,train
train_000972,record_000972.npz,AOMH01,2008/6/26 8:37,2008/6/26 8:37,5.4,train
train_000973,record_000973.npz,AOMH01,2008/8/9 0:53,2008/8/9 0:53,5.4,train
train_000974,record_000974.npz,AOMH01,2008/8/9 9:54,2008/8/9 9:54,4.5,train
train_000975,record_000975.npz,AOMH02,2002/2/14 10:12,2002/2/14 10:12,5,train
train_000976,record_000976.npz,AOMH02,2002/4/4 8:42,2002/4/4 8:42,5.3,train
train_000977,record_000977.npz,AOMH02,2002/4/21 6:30,2002/4/21 6:30,4.7,train
train_000978,record_000978.npz,AOMH02,2002/5/30 14:08,2002/5/30 14:08,4.6,train
train_000979,record_000979.npz,AOMH02,2002/7/10 23:48,2002/7/10 23:49,4.8,train
train_000980,record_000980.npz,AOMH02,2002/10/14 23:13,2002/10/14 23:13,5.9,train
train_000981,record_000981.npz,AOMH02,2002/10/19 5:26,2002/10/19 5:27,4.3,train
train_000982,record_000982.npz,AOMH03,2001/4/3 4:54,2001/4/3 4:54,5.4,train
train_000983,record_000983.npz,AOMH03,2001/8/14 5:11,2001/8/14 5:11,6.2,train
train_000984,record_000984.npz,AOMH03,2001/8/24 18:48,2001/8/24 18:48,5.2,train
train_000985,record_000985.npz,AOMH03,2002/2/14 10:12,2002/2/14 10:12,5,train
train_000986,record_000986.npz,AOMH03,2002/3/7 4:19,2002/3/7 4:19,4.7,train
train_000987,record_000987.npz,AOMH03,2002/4/4 8:42,2002/4/4 8:42,5.3,train
train_000988,record_000988.npz,AOMH03,2002/4/11 21:04,2002/4/11 21:05,4.7,train
train_000989,record_000989.npz,AOMH03,2002/4/21 6:30,2002/4/21 6:30,4.7,train
train_000990,record_000990.npz,AOMH03,2002/5/30 14:08,2002/5/30 14:08,4.6,train
train_000991,record_000991.npz,AOMH03,2002/8/12 6:55,2002/8/12 6:55,5,train
train_000992,record_000992.npz,AOMH03,2002/9/3 7:24,2002/9/3 7:24,4.2,train
train_000993,record_000993.npz,AOMH03,2002/10/14 23:13,2002/10/14 23:13,5.9,train
train_000994,record_000994.npz,AOMH03,2003/4/17 3:00,2003/4/17 3:00,5.4,train
train_000995,record_000995.npz,AOMH03,2003/12/8 16:20,2003/12/8 16:20,4.9,train
train_000996,record_000996.npz,AOMH03,2004/2/4 15:08,2004/2/4 15:08,5.3,train
train_000997,record_000997.npz,AOMH03,2004/3/2 15:47,2004/3/2 15:47,4.1,train
train_000998,record_000998.npz,AOMH03,2004/9/22 20:04,2004/9/22 20:04,4.8,train
train_000999,record_000999.npz,AOMH03,2005/1/6 22:00,2005/1/6 22:00,5.3,train
train_001000,record_001000.npz,AOMH03,2005/2/26 21:37,2005/2/26 21:38,5.7,train
train_001001,record_001001.npz,AOMH03,2006/10/16 11:51,2006/10/16 11:51,4.5,train
train_001002,record_001002.npz,AOMH03,2006/12/24 12:53,2006/12/24 12:53,4.1,train
train_001003,record_001003.npz,AOMH03,2007/1/10 20:02,2007/1/10 20:03,4.2,train
train_001004,record_001004.npz,AOMH03,2007/1/16 21:52,2007/1/16 21:53,5,train
train_001005,record_001005.npz,AOMH03,2007/12/23 18:53,2007/12/23 18:53,4.5,train
train_001006,record_001006.npz,AOMH05,2002/2/14 10:12,2002/2/14 10:12,5,train
train_001007,record_001007.npz,AOMH05,2002/4/4 8:42,2002/4/4 8:42,5.3,train
train_001008,record_001008.npz,AOMH05,2003/1/6 13:43,2003/1/6 13:43,4.9,train
train_001009,record_001009.npz,AOMH05,2003/4/17 3:00,2003/4/17 3:00,5.4,train
train_001010,record_001010.npz,AOMH05,2003/12/8 16:20,2003/12/8 16:20,4.9,train
train_001011,record_001011.npz,AOMH05,2004/2/4 15:08,2004/2/4 15:08,5.3,train
train_001012,record_001012.npz,AOMH05,2004/7/26 3:33,2004/7/26 3:34,4.3,train
train_001013,record_001013.npz,AOMH05,2004/8/10 15:13,2004/8/10 15:13,5.8,train
train_001014,record_001014.npz,AOMH05,2004/9/22 20:04,2004/9/22 20:04,4.8,train
train_001015,record_001015.npz,AOMH05,2005/1/6 22:00,2005/1/6 22:00,5.3,train
train_001016,record_001016.npz,AOMH05,2005/2/2 16:43,2005/2/2 16:43,4.2,train
train_001017,record_001017.npz,AOMH05,2005/2/26 21:37,2005/2/26 21:37,5.7,train
train_001018,record_001018.npz,AOMH05,2006/3/12 7:06,2006/3/12 7:07,5,train
train_001019,record_001019.npz,AOMH05,2006/4/9 9:37,2006/4/9 9:37,4.6,train
train_001020,record_001020.npz,AOMH05,2006/10/16 11:51,2006/10/16 11:51,4.5,train
train_001021,record_001021.npz,AOMH05,2006/11/6 6:57,2006/11/6 6:57,4.4,train
train_001022,record_001022.npz,AOMH05,2007/10/20 19:05,2007/10/20 19:06,4.4,train
train_001023,record_001023.npz,AOMH05,2007/11/27 19:22,2007/11/27 19:22,4.3,train
train_001024,record_001024.npz,AOMH05,2007/12/23 18:53,2007/12/23 18:53,4.5,train
train_001025,record_001025.npz,AOMH05,2008/1/21 12:12,2008/1/21 12:12,4.3,train
train_001026,record_001026.npz,AOMH05,2008/3/23 15:54,2008/3/23 15:54,4.4,train
train_001027,record_001027.npz,AOMH05,2008/3/29 8:03,2008/3/29 8:03,4.6,train
train_001028,record_001028.npz,AOMH05,2008/4/29 14:26,2008/4/29 14:26,5.7,train
train_001029,record_001029.npz,AOMH05,2008/5/10 9:01,2008/5/10 9:01,4.8,train
train_001030,record_001030.npz,AOMH05,2008/5/14 3:00,2008/5/14 3:00,4.2,train
train_001031,record_001031.npz,AOMH05,2008/5/23 2:40,2008/5/23 2:40,4.3,train
train_001032,record_001032.npz,AOMH05,2008/5/31 23:28,2008/5/31 23:29,5,train
train_001033,record_001033.npz,AOMH05,2008/6/26 8:37,2008/6/26 8:37,5.4,train
train_001034,record_001034.npz,AOMH06,2001/4/3 4:54,2001/4/3 4:54,5.4,train
train_001035,record_001035.npz,AOMH06,2001/8/14 5:11,2001/8/14 5:11,6.2,train
train_001036,record_001036.npz,AOMH06,2001/8/24 18:48,2001/8/24 18:48,5.2,train
train_001037,record_001037.npz,AOMH06,2002/2/14 10:12,2002/2/14 10:12,5,train
train_001038,record_001038.npz,AOMH06,2002/4/4 8:42,2002/4/4 8:42,5.3,train
train_001039,record_001039.npz,AOMH06,2002/4/21 6:30,2002/4/21 6:30,4.7,train
train_001040,record_001040.npz,AOMH06,2002/5/30 14:08,2002/5/30 14:08,4.6,train
train_001041,record_001041.npz,AOMH06,2002/10/14 23:13,2002/10/14 23:12,5.9,train
train_001042,record_001042.npz,AOMH06,2005/1/6 22:00,2005/1/6 22:00,5.3,train
train_001043,record_001043.npz,AOMH06,2005/2/26 21:37,2005/2/26 21:37,5.7,train
train_001044,record_001044.npz,AOMH06,2007/5/19 1:00,2007/5/19 1:00,5.3,train
train_001045,record_001045.npz,AOMH06,2007/10/20 19:05,2007/10/20 19:06,4.4,train
train_001046,record_001046.npz,AOMH06,2007/12/23 18:53,2007/12/23 18:53,4.5,train
train_001047,record_001047.npz,AOMH06,2008/1/21 12:12,2008/1/21 12:12,4.3,train
train_001048,record_001048.npz,AOMH06,2008/3/29 8:03,2008/3/29 8:04,4.6,train
train_001049,record_001049.npz,AOMH06,2008/4/29 14:26,2008/4/29 14:26,5.7,train
train_001050,record_001050.npz,AOMH06,2008/5/10 9:01,2008/5/10 9:01,4.8,train
train_001051,record_001051.npz,AOMH06,2008/5/14 3:00,2008/5/14 3:00,4.2,train
train_001052,record_001052.npz,AOMH06,2008/5/23 2:40,2008/5/23 2:40,4.3,train
train_001053,record_001053.npz,AOMH06,2008/5/31 23:28,2008/5/31 23:28,5,train
train_001054,record_001054.npz,AOMH06,2008/6/26 8:37,2008/6/26 8:37,5.4,train
train_001055,record_001055.npz,AOMH06,2008/7/24 0:26,2008/7/24 0:26,6.8,train
train_001056,record_001056.npz,AOMH06,2008/7/24 11:28,2008/7/24 11:28,4.8,train
train_001057,record_001057.npz,AOMH06,2008/8/9 0:53,2008/8/9 0:53,5.4,train
train_001058,record_001058.npz,AOMH06,2008/8/9 9:54,2008/8/9 9:55,4.5,train
train_001059,record_001059.npz,AOMH06,2008/9/22 16:32,2008/9/22 16:32,5.6,train
train_001060,record_001060.npz,AOMH07,2010/1/24 16:19,2010/1/24 16:19,4.5,train
train_001061,record_001061.npz,AOMH07,2010/2/4 21:24,2010/2/4 21:24,4.6,train
train_001062,record_001062.npz,AOMH07,2010/3/1 7:08,2010/3/1 7:08,4.9,train
train_001063,record_001063.npz,AOMH07,2010/6/28 6:03,2010/6/28 6:04,5.1,train
train_001064,record_001064.npz,AOMH07,2010/8/31 11:30,2010/8/31 11:30,4.9,train
train_001065,record_001065.npz,AOMH07,2010/10/11 23:10,2010/10/11 23:10,4.2,train
train_001066,record_001066.npz,AOMH07,2011/3/12 4:47,2011/3/12 4:47,6.4,train
train_001067,record_001067.npz,AOMH08,2001/8/14 5:11,2001/8/14 5:11,6.2,train
train_001068,record_001068.npz,AOMH08,2002/4/4 8:42,2002/4/4 8:42,5.3,train
train_001069,record_001069.npz,AOMH08,2002/5/30 14:08,2002/5/30 14:08,4.6,train
train_001070,record_001070.npz,AOMH08,2002/7/1 15:48,2002/7/1 15:48,4.3,train
train_001071,record_001071.npz,AOMH08,2002/7/30 1:19,2002/7/30 1:19,4.1,train
train_001072,record_001072.npz,AOMH08,2002/10/14 23:13,2002/10/14 23:13,5.9,train
train_001073,record_001073.npz,AOMH08,2002/10/25 5:00,2002/10/25 5:01,4.5,train
train_001074,record_001074.npz,AOMH08,2005/10/18 1:13,2005/10/18 1:13,5.4,train
train_001075,record_001075.npz,AOMH08,2008/4/29 14:26,2008/4/29 14:26,5.7,train
train_001076,record_001076.npz,AOMH08,2008/6/14 8:43,2008/6/14 8:44,7.2,train
train_001077,record_001077.npz,AOMH08,2008/6/14 12:27,2008/6/14 12:28,5.2,train
train_001078,record_001078.npz,AOMH08,2008/7/24 0:26,2008/7/24 0:26,6.8,train
train_001079,record_001079.npz,AOMH08,2008/7/24 11:28,2008/7/24 11:28,4.8,train
train_001080,record_001080.npz,AOMH08,2008/8/9 0:53,2008/8/9 0:53,5.4,train
train_001081,record_001081.npz,AOMH08,2008/9/22 16:32,2008/9/22 16:32,5.6,train
train_001082,record_001082.npz,AOMH08,2008/11/17 19:09,2008/11/17 19:10,4.3,train
train_001083,record_001083.npz,AOMH08,2009/2/15 18:24,2009/2/15 18:24,5.9,train
train_001084,record_001084.npz,AOMH08,2009/8/12 17:51,2009/8/12 17:52,4.2,train
train_001085,record_001085.npz,AOMH08,2009/8/24 14:26,2009/8/24 14:26,5.4,train
train_001086,record_001086.npz,AOMH08,2009/9/30 2:21,2009/9/30 2:22,4.3,train
train_001087,record_001087.npz,AOMH08,2009/10/18 23:13,2009/10/18 23:13,4.2,train
train_001088,record_001088.npz,AOMH09,2001/8/14 5:11,2001/8/14 5:11,6.2,train
train_001089,record_001089.npz,AOMH09,2001/8/24 18:48,2001/8/24 18:48,5.2,train
train_001090,record_001090.npz,AOMH09,2001/12/2 22:02,2001/12/2 22:02,6.4,train
train_001091,record_001091.npz,AOMH09,2002/4/4 8:42,2002/4/4 8:42,5.3,train
train_001092,record_001092.npz,AOMH09,2002/7/30 1:19,2002/7/30 1:19,4.1,train
train_001093,record_001093.npz,AOMH09,2002/10/14 23:13,2002/10/14 23:13,5.9,train
train_001094,record_001094.npz,AOMH09,2004/9/22 20:04,2004/9/22 20:04,4.8,train
train_001095,record_001095.npz,AOMH09,2004/11/6 4:23,2004/11/6 4:23,4.3,train
train_001096,record_001096.npz,AOMH09,2008/6/14 8:43,2008/6/14 8:44,7.2,train
train_001097,record_001097.npz,AOMH09,2008/6/14 9:20,2008/6/14 9:20,5.7,train
train_001098,record_001098.npz,AOMH09,2008/7/24 0:26,2008/7/24 0:26,6.8,train
train_001099,record_001099.npz,AOMH09,2008/9/22 16:32,2008/9/22 16:32,5.6,train
train_001100,record_001100.npz,AOMH09,2009/2/15 18:24,2009/2/15 18:24,5.9,train
train_001101,record_001101.npz,AOMH09,2009/4/25 22:54,2009/4/25 22:54,5,train
train_001102,record_001102.npz,AOMH09,2009/8/24 14:26,2009/8/24 14:26,5.4,train
train_001103,record_001103.npz,AOMH09,2009/10/18 23:13,2009/10/18 23:13,4.2,train
train_001104,record_001104.npz,AOMH09,2010/1/24 16:19,2010/1/24 16:19,4.5,train
train_001105,record_001105.npz,AOMH09,2010/2/4 21:24,2010/2/4 21:24,4.6,train
train_001106,record_001106.npz,AOMH09,2010/3/1 7:08,2010/3/1 7:08,4.9,train
train_001107,record_001107.npz,AOMH09,2010/6/28 6:03,2010/6/28 6:04,5.1,train
train_001108,record_001108.npz,AOMH09,2011/3/12 4:47,2011/3/12 4:47,6.4,train
train_001109,record_001109.npz,AOMH11,2001/4/3 4:54,2001/4/3 4:54,5.4,train
train_001110,record_001110.npz,AOMH11,2001/8/14 5:11,2001/8/14 5:11,6.2,train
train_001111,record_001111.npz,AOMH11,2001/12/2 22:02,2001/12/2 22:02,6.4,train
train_001112,record_001112.npz,AOMH11,2002/4/4 8:42,2002/4/4 8:42,5.3,train
train_001113,record_001113.npz,AOMH11,2002/5/30 14:08,2002/5/30 14:08,4.6,train
train_001114,record_001114.npz,AOMH11,2002/7/30 1:19,2002/7/30 1:19,4.1,train
train_001115,record_001115.npz,AOMH11,2002/8/12 6:55,2002/8/12 6:55,5,train
train_001116,record_001116.npz,AOMH11,2002/9/3 7:24,2002/9/3 7:24,4.2,train
train_001117,record_001117.npz,AOMH11,2002/9/16 0:25,2002/9/16 0:26,4.4,train
train_001118,record_001118.npz,AOMH11,2002/10/14 23:13,2002/10/14 23:13,5.9,train
train_001119,record_001119.npz,AOMH11,2003/1/6 13:43,2003/1/6 13:43,4.9,train
train_001120,record_001120.npz,AOMH11,2003/1/13 13:38,2003/1/13 13:39,4.3,train
train_001121,record_001121.npz,AOMH11,2003/1/28 20:09,2003/1/28 20:10,4.5,train
train_001122,record_001122.npz,AOMH11,2004/2/4 15:08,2004/2/4 15:08,5.3,train
train_001123,record_001123.npz,AOMH11,2005/2/26 21:37,2005/2/26 21:38,5.7,train
train_001124,record_001124.npz,AOMH11,2007/12/23 18:53,2007/12/23 18:53,4.5,train
train_001125,record_001125.npz,AOMH11,2008/1/21 12:12,2008/1/21 12:12,4.3,train
train_001126,record_001126.npz,AOMH11,2008/3/29 8:03,2008/3/29 8:03,4.6,train
train_001127,record_001127.npz,AOMH11,2008/4/29 14:26,2008/4/29 14:26,5.7,train
train_001128,record_001128.npz,AOMH11,2008/5/10 9:01,2008/5/10 9:01,4.8,train
train_001129,record_001129.npz,AOMH11,2008/5/23 2:40,2008/5/23 2:40,4.3,train
train_001130,record_001130.npz,AOMH12,2000/10/3 13:13,2000/10/3 13:14,5.9,train
train_001131,record_001131.npz,AOMH12,2001/4/3 4:54,2001/4/3 4:54,5.4,train
train_001132,record_001132.npz,AOMH12,2001/8/14 5:11,2001/8/14 5:11,6.2,train
train_001133,record_001133.npz,AOMH12,2001/12/2 22:02,2001/12/2 22:02,6.4,train
train_001134,record_001134.npz,AOMH12,2002/4/4 8:42,2002/4/4 8:42,5.3,train
train_001135,record_001135.npz,AOMH12,2002/10/14 23:13,2002/10/14 23:13,5.9,train
train_001136,record_001136.npz,AOMH12,2003/1/6 13:43,2003/1/6 13:43,4.9,train
train_001137,record_001137.npz,AOMH12,2003/3/27 10:10,2003/3/27 10:10,4.7,train
train_001138,record_001138.npz,AOMH12,2003/4/17 3:00,2003/4/17 3:00,5.4,train
train_001139,record_001139.npz,AOMH12,2004/2/4 15:08,2004/2/4 15:08,5.3,train
train_001140,record_001140.npz,AOMH12,2004/8/10 15:13,2004/8/10 15:13,5.8,train
train_001141,record_001141.npz,AOMH12,2005/2/26 21:37,2005/2/26 21:37,5.7,train
train_001142,record_001142.npz,AOMH12,2007/12/23 18:53,2007/12/23 18:53,4.5,train
train_001143,record_001143.npz,AOMH12,2008/1/11 8:00,2008/1/11 8:00,4.7,train
train_001144,record_001144.npz,AOMH12,2008/1/21 12:12,2008/1/21 12:12,4.3,train
train_001145,record_001145.npz,AOMH12,2008/3/23 15:54,2008/3/23 15:54,4.4,train
train_001146,record_001146.npz,AOMH12,2008/3/29 8:03,2008/3/29 8:03,4.6,train
train_001147,record_001147.npz,AOMH12,2008/4/29 14:26,2008/4/29 14:26,5.7,train
train_001148,record_001148.npz,AOMH12,2008/5/10 9:01,2008/5/10 9:01,4.8,train
train_001149,record_001149.npz,AOMH12,2008/5/14 3:00,2008/5/14 3:00,4.2,train
train_001150,record_001150.npz,AOMH12,2008/5/23 2:40,2008/5/23 2:40,4.3,train
train_001151,record_001151.npz,AOMH12,2008/5/31 23:28,2008/5/31 23:28,5,train
train_001152,record_001152.npz,AOMH12,2008/6/14 8:43,2008/6/14 8:44,7.2,train
train_001153,record_001153.npz,AOMH12,2008/6/14 9:00,2008/6/14 9:01,4.2,train
train_001154,record_001154.npz,AOMH12,2008/6/14 9:20,2008/6/14 9:20,5.7,train
train_001155,record_001155.npz,AOMH12,2008/6/14 10:00,2008/6/14 10:01,4.5,train
train_001156,record_001156.npz,AOMH14,2002/10/14 23:13,2002/10/14 23:13,5.9,train
train_001157,record_001157.npz,AOMH14,2002/10/25 5:00,2002/10/25 5:01,4.5,train
train_001158,record_001158.npz,AOMH14,2008/4/29 14:26,2008/4/29 14:26,5.7,train
train_001159,record_001159.npz,AOMH14,2008/5/10 9:01,2008/5/10 9:01,4.8,train
train_001160,record_001160.npz,AOMH14,2008/6/14 8:43,2008/6/14 8:44,7.2,train
train_001161,record_001161.npz,AOMH14,2008/6/14 9:20,2008/6/14 9:20,5.7,train
train_001162,record_001162.npz,AOMH14,2008/6/14 10:00,2008/6/14 10:01,4.5,train
train_001163,record_001163.npz,AOMH14,2008/6/14 12:27,2008/6/14 12:28,5.2,train
train_001164,record_001164.npz,AOMH14,2008/6/14 23:42,2008/6/14 23:43,4.8,train
train_001165,record_001165.npz,AOMH14,2008/6/16 23:14,2008/6/16 23:15,5.3,train
train_001166,record_001166.npz,AOMH14,2008/6/18 16:55,2008/6/18 16:55,4.5,train
train_001167,record_001167.npz,AOMH14,2008/7/24 0:26,2008/7/24 0:26,6.8,train
train_001168,record_001168.npz,AOMH14,2008/9/22 16:32,2008/9/22 16:32,5.6,train
train_001169,record_001169.npz,AOMH14,2009/2/15 18:24,2009/2/15 18:24,5.9,train
train_001170,record_001170.npz,AOMH14,2009/8/24 14:26,2009/8/24 14:26,5.4,train
train_001171,record_001171.npz,AOMH14,2009/10/18 23:13,2009/10/18 23:13,4.2,train
train_001172,record_001172.npz,AOMH14,2010/1/24 16:19,2010/1/24 16:19,4.5,train
train_001173,record_001173.npz,AOMH14,2010/2/4 21:24,2010/2/4 21:24,4.6,train
train_001174,record_001174.npz,AOMH14,2010/3/1 7:08,2010/3/1 7:08,4.9,train
train_001175,record_001175.npz,AOMH14,2010/6/28 6:03,2010/6/28 6:03,5.1,train
train_001176,record_001176.npz,AOMH14,2010/7/4 4:33,2010/7/4 4:33,5.2,train
train_001177,record_001177.npz,AOMH14,2010/8/31 11:30,2010/8/31 11:30,4.9,train
train_001178,record_001178.npz,AOMH14,2010/9/13 14:48,2010/9/13 14:48,5.8,train
train_001179,record_001179.npz,AOMH14,2010/10/11 23:10,2010/10/11 23:10,4.2,train
train_001180,record_001180.npz,AOMH14,2011/3/12 4:47,2011/3/12 4:47,6.4,train
train_001181,record_001181.npz,AOMH15,2008/1/11 8:00,2008/1/11 8:01,4.7,train
train_001182,record_001182.npz,AOMH15,2008/4/29 14:26,2008/4/29 14:26,5.7,train
train_001183,record_001183.npz,AOMH15,2008/5/31 23:28,2008/5/31 23:29,5,train
train_001184,record_001184.npz,AOMH15,2008/6/14 8:43,2008/6/14 8:44,7.2,train
train_001185,record_001185.npz,AOMH15,2008/6/14 8:46,2008/6/14 8:48,4.5,train
train_001186,record_001186.npz,AOMH15,2008/6/14 8:56,2008/6/14 8:57,4.4,train
train_001187,record_001187.npz,AOMH15,2008/6/14 9:07,2008/6/14 9:07,4.8,train
train_001188,record_001188.npz,AOMH15,2008/6/14 9:20,2008/6/14 9:20,5.7,train
train_001189,record_001189.npz,AOMH15,2008/6/14 10:40,2008/6/14 10:40,4.8,train
train_001190,record_001190.npz,AOMH15,2008/6/14 12:27,2008/6/14 12:28,5.2,train
train_001191,record_001191.npz,AOMH15,2008/6/14 23:42,2008/6/14 23:43,4.8,train
train_001192,record_001192.npz,AOMH15,2008/6/16 23:14,2008/6/16 23:15,5.3,train
train_001193,record_001193.npz,AOMH15,2008/6/18 16:55,2008/6/18 16:55,4.5,train
train_001194,record_001194.npz,AOMH15,2008/7/23 12:54,2008/7/23 12:55,4.2,train
train_001195,record_001195.npz,AOMH15,2008/7/24 0:26,2008/7/24 0:26,6.8,train
train_001196,record_001196.npz,AOMH16,2001/4/3 4:54,2001/4/3 4:54,5.4,train
train_001197,record_001197.npz,AOMH16,2001/8/14 5:11,2001/8/14 5:11,6.2,train
train_001198,record_001198.npz,AOMH16,2001/8/24 18:48,2001/8/24 18:48,5.2,train
train_001199,record_001199.npz,AOMH16,2001/12/2 22:02,2001/12/2 22:02,6.4,train
train_001200,record_001200.npz,AOMH16,2002/1/27 16:09,2002/1/27 16:09,5.3,train
train_001201,record_001201.npz,AOMH16,2002/2/14 10:12,2002/2/14 10:12,5,train
train_001202,record_001202.npz,AOMH16,2002/3/2 20:39,2002/3/2 20:38,4.8,train
train_001203,record_001203.npz,AOMH16,2002/3/7 4:19,2002/3/7 4:19,4.7,train
train_001204,record_001204.npz,AOMH16,2002/4/4 8:42,2002/4/4 8:42,5.3,train
train_001205,record_001205.npz,AOMH16,2002/4/11 21:04,2002/4/11 21:04,4.7,train
train_001206,record_001206.npz,AOMH16,2002/4/21 6:30,2002/4/21 6:31,4.7,train
train_001207,record_001207.npz,AOMH16,2002/5/12 10:29,2002/5/12 10:30,5.1,train
train_001208,record_001208.npz,AOMH16,2002/5/30 14:08,2002/5/30 14:08,4.6,train
train_001209,record_001209.npz,AOMH16,2002/6/21 23:15,2002/6/21 23:15,4.8,train
train_001210,record_001210.npz,AOMH16,2002/7/1 15:48,2002/7/1 15:48,4.3,train
train_001211,record_001211.npz,AOMH16,2002/7/12 22:35,2002/7/12 22:35,4.4,train
train_001212,record_001212.npz,AOMH16,2002/7/30 1:19,2002/7/30 1:19,4.1,train
train_001213,record_001213.npz,AOMH16,2002/8/12 6:55,2002/8/12 6:55,5,train
train_001214,record_001214.npz,AOMH16,2002/8/23 11:19,2002/8/23 11:19,4.7,train
train_001215,record_001215.npz,AOMH16,2002/9/3 7:24,2002/9/3 7:24,4.2,train
train_001216,record_001216.npz,AOMH16,2002/9/16 0:25,2002/9/16 0:26,4.4,train
train_001217,record_001217.npz,AOMH16,2002/10/14 23:13,2002/10/14 23:13,5.9,train
train_001218,record_001218.npz,AOMH16,2002/10/25 5:00,2002/10/25 5:01,4.5,train
train_001219,record_001219.npz,AOMH16,2002/12/18 0:48,2002/12/18 0:48,4.6,train
train_001220,record_001220.npz,AOMH16,2002/12/19 21:19,2002/12/19 21:19,4.7,train
train_001221,record_001221.npz,AOMH16,2003/1/6 13:43,2003/1/6 13:43,4.9,train
train_001222,record_001222.npz,AOMH17,2001/4/3 4:54,2001/4/3 4:54,5.4,train
train_001223,record_001223.npz,AOMH17,2001/5/25 8:39,2001/5/25 8:39,4.6,train
train_001224,record_001224.npz,AOMH17,2001/7/18 7:47,2001/7/18 7:48,4.3,train
train_001225,record_001225.npz,AOMH17,2001/8/14 5:11,2001/8/14 5:11,6.2,train
train_001226,record_001226.npz,AOMH17,2001/8/24 18:48,2001/8/24 18:48,5.2,train
train_001227,record_001227.npz,AOMH17,2001/9/17 20:39,2001/9/17 20:40,4.1,train
train_001228,record_001228.npz,AOMH17,2001/11/13 16:45,2001/11/13 16:45,4.7,train
train_001229,record_001229.npz,AOMH17,2001/12/2 22:02,2001/12/2 22:02,6.4,train
train_001230,record_001230.npz,AOMH17,2002/3/2 20:39,2002/3/2 20:38,4.8,train
train_001231,record_001231.npz,AOMH17,2002/3/7 4:19,2002/3/7 4:19,4.7,train
train_001232,record_001232.npz,AOMH17,2002/4/4 8:42,2002/4/4 8:42,5.3,train
train_001233,record_001233.npz,AOMH17,2002/4/11 21:04,2002/4/11 21:04,4.7,train
train_001234,record_001234.npz,AOMH17,2002/4/21 6:30,2002/4/21 6:31,4.7,train
train_001235,record_001235.npz,AOMH17,2002/5/12 10:29,2002/5/12 10:30,5.1,train
train_001236,record_001236.npz,AOMH17,2002/5/30 14:08,2002/5/30 14:08,4.6,train
train_001237,record_001237.npz,AOMH17,2002/6/21 23:15,2002/6/21 23:15,4.8,train
train_001238,record_001238.npz,AOMH17,2002/7/1 15:48,2002/7/1 15:48,4.3,train
train_001239,record_001239.npz,AOMH17,2002/7/3 18:57,2002/7/3 18:58,4.4,train
train_001240,record_001240.npz,AOMH17,2002/7/10 23:48,2002/7/10 23:49,4.8,train
train_001241,record_001241.npz,AOMH17,2002/7/12 22:35,2002/7/12 22:35,4.4,train
train_001242,record_001242.npz,AOMH17,2002/7/30 1:19,2002/7/30 1:19,4.1,train
train_001243,record_001243.npz,AOMH17,2002/8/5 5:57,2002/8/5 5:58,4.2,train
train_001244,record_001244.npz,AOMH17,2002/8/12 6:55,2002/8/12 6:55,5,train
train_001245,record_001245.npz,AOMH17,2002/8/23 11:19,2002/8/23 11:19,4.7,train
train_001246,record_001246.npz,AOMH17,2002/9/3 7:24,2002/9/3 7:24,4.2,train
train_001247,record_001247.npz,AOMH17,2002/9/16 0:25,2002/9/16 0:26,4.4,train
train_001248,record_001248.npz,AOMH17,2002/10/14 2:07,2002/10/14 2:07,4.1,train
train_001249,record_001249.npz,AOMH17,2002/10/14 23:13,2002/10/14 23:13,5.9,train
train_001250,record_001250.npz,AOMH18,2001/4/3 4:54,2001/4/3 4:54,5.4,train
train_001251,record_001251.npz,AOMH18,2001/8/14 5:11,2001/8/14 5:11,6.2,train
train_001252,record_001252.npz,AOMH18,2001/12/2 22:02,2001/12/2 22:02,6.4,train
train_001253,record_001253.npz,AOMH18,2002/3/7 4:19,2002/3/7 4:19,4.7,train
train_001254,record_001254.npz,AOMH18,2002/4/4 8:42,2002/4/4 8:42,5.3,train
train_001255,record_001255.npz,AOMH18,2002/9/16 0:25,2002/9/16 0:26,4.4,train
train_001256,record_001256.npz,AOMH18,2002/10/14 23:13,2002/10/14 23:13,5.9,train
train_001257,record_001257.npz,AOMH18,2002/10/25 5:00,2002/10/25 5:01,4.5,train
train_001258,record_001258.npz,AOMH18,2003/4/17 3:00,2003/4/17 3:00,5.4,train
train_001259,record_001259.npz,AOMH18,2003/5/26 18:24,2003/5/26 18:25,7,train
train_001260,record_001260.npz,AOMH18,2004/2/4 15:08,2004/2/4 15:08,5.3,train
train_001261,record_001261.npz,AOMH18,2004/7/9 19:54,2004/7/9 19:54,4.4,train
train_001262,record_001262.npz,AOMH18,2004/8/10 15:13,2004/8/10 15:13,5.8,train
train_001263,record_001263.npz,AOMH18,2005/2/26 21:37,2005/2/26 21:38,5.7,train
train_001264,record_001264.npz,AOMH18,2008/1/11 8:00,2008/1/11 8:00,4.7,train
train_001265,record_001265.npz,AOMH18,2008/3/29 8:03,2008/3/29 8:03,4.6,train
train_001266,record_001266.npz,AOMH18,2008/4/29 14:26,2008/4/29 14:26,5.7,train
train_001267,record_001267.npz,AOMH18,2008/5/31 23:28,2008/5/31 23:28,5,train
train_001268,record_001268.npz,AOMH18,2008/6/14 8:43,2008/6/14 8:43,7.2,train
train_001269,record_001269.npz,AOMH18,2008/6/14 8:49,2008/6/14 8:49,4.5,train
train_001270,record_001270.npz,AOMH18,2008/6/14 9:07,2008/6/14 9:07,4.8,train
train_001271,record_001271.npz,AOMH18,2008/6/14 9:20,2008/6/14 9:20,5.7,train
train_001272,record_001272.npz,AOMH18,2008/6/14 9:52,2008/6/14 9:53,4.6,train
train_001273,record_001273.npz,AOMH18,2008/6/14 10:00,2008/6/14 10:00,4.5,train
train_001274,record_001274.npz,AOMH18,2008/6/14 12:27,2008/6/14 12:27,5.2,train
train_001275,record_001275.npz,CHBH14,2003/7/17 11:53,2003/7/17 11:53,4.1,train
train_001276,record_001276.npz,CHBH14,2003/11/23 7:00,2003/11/23 7:00,5.1,train
train_001277,record_001277.npz,CHBH14,2005/4/11 7:22,2005/4/11 7:22,6.1,train
train_001278,record_001278.npz,CHBH14,2005/5/19 10:14,2005/5/19 10:14,5.4,train
train_001279,record_001279.npz,CHBH14,2005/6/20 1:15,2005/6/20 1:15,5.6,train
train_001280,record_001280.npz,CHBH14,2005/9/9 16:15,2005/9/9 16:15,5,train
train_001281,record_001281.npz,CHBH14,2005/10/19 20:44,2005/10/19 20:44,6.3,train
train_001282,record_001282.npz,CHBH14,2006/9/7 3:06,2006/9/7 3:06,5.1,train
train_001283,record_001283.npz,CHBH14,2008/5/8 1:02,2008/5/8 1:02,6.4,train
train_001284,record_001284.npz,CHBH14,2008/5/8 1:45,2008/5/8 1:45,7,train
train_001285,record_001285.npz,CHBH14,2009/6/6 14:52,2009/6/6 14:52,5.9,train
train_001286,record_001286.npz,CHBH14,2010/7/23 6:06,2010/7/23 6:06,4.9,train
train_001287,record_001287.npz,CHBH14,2011/3/11 15:15,2011/3/11 15:12,7.7,train
train_001288,record_001288.npz,CHBH14,2011/3/13 10:26,2011/3/13 10:26,6.4,train
train_001289,record_001289.npz,CHBH14,2011/3/14 10:02,2011/3/14 10:02,6.2,train
train_001290,record_001290.npz,CHBH16,2005/7/23 16:35,2005/7/23 16:35,6,train
train_001291,record_001291.npz,CHBH16,2006/10/14 6:38,2006/10/14 6:38,5.1,train
train_001292,record_001292.npz,CHBH16,2008/2/10 9:37,2008/2/10 9:37,5,train
train_001293,record_001293.npz,CHBH16,2008/2/10 23:57,2008/2/10 23:57,4.2,train
train_001294,record_001294.npz,CHBH16,2008/4/1 23:29,2008/4/1 23:29,4.7,train
train_001295,record_001295.npz,CHBH16,2008/4/4 19:02,2008/4/4 19:02,5,train
train_001296,record_001296.npz,CHBH16,2008/4/6 21:55,2008/4/6 21:56,4.3,train
train_001297,record_001297.npz,CHBH16,2008/4/23 10:27,2008/4/23 10:28,5.3,train
train_001298,record_001298.npz,CHBH16,2008/4/25 18:52,2008/4/25 18:53,4.8,train
train_001299,record_001299.npz,CHBH16,2008/5/1 7:34,2008/5/1 7:34,4.6,train
train_001300,record_001300.npz,CHBH16,2008/5/8 1:45,2008/5/8 1:45,7,train
train_001301,record_001301.npz,CHBH16,2008/5/9 7:43,2008/5/9 7:43,4.6,train
train_001302,record_001302.npz,CHBH16,2008/6/22 12:48,2008/6/22 12:48,4.3,train
train_001303,record_001303.npz,CHBH16,2008/8/8 12:57,2008/8/8 12:57,4.6,train
train_001304,record_001304.npz,CHBH16,2008/8/20 15:13,2008/8/20 15:13,4.6,train
train_001305,record_001305.npz,CHBH16,2008/8/22 19:59,2008/8/22 20:00,5.2,train
train_001306,record_001306.npz,CHBH16,2008/9/6 16:29,2008/9/6 16:29,4.7,train
train_001307,record_001307.npz,CHBH16,2008/9/21 7:17,2008/9/21 7:17,4.8,train
train_001308,record_001308.npz,CHBH16,2008/10/8 15:07,2008/10/8 15:08,4.7,train
train_001309,record_001309.npz,CHBH16,2008/10/14 12:37,2008/10/14 12:38,4.3,train
train_001310,record_001310.npz,CHBH16,2008/10/16 9:23,2008/10/16 9:23,4.2,train
train_001311,record_001311.npz,CHBH16,2009/1/22 21:21,2009/1/22 21:21,4.7,train
train_001312,record_001312.npz,CHBH16,2009/2/17 4:54,2009/2/17 4:54,4.6,train
train_001313,record_001313.npz,CHBH16,2009/2/20 18:17,2009/2/20 18:17,4.4,train
train_001314,record_001314.npz,CHBH16,2009/6/6 14:52,2009/6/6 14:53,5.9,train
train_001315,record_001315.npz,CHBH16,2009/8/11 5:07,2009/8/11 5:07,6.5,train
train_001316,record_001316.npz,CHBH16,2009/8/21 8:51,2009/8/21 8:51,4.2,train
train_001317,record_001317.npz,CHBH16,2009/9/1 21:02,2009/9/1 21:02,4.9,train
train_001318,record_001318.npz,CHBH17,2004/7/17 15:10,2004/7/17 15:10,5.5,train
train_001319,record_001319.npz,CHBH17,2004/7/18 15:00,2004/7/18 15:00,4.4,train
train_001320,record_001320.npz,CHBH17,2004/8/6 3:23,2004/8/6 3:23,4.6,train
train_001321,record_001321.npz,CHBH17,2004/8/21 5:33,2004/8/21 5:33,5.4,train
train_001322,record_001322.npz,CHBH17,2004/10/6 23:40,2004/10/6 23:40,5.7,train
train_001323,record_001323.npz,CHBH17,2005/2/16 4:46,2005/2/16 4:46,5.4,train
train_001324,record_001324.npz,CHBH17,2005/4/11 7:22,2005/4/11 7:22,6.1,train
train_001325,record_001325.npz,CHBH17,2005/4/11 15:35,2005/4/11 15:35,4.4,train
train_001326,record_001326.npz,CHBH17,2005/4/17 20:09,2005/4/17 20:09,4.4,train
train_001327,record_001327.npz,CHBH17,2005/5/14 15:31,2005/5/14 15:31,4.1,train
train_001328,record_001328.npz,CHBH17,2005/5/19 10:14,2005/5/19 10:14,5.4,train
train_001329,record_001329.npz,CHBH17,2005/5/21 21:37,2005/5/21 21:38,4.3,train
train_001330,record_001330.npz,CHBH17,2005/5/30 7:34,2005/5/30 7:34,4.7,train
train_001331,record_001331.npz,CHBH17,2005/6/1 20:44,2005/6/1 20:44,4.3,train
train_001332,record_001332.npz,CHBH17,2005/6/9 9:28,2005/6/9 9:29,4.5,train
train_001333,record_001333.npz,CHBH17,2005/6/20 1:15,2005/6/20 1:15,5.6,train
train_001334,record_001334.npz,CHBH17,2005/7/23 16:35,2005/7/23 16:35,6,train
train_001335,record_001335.npz,CHBH17,2006/4/11 17:46,2006/4/11 17:46,5,train
train_001336,record_001336.npz,CHBH17,2006/5/20 13:58,2006/5/20 13:58,4.7,train
train_001337,record_001337.npz,CHBH17,2006/9/7 10:57,2006/9/7 10:57,4.6,train
train_001338,record_001338.npz,CHBH17,2006/10/14 6:38,2006/10/14 6:38,5.1,train
train_001339,record_001339.npz,CHBH17,2006/10/18 7:53,2006/10/18 7:53,4.2,train
train_001340,record_001340.npz,CHBH17,2006/10/27 17:37,2006/10/27 17:38,4.1,train
train_001341,record_001341.npz,CHBH17,2006/12/4 6:08,2006/12/4 6:08,4.5,train
train_001342,record_001342.npz,CHBH17,2006/12/31 8:30,2006/12/31 8:30,4.9,train
train_001343,record_001343.npz,EHMH01,2000/6/2 21:26,2000/6/2 21:26,4.2,train
train_001344,record_001344.npz,EHMH01,2000/6/8 9:32,2000/6/8 9:33,4.8,train
train_001345,record_001345.npz,EHMH01,2001/3/24 15:28,2001/3/24 15:28,6.4,train
train_001346,record_001346.npz,EHMH01,2001/4/25 23:40,2001/4/25 23:40,5.6,train
train_001347,record_001347.npz,EHMH01,2002/3/25 22:58,2002/3/25 22:58,4.7,train
train_001348,record_001348.npz,EHMH01,2002/4/6 1:57,2002/4/6 1:57,4.5,train
train_001349,record_001349.npz,EHMH01,2002/10/13 19:06,2002/10/13 19:06,4.7,train
train_001350,record_001350.npz,EHMH01,2002/11/4 13:36,2002/11/4 13:36,5.7,train
train_001351,record_001351.npz,EHMH01,2006/3/27 11:50,2006/3/27 11:50,5.5,train
train_001352,record_001352.npz,EHMH01,2006/6/12 5:01,2006/6/12 5:01,6.2,train
train_001353,record_001353.npz,EHMH01,2006/9/26 7:03,2006/9/26 7:04,5.3,train
train_001354,record_001354.npz,EHMH01,2008/3/8 3:52,2008/3/8 3:52,4.1,train
train_001355,record_001355.npz,EHMH01,2008/3/10 10:44,2008/3/10 10:45,5.1,train
train_001356,record_001356.npz,EHMH01,2008/5/1 5:51,2008/5/1 5:52,4.1,train
train_001357,record_001357.npz,EHMH01,2009/1/25 2:33,2009/1/25 2:33,4.4,train
train_001358,record_001358.npz,EHMH01,2009/4/5 18:36,2009/4/5 18:36,5.6,train
train_001359,record_001359.npz,EHMH01,2009/6/14 19:17,2009/6/14 19:18,4.2,train
train_001360,record_001360.npz,EHMH01,2009/7/18 5:16,2009/7/18 5:16,4.3,train
train_001361,record_001361.npz,EHMH01,2009/7/22 23:51,2009/7/22 23:51,4.6,train
train_001362,record_001362.npz,EHMH01,2009/8/5 12:51,2009/8/5 12:51,5,train
train_001363,record_001363.npz,EHMH01,2009/10/29 2:37,2009/10/29 2:37,4.7,train
train_001364,record_001364.npz,EHMH01,2009/12/16 14:12,2009/12/16 14:13,4.6,train
train_001365,record_001365.npz,EHMH01,2010/2/21 11:49,2010/2/21 11:49,4.5,train
train_001366,record_001366.npz,EHMH01,2010/4/17 5:35,2010/4/17 5:35,4.3,train
train_001367,record_001367.npz,EHMH01,2010/5/13 20:01,2010/5/13 20:01,4.7,train
train_001368,record_001368.npz,EHMH01,2010/7/23 14:25,2010/7/23 14:25,4.4,train
train_001369,record_001369.npz,EHMH01,2010/8/10 21:24,2010/8/10 21:24,4.4,train
train_001370,record_001370.npz,EHMH01,2010/10/6 13:51,2010/10/6 13:52,4.5,train
train_001371,record_001371.npz,EHMH01,2010/12/7 9:36,2010/12/7 9:36,4.1,train
train_001372,record_001372.npz,EHMH01,2011/2/28 9:04,2011/2/28 9:04,4.6,train
train_001373,record_001373.npz,EHMH02,2000/1/13 8:02,2000/1/13 8:02,4.2,train
train_001374,record_001374.npz,EHMH02,2000/7/26 16:24,2000/7/26 16:24,4.1,train
train_001375,record_001375.npz,EHMH02,2000/10/3 13:18,2000/10/3 13:18,4.2,train
train_001376,record_001376.npz,EHMH02,2000/10/8 13:17,2000/10/8 13:18,5.5,train
train_001377,record_001377.npz,EHMH02,2000/10/8 20:51,2000/10/8 20:52,5,train
train_001378,record_001378.npz,EHMH02,2001/1/9 13:37,2001/1/9 13:38,4.6,train
train_001379,record_001379.npz,EHMH02,2001/3/24 15:28,2001/3/24 15:28,6.4,train
train_001380,record_001380.npz,EHMH02,2001/3/24 15:48,2001/3/24 15:48,4.2,train
train_001381,record_001381.npz,EHMH02,2001/3/24 16:25,2001/3/24 16:25,4.2,train
train_001382,record_001382.npz,EHMH02,2001/3/24 17:02,2001/3/24 17:02,4.2,train
train_001383,record_001383.npz,EHMH02,2001/3/24 22:37,2001/3/24 22:37,4.1,train
train_001384,record_001384.npz,EHMH02,2001/3/25 19:19,2001/3/25 19:19,4.4,train
train_001385,record_001385.npz,EHMH02,2001/3/26 5:41,2001/3/26 5:41,5,train
train_001386,record_001386.npz,EHMH02,2001/4/3 21:14,2001/4/3 21:15,4.4,train
train_001387,record_001387.npz,EHMH02,2001/4/25 23:40,2001/4/25 23:40,5.6,train
train_001388,record_001388.npz,EHMH02,2001/5/9 19:48,2001/5/9 19:49,4.1,train
train_001389,record_001389.npz,EHMH02,2001/5/16 1:18,2001/5/16 1:18,4.2,train
train_001390,record_001390.npz,EHMH02,2001/8/24 21:44,2001/8/24 21:44,4.3,train
train_001391,record_001391.npz,EHMH02,2002/3/25 22:58,2002/3/25 22:58,4.7,train
train_001392,record_001392.npz,EHMH02,2002/4/6 1:57,2002/4/6 1:57,4.5,train
train_001393,record_001393.npz,EHMH02,2002/9/16 10:10,2002/9/16 10:11,5.3,train
train_001394,record_001394.npz,EHMH02,2002/9/25 14:45,2002/9/25 14:45,4.5,train
train_001395,record_001395.npz,EHMH02,2002/10/13 19:06,2002/10/13 19:06,4.7,train
train_001396,record_001396.npz,EHMH02,2002/10/13 20:17,2002/10/13 20:18,4.2,train
train_001397,record_001397.npz,EHMH02,2003/8/14 23:46,2003/8/14 23:46,4.6,train
train_001398,record_001398.npz,EHMH02,2004/9/21 10:13,2004/9/21 10:13,4.2,train
train_001399,record_001399.npz,EHMH02,2006/5/8 12:45,2006/5/8 12:45,4.2,train
train_001400,record_001400.npz,EHMH02,2006/5/28 20:36,2006/5/28 20:37,4.3,train
train_001401,record_001401.npz,EHMH02,2006/9/26 7:03,2006/9/26 7:04,5.3,train
train_001402,record_001402.npz,EHMH02,2008/3/8 3:52,2008/3/8 3:52,4.1,train
train_001403,record_001403.npz,EHMH03,2000/7/26 16:24,2000/7/26 16:24,4.1,train
train_001404,record_001404.npz,EHMH03,2000/10/6 13:30,2000/10/6 13:30,7.3,train
train_001405,record_001405.npz,EHMH03,2001/3/24 15:28,2001/3/24 15:28,6.4,train
train_001406,record_001406.npz,EHMH03,2003/8/14 23:46,2003/8/14 23:46,4.6,train
train_001407,record_001407.npz,EHMH03,2005/5/27 3:17,2005/5/27 3:17,4.7,train
train_001408,record_001408.npz,EHMH03,2007/4/26 9:03,2007/4/26 9:03,5.3,train
train_001409,record_001409.npz,EHMH03,2008/3/8 3:52,2008/3/8 3:52,4.1,train
train_001410,record_001410.npz,EHMH03,2009/7/22 23:51,2009/7/22 23:51,4.6,train
train_001411,record_001411.npz,EHMH03,2009/12/16 14:12,2009/12/16 14:13,4.6,train
train_001412,record_001412.npz,EHMH03,2010/10/6 13:51,2010/10/6 13:51,4.5,train
train_001413,record_001413.npz,EHMH03,2011/1/16 20:33,2011/1/16 20:33,4.5,train
train_001414,record_001414.npz,EHMH03,2011/2/21 15:46,2011/2/21 15:46,4.8,train
train_001415,record_001415.npz,EHMH04,2000/1/13 8:02,2000/1/13 8:02,4.2,train
train_001416,record_001416.npz,EHMH04,2000/10/3 13:18,2000/10/3 13:18,4.2,train
train_001417,record_001417.npz,EHMH04,2000/10/6 13:30,2000/10/6 13:30,7.3,train
train_001418,record_001418.npz,EHMH04,2000/10/6 14:52,2000/10/6 14:53,4.4,train
train_001419,record_001419.npz,EHMH04,2000/10/8 13:17,2000/10/8 13:18,5.5,train
train_001420,record_001420.npz,EHMH04,2001/1/9 13:37,2001/1/9 13:38,4.6,train
train_001421,record_001421.npz,EHMH04,2001/2/11 9:17,2001/2/11 9:18,4.3,train
train_001422,record_001422.npz,EHMH04,2001/3/24 15:28,2001/3/24 15:28,6.4,train
train_001423,record_001423.npz,EHMH04,2001/3/25 19:19,2001/3/25 19:19,4.4,train
train_001424,record_001424.npz,EHMH04,2001/3/26 5:41,2001/3/26 5:41,5,train
train_001425,record_001425.npz,EHMH04,2002/3/25 22:58,2002/3/25 22:58,4.7,train
train_001426,record_001426.npz,EHMH04,2002/10/13 19:06,2002/10/13 19:06,4.7,train
train_001427,record_001427.npz,EHMH04,2004/4/20 22:26,2004/4/20 22:26,4.6,train
train_001428,record_001428.npz,EHMH04,2004/9/21 10:13,2004/9/21 10:13,4.2,train
train_001429,record_001429.npz,EHMH04,2005/1/2 12:30,2005/1/2 12:30,4.2,train
train_001430,record_001430.npz,EHMH04,2005/5/27 3:17,2005/5/27 3:17,4.7,train
train_001431,record_001431.npz,EHMH04,2008/3/8 3:52,2008/3/8 3:52,4.1,train
train_001432,record_001432.npz,EHMH05,2000/1/13 8:02,2000/1/13 8:02,4.2,train
train_001433,record_001433.npz,EHMH05,2000/9/7 14:51,2000/9/7 14:51,4.3,train
train_001434,record_001434.npz,EHMH05,2000/10/3 13:18,2000/10/3 13:18,4.2,train
train_001435,record_001435.npz,EHMH05,2000/10/6 13:30,2000/10/6 13:30,7.3,train
train_001436,record_001436.npz,EHMH05,2000/12/1 3:46,2000/12/1 3:47,4.1,train
train_001437,record_001437.npz,EHMH05,2001/1/9 13:37,2001/1/9 13:38,4.6,train
train_001438,record_001438.npz,EHMH05,2001/1/25 19:45,2001/1/25 19:46,4.4,train
train_001439,record_001439.npz,EHMH05,2001/3/24 15:28,2001/3/24 15:28,6.4,train
train_001440,record_001440.npz,EHMH05,2001/3/26 5:41,2001/3/26 5:41,5,train
train_001441,record_001441.npz,EHMH05,2002/3/25 22:58,2002/3/25 22:58,4.7,train
train_001442,record_001442.npz,EHMH05,2002/4/6 1:57,2002/4/6 1:57,4.5,train
train_001443,record_001443.npz,EHMH05,2002/5/6 18:45,2002/5/6 18:45,4.3,train
train_001444,record_001444.npz,EHMH05,2002/9/25 14:45,2002/9/25 14:45,4.5,train
train_001445,record_001445.npz,EHMH05,2002/10/13 19:06,2002/10/13 19:06,4.7,train
train_001446,record_001446.npz,EHMH05,2002/10/13 20:17,2002/10/13 20:18,4.2,train
train_001447,record_001447.npz,EHMH05,2006/9/26 7:03,2006/9/26 7:04,5.3,train
train_001448,record_001448.npz,EHMH05,2006/11/19 13:29,2006/11/19 13:29,4.2,train
train_001449,record_001449.npz,EHMH05,2007/4/26 9:03,2007/4/26 9:03,5.3,train
train_001450,record_001450.npz,EHMH05,2008/3/8 3:52,2008/3/8 3:52,4.1,train
train_001451,record_001451.npz,EHMH05,2009/1/25 2:33,2009/1/25 2:33,4.4,train
train_001452,record_001452.npz,EHMH05,2009/6/14 19:17,2009/6/14 19:18,4.2,train
train_001453,record_001453.npz,EHMH05,2009/6/25 23:04,2009/6/25 23:04,4.7,train
train_001454,record_001454.npz,EHMH05,2009/7/18 5:16,2009/7/18 5:16,4.3,train
train_001455,record_001455.npz,EHMH05,2009/7/22 23:51,2009/7/22 23:51,4.6,train
train_001456,record_001456.npz,EHMH05,2009/12/16 14:12,2009/12/16 14:13,4.6,train
train_001457,record_001457.npz,EHMH05,2010/2/21 11:49,2010/2/21 11:49,4.5,train
train_001458,record_001458.npz,EHMH05,2010/4/17 5:35,2010/4/17 5:35,4.3,train
train_001459,record_001459.npz,EHMH05,2010/5/13 20:01,2010/5/13 20:01,4.7,train
train_001460,record_001460.npz,EHMH06,2000/1/13 8:02,2000/1/13 8:02,4.2,train
train_001461,record_001461.npz,EHMH06,2000/12/1 3:46,2000/12/1 3:46,4.1,train
train_001462,record_001462.npz,EHMH06,2001/1/9 13:37,2001/1/9 13:38,4.6,train
train_001463,record_001463.npz,EHMH06,2001/3/24 15:28,2001/3/24 15:28,6.4,train
train_001464,record_001464.npz,EHMH06,2001/3/24 15:48,2001/3/24 15:48,4.2,train
train_001465,record_001465.npz,EHMH06,2001/3/24 16:25,2001/3/24 16:25,4.2,train
train_001466,record_001466.npz,EHMH06,2001/3/24 17:02,2001/3/24 17:02,4.2,train
train_001467,record_001467.npz,EHMH06,2001/3/25 19:19,2001/3/25 19:19,4.4,train
train_001468,record_001468.npz,EHMH06,2001/3/26 5:41,2001/3/26 5:41,5,train
train_001469,record_001469.npz,EHMH06,2001/4/3 21:14,2001/4/3 21:15,4.4,train
train_001470,record_001470.npz,EHMH06,2001/4/25 23:40,2001/4/25 23:40,5.6,train
train_001471,record_001471.npz,EHMH06,2001/9/6 1:29,2001/9/6 1:29,4.3,train
train_001472,record_001472.npz,EHMH06,2002/3/25 22:58,2002/3/25 22:58,4.7,train
train_001473,record_001473.npz,EHMH06,2002/4/6 1:57,2002/4/6 1:57,4.5,train
train_001474,record_001474.npz,EHMH06,2002/10/13 19:06,2002/10/13 19:06,4.7,train
train_001475,record_001475.npz,EHMH06,2002/11/4 13:36,2002/11/4 13:36,5.7,train
train_001476,record_001476.npz,EHMH06,2003/3/26 4:08,2003/3/26 4:08,4.5,train
train_001477,record_001477.npz,EHMH06,2003/5/31 3:58,2003/5/31 3:58,4.5,train
train_001478,record_001478.npz,EHMH06,2004/4/20 22:26,2004/4/20 22:26,4.6,train
train_001479,record_001479.npz,EHMH06,2005/5/25 20:31,2005/5/25 20:31,4.6,train
train_001480,record_001480.npz,EHMH06,2005/9/4 19:06,2005/9/4 19:06,4.3,train
train_001481,record_001481.npz,EHMH06,2006/6/12 5:01,2006/6/12 5:01,6.2,train
train_001482,record_001482.npz,EHMH06,2006/9/26 7:03,2006/9/26 7:04,5.3,train
train_001483,record_001483.npz,EHMH06,2006/11/19 13:29,2006/11/19 13:29,4.2,train
train_001484,record_001484.npz,EHMH06,2007/4/26 9:03,2007/4/26 9:03,5.3,train
train_001485,record_001485.npz,EHMH06,2008/3/8 3:52,2008/3/8 3:52,4.1,train
train_001486,record_001486.npz,EHMH06,2009/1/25 2:33,2009/1/25 2:33,4.4,train
train_001487,record_001487.npz,EHMH06,2009/4/5 18:36,2009/4/5 18:37,5.6,train
train_001488,record_001488.npz,EHMH06,2009/6/14 19:17,2009/6/14 19:18,4.2,train
train_001489,record_001489.npz,EHMH07,2000/1/13 8:02,2000/1/13 8:02,4.2,train
train_001490,record_001490.npz,EHMH07,2000/9/7 14:51,2000/9/7 14:51,4.3,train
train_001491,record_001491.npz,EHMH07,2000/10/3 13:18,2000/10/3 13:18,4.2,train
train_001492,record_001492.npz,EHMH07,2001/3/24 15:28,2001/3/24 15:28,6.4,train
train_001493,record_001493.npz,EHMH07,2001/9/6 1:29,2001/9/6 1:29,4.3,train
train_001494,record_001494.npz,EHMH07,2002/3/25 22:58,2002/3/25 22:58,4.7,train
train_001495,record_001495.npz,EHMH07,2002/4/6 1:57,2002/4/6 1:57,4.5,train
train_001496,record_001496.npz,EHMH07,2002/5/6 18:45,2002/5/6 18:45,4.3,train
train_001497,record_001497.npz,EHMH07,2002/10/13 19:06,2002/10/13 19:06,4.7,train
train_001498,record_001498.npz,EHMH07,2002/11/4 13:36,2002/11/4 13:36,5.7,train
train_001499,record_001499.npz,EHMH07,2008/3/8 3:52,2008/3/8 3:52,4.1,train
train_001500,record_001500.npz,EHMH07,2009/1/25 2:33,2009/1/25 2:33,4.4,train
train_001501,record_001501.npz,EHMH07,2009/4/5 18:36,2009/4/5 18:37,5.6,train
train_001502,record_001502.npz,EHMH07,2009/6/14 19:17,2009/6/14 19:18,4.2,train
train_001503,record_001503.npz,EHMH07,2009/7/18 5:16,2009/7/18 5:16,4.3,train
train_001504,record_001504.npz,EHMH07,2009/8/5 12:51,2009/8/5 12:51,5,train
train_001505,record_001505.npz,EHMH07,2009/12/16 14:12,2009/12/16 14:13,4.6,train
train_001506,record_001506.npz,EHMH07,2010/2/21 11:49,2010/2/21 11:49,4.5,train
train_001507,record_001507.npz,EHMH07,2010/4/17 5:35,2010/4/17 5:35,4.3,train
train_001508,record_001508.npz,EHMH07,2010/5/13 20:01,2010/5/13 20:01,4.7,train
train_001509,record_001509.npz,EHMH07,2010/7/23 14:25,2010/7/23 14:25,4.4,train
train_001510,record_001510.npz,EHMH07,2010/8/10 21:24,2010/8/10 21:24,4.4,train
train_001511,record_001511.npz,EHMH07,2010/10/6 13:51,2010/10/6 13:51,4.5,train
train_001512,record_001512.npz,EHMH07,2011/1/16 20:33,2011/1/16 20:33,4.5,train
train_001513,record_001513.npz,EHMH08,2000/10/6 13:30,2000/10/6 13:30,7.3,train
train_001514,record_001514.npz,EHMH08,2001/1/9 13:37,2001/1/9 13:38,4.6,train
train_001515,record_001515.npz,EHMH08,2001/3/24 15:28,2001/3/24 15:28,6.4,train
train_001516,record_001516.npz,EHMH08,2001/3/24 15:48,2001/3/24 15:48,4.2,train
train_001517,record_001517.npz,EHMH08,2001/3/24 16:25,2001/3/24 16:25,4.2,train
train_001518,record_001518.npz,EHMH08,2001/3/24 17:02,2001/3/24 17:02,4.2,train
train_001519,record_001519.npz,EHMH08,2001/3/24 22:37,2001/3/24 22:37,4.1,train
train_001520,record_001520.npz,EHMH08,2001/3/25 19:19,2001/3/25 19:19,4.4,train
train_001521,record_001521.npz,EHMH08,2001/3/26 5:41,2001/3/26 5:41,5,train
train_001522,record_001522.npz,EHMH08,2001/4/3 21:14,2001/4/3 21:15,4.4,train
train_001523,record_001523.npz,EHMH08,2001/4/25 23:40,2001/4/25 23:40,5.6,train
train_001524,record_001524.npz,EHMH08,2001/5/9 19:48,2001/5/9 19:49,4.1,train
train_001525,record_001525.npz,EHMH08,2001/8/24 21:44,2001/8/24 21:44,4.3,train
train_001526,record_001526.npz,EHMH08,2001/9/6 1:29,2001/9/6 1:30,4.3,train
train_001527,record_001527.npz,EHMH08,2002/3/25 22:58,2002/3/25 22:58,4.7,train
train_001528,record_001528.npz,EHMH08,2002/4/6 1:57,2002/4/6 1:57,4.5,train
train_001529,record_001529.npz,EHMH08,2002/5/6 18:45,2002/5/6 18:45,4.3,train
train_001530,record_001530.npz,EHMH08,2002/9/25 14:45,2002/9/25 14:45,4.5,train
train_001531,record_001531.npz,EHMH08,2002/10/13 19:06,2002/10/13 19:06,4.7,train
train_001532,record_001532.npz,EHMH08,2002/10/13 20:17,2002/10/13 20:18,4.2,train
train_001533,record_001533.npz,EHMH08,2002/11/4 13:36,2002/11/4 13:36,5.7,train
train_001534,record_001534.npz,EHMH08,2005/5/25 20:31,2005/5/25 20:31,4.6,train
train_001535,record_001535.npz,EHMH08,2006/9/26 7:03,2006/9/26 7:04,5.3,train
train_001536,record_001536.npz,EHMH08,2007/4/26 9:03,2007/4/26 9:03,5.3,train
train_001537,record_001537.npz,EHMH08,2008/3/8 3:52,2008/3/8 3:52,4.1,train
train_001538,record_001538.npz,EHMH08,2009/1/25 2:33,2009/1/25 2:33,4.4,train
train_001539,record_001539.npz,EHMH08,2009/6/14 19:17,2009/6/14 19:18,4.2,train
train_001540,record_001540.npz,EHMH08,2009/7/18 5:16,2009/7/18 5:16,4.3,train
train_001541,record_001541.npz,EHMH08,2009/7/22 23:51,2009/7/22 23:51,4.6,train
train_001542,record_001542.npz,EHMH08,2009/8/5 12:51,2009/8/5 12:51,5,train
train_001543,record_001543.npz,EHMH09,2001/1/9 13:37,2001/1/9 13:37,4.6,train
train_001544,record_001544.npz,EHMH09,2001/3/24 15:28,2001/3/24 15:28,6.4,train
train_001545,record_001545.npz,EHMH09,2002/3/25 22:58,2002/3/25 22:58,4.7,train
train_001546,record_001546.npz,EHMH09,2002/4/6 1:57,2002/4/6 1:57,4.5,train
train_001547,record_001547.npz,EHMH09,2002/5/6 18:45,2002/5/6 18:45,4.3,train
train_001548,record_001548.npz,EHMH09,2002/9/25 14:45,2002/9/25 14:45,4.5,train
train_001549,record_001549.npz,EHMH09,2002/10/13 19:06,2002/10/13 19:06,4.7,train
train_001550,record_001550.npz,EHMH09,2002/10/13 20:17,2002/10/13 20:18,4.2,train
train_001551,record_001551.npz,EHMH09,2002/11/4 13:36,2002/11/4 13:36,5.7,train
train_001552,record_001552.npz,EHMH09,2004/4/20 22:26,2004/4/20 22:26,4.6,train
train_001553,record_001553.npz,EHMH09,2005/5/25 20:31,2005/5/25 20:31,4.6,train
train_001554,record_001554.npz,EHMH09,2006/6/12 5:01,2006/6/12 5:01,6.2,train
train_001555,record_001555.npz,EHMH09,2006/9/26 7:03,2006/9/26 7:04,5.3,train
train_001556,record_001556.npz,EHMH09,2006/11/19 13:29,2006/11/19 13:29,4.2,train
train_001557,record_001557.npz,EHMH09,2008/3/8 3:52,2008/3/8 3:52,4.1,train
train_001558,record_001558.npz,EHMH09,2008/5/20 14:41,2008/5/20 14:42,4.2,train
train_001559,record_001559.npz,EHMH09,2009/1/25 2:33,2009/1/25 2:33,4.4,train
train_001560,record_001560.npz,EHMH09,2009/4/5 18:36,2009/4/5 18:37,5.6,train
train_001561,record_001561.npz,EHMH09,2009/6/14 19:17,2009/6/14 19:18,4.2,train
train_001562,record_001562.npz,EHMH09,2009/6/25 23:04,2009/6/25 23:04,4.7,train
train_001563,record_001563.npz,EHMH09,2009/7/18 5:16,2009/7/18 5:16,4.3,train
train_001564,record_001564.npz,EHMH09,2009/8/5 12:51,2009/8/5 12:51,5,train
train_001565,record_001565.npz,EHMH09,2009/10/29 2:37,2009/10/29 2:37,4.7,train
train_001566,record_001566.npz,EHMH09,2009/12/16 14:12,2009/12/16 14:13,4.6,train
train_001567,record_001567.npz,EHMH09,2010/2/21 11:49,2010/2/21 11:49,4.5,train
train_001568,record_001568.npz,EHMH09,2010/4/17 5:35,2010/4/17 5:35,4.3,train
train_001569,record_001569.npz,EHMH09,2010/5/13 20:01,2010/5/13 20:01,4.7,train
train_001570,record_001570.npz,EHMH09,2010/7/23 14:25,2010/7/23 14:25,4.4,train
train_001571,record_001571.npz,EHMH09,2010/8/10 21:24,2010/8/10 21:24,4.4,train
train_001572,record_001572.npz,EHMH09,2010/10/6 13:51,2010/10/6 13:52,4.5,train
train_001573,record_001573.npz,EHMH10,2002/3/25 22:58,2002/3/25 22:58,4.7,train
train_001574,record_001574.npz,EHMH10,2002/9/16 10:10,2002/9/16 10:11,5.3,train
train_001575,record_001575.npz,EHMH10,2002/10/13 19:06,2002/10/13 19:06,4.7,train
train_001576,record_001576.npz,EHMH10,2002/10/23 6:22,2002/10/23 6:23,4.4,train
train_001577,record_001577.npz,EHMH10,2004/9/21 10:13,2004/9/21 10:13,4.2,train
train_001578,record_001578.npz,EHMH10,2005/5/27 3:17,2005/5/27 3:17,4.7,train
train_001579,record_001579.npz,EHMH10,2006/3/27 11:50,2006/3/27 11:51,5.5,train
train_001580,record_001580.npz,EHMH10,2006/5/8 12:45,2006/5/8 12:45,4.2,train
train_001581,record_001581.npz,EHMH10,2006/5/28 20:36,2006/5/28 20:37,4.3,train
train_001582,record_001582.npz,EHMH10,2006/9/26 7:03,2006/9/26 7:04,5.3,train
train_001583,record_001583.npz,EHMH10,2007/4/26 9:03,2007/4/26 9:03,5.3,train
train_001584,record_001584.npz,EHMH10,2008/3/8 3:52,2008/3/8 3:52,4.1,train
train_001585,record_001585.npz,EHMH10,2009/1/25 2:33,2009/1/25 2:34,4.4,train
train_001586,record_001586.npz,EHMH10,2009/6/14 19:17,2009/6/14 19:18,4.2,train
train_001587,record_001587.npz,EHMH10,2009/7/18 5:16,2009/7/18 5:17,4.3,train
train_001588,record_001588.npz,EHMH10,2010/2/21 11:49,2010/2/21 11:49,4.5,train
train_001589,record_001589.npz,EHMH10,2010/4/17 5:35,2010/4/17 5:35,4.3,train
train_001590,record_001590.npz,EHMH10,2010/5/13 20:01,2010/5/13 20:01,4.7,train
train_001591,record_001591.npz,EHMH10,2010/7/23 14:25,2010/7/23 14:25,4.4,train
train_001592,record_001592.npz,EHMH10,2010/10/6 13:51,2010/10/6 13:52,4.5,train
train_001593,record_001593.npz,EHMH10,2011/1/16 20:33,2011/1/16 20:33,4.5,train
train_001594,record_001594.npz,EHMH11,2002/3/25 22:58,2002/3/25 22:58,4.7,train
train_001595,record_001595.npz,EHMH11,2002/4/6 1:57,2002/4/6 1:57,4.5,train
train_001596,record_001596.npz,EHMH11,2002/10/13 19:06,2002/10/13 19:06,4.7,train
train_001597,record_001597.npz,EHMH11,2002/10/13 20:17,2002/10/13 20:18,4.2,train
train_001598,record_001598.npz,EHMH11,2004/4/20 22:26,2004/4/20 22:26,4.6,train
train_001599,record_001599.npz,EHMH11,2006/2/1 12:15,2006/2/1 12:15,4.3,train
train_001600,record_001600.npz,EHMH11,2006/6/12 5:01,2006/6/12 5:01,6.2,train
train_001601,record_001601.npz,EHMH11,2006/9/26 7:03,2006/9/26 7:04,5.3,train
train_001602,record_001602.npz,EHMH11,2007/4/26 9:03,2007/4/26 9:03,5.3,train
train_001603,record_001603.npz,EHMH11,2008/3/8 3:52,2008/3/8 3:52,4.1,train
train_001604,record_001604.npz,EHMH11,2009/1/25 2:33,2009/1/25 2:33,4.4,train
train_001605,record_001605.npz,EHMH11,2009/6/14 19:17,2009/6/14 19:18,4.2,train
train_001606,record_001606.npz,EHMH11,2009/6/25 23:04,2009/6/25 23:04,4.7,train
train_001607,record_001607.npz,EHMH11,2009/7/18 5:16,2009/7/18 5:16,4.3,train
train_001608,record_001608.npz,EHMH11,2009/7/22 23:51,2009/7/22 23:51,4.6,train
train_001609,record_001609.npz,EHMH11,2009/8/5 12:51,2009/8/5 12:51,5,train
train_001610,record_001610.npz,EHMH11,2009/10/29 2:37,2009/10/29 2:37,4.7,train
train_001611,record_001611.npz,EHMH11,2009/12/16 14:12,2009/12/16 14:13,4.6,train
train_001612,record_001612.npz,EHMH11,2010/2/21 11:49,2010/2/21 11:49,4.5,train
train_001613,record_001613.npz,EHMH11,2010/4/17 5:35,2010/4/17 5:35,4.3,train
train_001614,record_001614.npz,EHMH11,2010/5/13 20:01,2010/5/13 20:01,4.7,train
train_001615,record_001615.npz,EHMH11,2010/7/23 14:25,2010/7/23 14:25,4.4,train
train_001616,record_001616.npz,EHMH11,2010/8/10 21:24,2010/8/10 21:24,4.4,train
train_001617,record_001617.npz,EHMH11,2011/1/16 20:33,2011/1/16 20:33,4.5,train
train_001618,record_001618.npz,FKIH01,2000/6/7 6:16,2000/6/7 6:17,6.1,train
train_001619,record_001619.npz,FKIH01,2007/1/22 2:16,2007/1/22 2:16,4.5,train
train_001620,record_001620.npz,FKIH01,2007/3/25 9:42,2007/3/25 9:42,6.9,train
train_001621,record_001621.npz,FKIH01,2008/1/26 4:33,2008/1/26 4:34,4.8,train
train_001622,record_001622.npz,FKIH01,2008/8/8 4:35,2008/8/8 4:35,4.2,train
train_001623,record_001623.npz,FKIH01,2009/2/18 6:47,2009/2/18 6:47,5.2,train
train_001624,record_001624.npz,FKIH01,2011/2/27 2:19,2011/2/27 2:19,5,train
train_001625,record_001625.npz,FKIH01,2011/2/27 5:38,2011/2/27 5:38,5.5,train
train_001626,record_001626.npz,FKIH02,2000/6/7 6:16,2000/6/7 6:17,6.1,train
train_001627,record_001627.npz,FKIH02,2002/4/28 10:34,2002/4/28 10:35,4.3,train
train_001628,record_001628.npz,FKIH02,2002/7/16 20:09,2002/7/16 20:09,4.2,train
train_001629,record_001629.npz,FKIH02,2002/9/4 18:06,2002/9/4 18:06,4.1,train
train_001630,record_001630.npz,FKIH02,2002/11/17 13:48,2002/11/17 13:48,4.5,train
train_001631,record_001631.npz,FKIH02,1999/11/7 3:34,1999/11/7 3:34,4.8,train
train_001632,record_001632.npz,FKIH03,2000/6/7 6:16,2000/6/7 6:17,6.1,train
train_001633,record_001633.npz,FKIH03,2002/5/12 18:52,2002/5/12 18:53,4.1,train
train_001634,record_001634.npz,FKIH03,2002/7/6 6:58,2002/7/6 6:58,4.1,train
train_001635,record_001635.npz,FKIH03,2002/8/18 9:01,2002/8/18 9:01,4.5,train
train_001636,record_001636.npz,FKIH03,2002/9/4 18:06,2002/9/4 18:06,4.1,train
train_001637,record_001637.npz,FKIH03,2002/9/22 9:36,2002/9/22 9:36,4.2,train
train_001638,record_001638.npz,FKIH03,2002/11/17 13:48,2002/11/17 13:48,4.5,train
train_001639,record_001639.npz,FKIH03,2004/10/5 8:33,2004/10/5 8:33,4.8,train
train_001640,record_001640.npz,FKIH03,2007/3/25 9:42,2007/3/25 9:42,6.9,train
train_001641,record_001641.npz,FKIH03,2007/3/25 18:11,2007/3/25 18:12,5.3,train
train_001642,record_001642.npz,FKIH03,2007/4/15 12:19,2007/4/15 12:19,5.4,train
train_001643,record_001643.npz,FKIH03,2007/4/15 18:34,2007/4/15 18:35,4.6,train
train_001644,record_001644.npz,FKIH04,2000/4/28 11:42,2000/4/28 11:43,4.2,train
train_001645,record_001645.npz,FKIH04,2000/5/16 4:09,2000/5/16 4:09,4.3,train
train_001646,record_001646.npz,FKIH04,2001/8/25 22:21,2001/8/25 22:21,5.1,train
train_001647,record_001647.npz,FKIH04,2001/9/22 18:11,2001/9/22 18:11,4.2,train
train_001648,record_001648.npz,FKIH04,2002/4/28 10:34,2002/4/28 10:34,4.3,train
train_001649,record_001649.npz,FKIH04,2002/5/12 18:52,2002/5/12 18:53,4.1,train
train_001650,record_001650.npz,FKIH04,2002/7/16 20:09,2002/7/16 20:09,4.2,train
train_001651,record_001651.npz,FKIH04,2002/8/18 9:01,2002/8/18 9:01,4.5,train
train_001652,record_001652.npz,FKIH04,2002/9/4 18:06,2002/9/4 18:06,4.1,train
train_001653,record_001653.npz,FKIH04,2002/9/16 10:10,2002/9/16 10:11,5.3,train
train_001654,record_001654.npz,FKIH04,2002/11/19 18:36,2002/11/19 18:36,4.2,train
train_001655,record_001655.npz,FKIH04,2003/2/6 2:37,2003/2/6 2:37,4.5,train
train_001656,record_001656.npz,FKIH04,2007/1/22 2:16,2007/1/22 2:16,4.5,train
train_001657,record_001657.npz,FKIH04,2007/12/21 14:23,2007/12/21 14:23,4.5,train
train_001658,record_001658.npz,FKIH04,2008/4/20 1:00,2008/4/20 1:00,4.3,train
train_001659,record_001659.npz,FKIH04,2008/10/1 9:25,2008/10/1 9:25,4.4,train
train_001660,record_001660.npz,FKIH04,2009/2/18 6:47,2009/2/18 6:47,5.2,train
train_001661,record_001661.npz,FKIH04,2010/7/21 6:19,2010/7/21 6:19,5.1,train
train_001662,record_001662.npz,FKIH04,2011/2/27 5:38,2011/2/27 5:38,5.5,train
train_001663,record_001663.npz,FKIH05,2000/6/7 6:16,2000/6/7 6:17,6.1,train
train_001664,record_001664.npz,FKIH05,2000/10/31 1:43,2000/10/31 1:43,5.5,train
train_001665,record_001665.npz,FKIH05,2004/10/5 8:33,2004/10/5 8:34,4.8,train
train_001666,record_001666.npz,FKIH05,2006/2/16 23:10,2006/2/16 23:10,4.4,train
train_001667,record_001667.npz,FKIH05,2007/8/31 23:36,2007/8/31 23:37,4.4,train
train_001668,record_001668.npz,FKIH05,2008/3/17 7:00,2008/3/17 7:01,4.5,train
train_001669,record_001669.npz,FKIH05,2008/4/20 1:00,2008/4/20 1:00,4.3,train
train_001670,record_001670.npz,FKIH05,2008/8/8 4:35,2008/8/8 4:35,4.2,train
train_001671,record_001671.npz,FKIH05,2008/8/30 18:28,2008/8/30 18:28,4.2,train
train_001672,record_001672.npz,FKIH05,2008/10/1 9:25,2008/10/1 9:25,4.4,train
train_001673,record_001673.npz,FKIH05,1999/11/7 3:34,1999/11/7 3:34,4.8,train
train_001674,record_001674.npz,FKIH06,2000/5/16 4:09,2000/5/16 4:09,4.3,train
train_001675,record_001675.npz,FKIH06,2000/6/7 6:16,2000/6/7 6:17,6.1,train
train_001676,record_001676.npz,FKIH06,2000/10/6 13:30,2000/10/6 13:30,7.3,train
train_001677,record_001677.npz,FKIH06,2001/1/12 8:00,2001/1/12 8:00,5.4,train
train_001678,record_001678.npz,FKIH06,2001/8/25 22:21,2001/8/25 22:21,5.1,train
train_001679,record_001679.npz,FKIH06,2008/8/8 4:35,2008/8/8 4:35,4.2,train
train_001680,record_001680.npz,FKIH06,2008/8/30 18:28,2008/8/30 18:28,4.2,train
train_001681,record_001681.npz,FKIH06,2009/2/18 6:47,2009/2/18 6:47,5.2,train
train_001682,record_001682.npz,FKIH06,1999/11/7 3:34,1999/11/7 3:34,4.8,train
train_001683,record_001683.npz,FKIH06,1999/11/29 21:34,1999/11/29 21:34,4.7,train
train_001684,record_001684.npz,FKIH07,2000/6/5 9:54,2000/6/5 9:54,4.7,train
train_001685,record_001685.npz,FKIH07,2001/8/25 22:21,2001/8/25 22:21,5.1,train
train_001686,record_001686.npz,FKIH07,2002/4/28 10:34,2002/4/28 10:34,4.3,train
train_001687,record_001687.npz,FKIH07,2002/7/16 20:09,2002/7/16 20:09,4.2,train
train_001688,record_001688.npz,FKIH07,2002/8/18 9:01,2002/8/18 9:01,4.5,train
train_001689,record_001689.npz,FKIH07,2002/9/4 18:06,2002/9/4 18:06,4.1,train
train_001690,record_001690.npz,FKIH07,2002/9/16 10:10,2002/9/16 10:11,5.3,train
train_001691,record_001691.npz,FKIH07,2002/11/17 13:48,2002/11/17 13:48,4.5,train
train_001692,record_001692.npz,FKIH07,2002/11/19 18:36,2002/11/19 18:36,4.2,train
train_001693,record_001693.npz,FKIH07,2002/12/4 8:09,2002/12/4 8:10,4.2,train
train_001694,record_001694.npz,FKIH07,2003/2/6 2:37,2003/2/6 2:37,4.5,train
train_001695,record_001695.npz,FKIH07,2006/2/16 23:10,2006/2/16 23:11,4.4,train
train_001696,record_001696.npz,FKIH07,2007/1/22 2:16,2007/1/22 2:16,4.5,train
train_001697,record_001697.npz,FKIH07,2007/12/21 14:23,2007/12/21 14:23,4.5,train
train_001698,record_001698.npz,FKIH07,2007/12/21 16:01,2007/12/21 16:01,4.2,train
train_001699,record_001699.npz,FKIH07,2008/10/1 9:25,2008/10/1 9:25,4.4,train
train_001700,record_001700.npz,FKIH07,2009/2/18 6:47,2009/2/18 6:47,5.2,train
train_001701,record_001701.npz,FKIH07,2010/7/21 6:19,2010/7/21 6:19,5.1,train
train_001702,record_001702.npz,FKIH07,2011/2/21 15:46,2011/2/21 15:46,4.8,train
train_001703,record_001703.npz,FKIH07,2011/2/27 2:19,2011/2/27 2:19,5,train
train_001704,record_001704.npz,FKIH07,2011/2/27 5:38,2011/2/27 5:38,5.5,train
train_001705,record_001705.npz,FKOH01,2001/3/24 15:28,2001/3/24 15:28,6.4,train
train_001706,record_001706.npz,FKOH01,2001/4/3 21:14,2001/4/3 21:15,4.4,train
train_001707,record_001707.npz,FKOH01,2002/11/4 13:36,2002/11/4 13:36,5.7,train
train_001708,record_001708.npz,FKOH01,2005/4/20 6:11,2005/4/20 6:11,5.8,train
train_001709,record_001709.npz,FKOH02,1999/11/10 3:19,1999/11/10 3:19,4.1,train
train_001710,record_001710.npz,FKOH03,2000/2/28 19:30,2000/2/28 19:30,4.1,train
train_001711,record_001711.npz,FKOH03,2005/4/6 8:00,2005/4/6 8:00,4.1,train
train_001712,record_001712.npz,FKOH03,2005/4/20 6:11,2005/4/20 6:11,5.8,train
train_001713,record_001713.npz,FKOH03,2005/4/20 6:22,2005/4/20 6:22,4.7,train
train_001714,record_001714.npz,FKOH03,2005/4/20 9:09,2005/4/20 9:09,5.1,train
train_001715,record_001715.npz,FKOH03,2008/5/20 14:41,2008/5/20 14:42,4.2,train
train_001716,record_001716.npz,FKOH03,1999/11/10 3:19,1999/11/10 3:19,4.1,train
train_001717,record_001717.npz,FKOH04,2000/2/28 19:30,2000/2/28 19:30,4.1,train
train_001718,record_001718.npz,FKOH04,2000/4/2 21:25,2000/4/2 21:26,4.5,train
train_001719,record_001719.npz,FKOH04,2000/6/8 9:32,2000/6/8 9:33,4.8,train
train_001720,record_001720.npz,FKOH04,2005/4/20 6:11,2005/4/20 6:11,5.8,train
train_001721,record_001721.npz,FKOH04,2005/4/20 9:09,2005/4/20 9:09,5.1,train
train_001722,record_001722.npz,FKOH04,2008/5/20 14:41,2008/5/20 14:42,4.2,train
train_001723,record_001723.npz,FKOH04,2009/1/25 2:33,2009/1/25 2:33,4.4,train
train_001724,record_001724.npz,FKOH04,2009/7/18 5:16,2009/7/18 5:16,4.3,train
train_001725,record_001725.npz,FKOH04,2009/8/3 20:18,2009/8/3 20:18,4.7,train
train_001726,record_001726.npz,FKOH04,2010/5/13 20:01,2010/5/13 20:01,4.7,train
train_001727,record_001727.npz,FKOH04,1999/11/10 3:19,1999/11/10 3:19,4.1,train
train_001728,record_001728.npz,FKOH05,2001/3/24 15:28,2001/3/24 15:28,6.4,train
train_001729,record_001729.npz,FKOH05,2005/4/20 6:11,2005/4/20 6:11,5.8,train
train_001730,record_001730.npz,FKOH05,2005/4/20 9:09,2005/4/20 9:09,5.1,train
train_001731,record_001731.npz,FKOH05,2008/5/20 14:41,2008/5/20 14:41,4.2,train
train_001732,record_001732.npz,FKOH05,2009/7/18 5:16,2009/7/18 5:16,4.3,train
train_001733,record_001733.npz,FKOH05,2009/8/3 20:18,2009/8/3 20:18,4.7,train
train_001734,record_001734.npz,FKOH05,2010/5/13 20:01,2010/5/13 20:01,4.7,train
train_001735,record_001735.npz,FKOH06,2001/3/24 15:28,2001/3/24 15:28,6.4,train
train_001736,record_001736.npz,FKOH06,2005/4/20 6:11,2005/4/20 6:11,5.8,train
train_001737,record_001737.npz,FKOH06,2005/4/20 9:09,2005/4/20 9:09,5.1,train
train_001738,record_001738.npz,FKOH06,2005/5/2 1:24,2005/5/2 1:24,5,train
train_001739,record_001739.npz,FKOH06,2007/6/6 23:05,2007/6/6 23:05,4.1,train
train_001740,record_001740.npz,FKOH06,2007/6/6 23:42,2007/6/6 23:42,4.9,train
train_001741,record_001741.npz,FKOH06,2007/6/7 0:18,2007/6/7 0:18,4.2,train
train_001742,record_001742.npz,FKOH06,2007/6/7 11:19,2007/6/7 11:19,4.2,train
train_001743,record_001743.npz,FKOH06,2007/6/7 17:22,2007/6/7 17:22,4.7,train
train_001744,record_001744.npz,FKOH06,2007/6/7 20:50,2007/6/7 20:49,4.7,train
train_001745,record_001745.npz,FKOH06,2009/1/25 2:33,2009/1/25 2:33,4.4,train
train_001746,record_001746.npz,FKOH06,2009/6/25 23:04,2009/6/25 23:04,4.7,train
train_001747,record_001747.npz,FKOH06,2010/2/21 11:49,2010/2/21 11:50,4.5,train
train_001748,record_001748.npz,FKOH06,2010/4/17 5:35,2010/4/17 5:35,4.3,train
train_001749,record_001749.npz,FKOH06,2010/5/13 20:01,2010/5/13 20:01,4.7,train
train_001750,record_001750.npz,FKOH07,2000/2/28 19:30,2000/2/28 19:30,4.1,train
train_001751,record_001751.npz,FKOH07,2000/4/2 21:25,2000/4/2 21:25,4.5,train
train_001752,record_001752.npz,FKOH07,2001/4/3 21:14,2001/4/3 21:15,4.4,train
train_001753,record_001753.npz,FKOH08,2001/3/24 15:28,2001/3/24 15:28,6.4,train
train_001754,record_001754.npz,FKOH08,2002/11/4 13:36,2002/11/4 13:36,5.7,train
train_001755,record_001755.npz,FKOH08,2005/4/20 6:11,2005/4/20 6:11,5.8,train
train_001756,record_001756.npz,FKOH08,2005/4/20 9:09,2005/4/20 9:09,5.1,train
train_001757,record_001757.npz,FKOH08,2006/6/12 5:01,2006/6/12 5:01,6.2,train
train_001758,record_001758.npz,FKOH08,2008/5/20 14:41,2008/5/20 14:42,4.2,train
train_001759,record_001759.npz,FKOH08,2009/1/25 2:33,2009/1/25 2:33,4.4,train
train_001760,record_001760.npz,FKOH08,2009/4/5 18:36,2009/4/5 18:36,5.6,train
train_001761,record_001761.npz,FKOH08,2009/6/14 19:17,2009/6/14 19:18,4.2,train
train_001762,record_001762.npz,FKOH08,2009/7/18 5:16,2009/7/18 5:16,4.3,train
train_001763,record_001763.npz,FKOH08,2009/8/5 12:51,2009/8/5 12:51,5,train
train_001764,record_001764.npz,FKOH08,2010/2/21 11:49,2010/2/21 11:50,4.5,train
train_001765,record_001765.npz,FKOH08,2010/5/13 20:01,2010/5/13 20:01,4.7,train
train_001766,record_001766.npz,FKOH09,2005/4/10 20:34,2005/4/10 20:34,5,train
train_001767,record_001767.npz,FKOH09,2005/4/20 6:11,2005/4/20 6:11,5.8,train
train_001768,record_001768.npz,FKOH09,2005/4/20 6:22,2005/4/20 6:22,4.7,train
train_001769,record_001769.npz,FKOH09,2005/4/20 6:44,2005/4/20 6:44,4.5,train
train_001770,record_001770.npz,FKOH09,2005/4/20 9:09,2005/4/20 9:09,5.1,train
train_001771,record_001771.npz,FKOH09,2005/5/2 1:24,2005/5/2 1:24,5,train
train_001772,record_001772.npz,FKOH09,2005/6/3 4:23,2005/6/3 4:23,4.1,train
train_001773,record_001773.npz,FKOH09,2005/9/12 20:18,2005/9/12 20:18,4.1,train
train_001774,record_001774.npz,FKOH09,2006/6/12 5:01,2006/6/12 5:01,6.2,train
train_001775,record_001775.npz,FKOH09,2008/5/20 14:41,2008/5/20 14:41,4.2,train
train_001776,record_001776.npz,FKOH09,2009/1/25 2:33,2009/1/25 2:33,4.4,train
train_001777,record_001777.npz,FKOH09,2009/6/25 23:04,2009/6/25 23:04,4.7,train
train_001778,record_001778.npz,FKOH09,2010/2/21 11:49,2010/2/21 11:50,4.5,train
train_001779,record_001779.npz,FKOH09,2010/5/13 20:01,2010/5/13 20:01,4.7,train
train_001780,record_001780.npz,FKOH10,2002/11/4 13:36,2002/11/4 13:36,5.7,train
train_001781,record_001781.npz,FKOH10,2005/4/1 21:52,2005/4/1 21:52,4.3,train
train_001782,record_001782.npz,FKOH10,2005/4/20 6:11,2005/4/20 6:11,5.8,train
train_001783,record_001783.npz,FKOH10,2005/4/20 9:09,2005/4/20 9:09,5.1,train
train_001784,record_001784.npz,FKOH10,2005/9/12 20:18,2005/9/12 20:19,4.1,train
train_001785,record_001785.npz,FKOH10,2006/6/12 5:01,2006/6/12 5:01,6.2,train
train_001786,record_001786.npz,FKOH10,2008/5/20 14:41,2008/5/20 14:41,4.2,train
train_001787,record_001787.npz,FKOH10,2009/1/25 2:33,2009/1/25 2:33,4.4,train
train_001788,record_001788.npz,FKOH10,2009/4/5 18:36,2009/4/5 18:36,5.6,train
train_001789,record_001789.npz,FKOH10,2009/7/18 5:16,2009/7/18 5:16,4.3,train
train_001790,record_001790.npz,FKOH10,2009/8/3 20:18,2009/8/3 20:18,4.7,train
train_001791,record_001791.npz,FKOH10,2009/8/5 12:51,2009/8/5 12:51,5,train
train_001792,record_001792.npz,FKOH10,2009/8/6 11:22,2009/8/6 11:22,4.3,train
train_001793,record_001793.npz,FKOH10,2009/10/29 2:37,2009/10/29 2:37,4.7,train
train_001794,record_001794.npz,FKOH10,2010/5/13 20:01,2010/5/13 20:01,4.7,train
train_001795,record_001795.npz,FKSH01,2004/10/23 17:56,2004/10/23 17:56,6.8,train
train_001796,record_001796.npz,FKSH01,2004/10/23 18:03,2004/10/23 18:03,6.3,train
train_001797,record_001797.npz,FKSH01,2004/10/23 18:12,2004/10/23 18:10,6,train
train_001798,record_001798.npz,FKSH01,2004/10/23 18:34,2004/10/23 18:34,6.5,train
train_001799,record_001799.npz,FKSH01,2004/10/25 6:05,2004/10/25 6:05,5.8,train
train_001800,record_001800.npz,FKSH01,2004/10/27 10:40,2004/10/27 10:41,6.1,train
train_001801,record_001801.npz,FKSH01,2004/11/8 11:16,2004/11/8 11:16,5.9,train
train_001802,record_001802.npz,FKSH01,2007/7/16 10:13,2007/7/16 10:13,6.8,train
train_001803,record_001803.npz,FKSH01,2007/7/16 15:37,2007/7/16 15:37,5.8,train
train_001804,record_001804.npz,FKSH01,2008/6/14 8:43,2008/6/14 8:44,7.2,train
train_001805,record_001805.npz,FKSH01,2008/6/14 9:20,2008/6/14 9:20,5.7,train
train_001806,record_001806.npz,FKSH01,2008/8/22 19:59,2008/8/22 20:00,5.2,train
train_001807,record_001807.npz,FKSH01,2009/1/3 16:13,2009/1/3 16:13,4.8,train
train_001808,record_001808.npz,FKSH01,2009/6/1 0:33,2009/6/1 0:33,4.6,train
train_001809,record_001809.npz,FKSH01,2009/8/2 0:57,2009/8/2 0:57,4.9,train
train_001810,record_001810.npz,FKSH01,2009/8/2 2:54,2009/8/2 2:54,4.8,train
train_001811,record_001811.npz,FKSH01,2009/8/3 14:13,2009/8/3 14:13,4.7,train
train_001812,record_001812.npz,FKSH01,2009/8/5 9:18,2009/8/5 9:18,4.1,train
train_001813,record_001813.npz,FKSH01,2009/8/18 6:59,2009/8/18 6:59,4.4,train
train_001814,record_001814.npz,FKSH01,2009/9/5 10:59,2009/9/5 10:59,4.2,train
train_001815,record_001815.npz,FKSH01,2009/10/12 18:42,2009/10/12 18:42,4.9,train
train_001816,record_001816.npz,FKSH01,2009/10/23 10:28,2009/10/23 10:29,5,train
train_001817,record_001817.npz,FKSH01,2009/10/28 14:25,2009/10/28 14:25,4.2,train
train_001818,record_001818.npz,FKSH01,2009/11/21 15:39,2009/11/21 15:39,4.5,train
train_001819,record_001819.npz,FKSH01,2010/1/8 15:59,2010/1/8 15:59,4.2,train
train_001820,record_001820.npz,FKSH01,2010/2/21 9:57,2010/2/21 9:57,4.8,train
train_001821,record_001821.npz,FKSH01,2010/3/13 21:46,2010/3/13 21:46,5.5,train
train_001822,record_001822.npz,FKSH01,2010/3/14 17:08,2010/3/14 17:08,6.7,train
train_001823,record_001823.npz,FKSH02,2000/7/21 3:39,2000/7/21 3:39,6,train
train_001824,record_001824.npz,FKSH02,2000/10/12 5:35,2000/10/12 5:35,4.1,train
train_001825,record_001825.npz,FKSH02,2000/10/18 12:58,2000/10/18 12:58,4.5,train
train_001826,record_001826.npz,FKSH02,2000/11/16 18:31,2000/11/16 18:32,5,train
train_001827,record_001827.npz,FKSH02,2001/1/4 13:18,2001/1/4 13:18,5.1,train
train_001828,record_001828.npz,FKSH02,2001/3/31 6:09,2001/3/31 6:10,4.9,train
train_001829,record_001829.npz,FKSH02,2001/9/4 23:54,2001/9/4 23:55,5.2,train
train_001830,record_001830.npz,FKSH02,2001/9/25 4:57,2001/9/25 4:58,4.5,train
train_001831,record_001831.npz,FKSH02,2001/10/2 17:20,2001/10/2 17:20,5.4,train
train_001832,record_001832.npz,FKSH02,2001/12/16 13:48,2001/12/16 13:49,4.1,train
train_001833,record_001833.npz,FKSH02,2002/2/2 5:09,2002/2/2 5:09,4.3,train
train_001834,record_001834.npz,FKSH02,2002/2/12 22:44,2002/2/12 22:45,5.5,train
train_001835,record_001835.npz,FKSH02,2002/2/25 22:14,2002/2/25 22:14,4.7,train
train_001836,record_001836.npz,FKSH02,2002/6/14 11:42,2002/6/14 11:43,4.9,train
train_001837,record_001837.npz,FKSH02,2002/6/16 4:39,2002/6/16 4:40,4.6,train
train_001838,record_001838.npz,FKSH02,2002/10/21 1:06,2002/10/21 1:06,5.2,train
train_001839,record_001839.npz,FKSH02,2003/1/9 13:14,2003/1/9 13:14,4.7,train
train_001840,record_001840.npz,FKSH02,2003/1/21 13:19,2003/1/21 13:20,5,train
train_001841,record_001841.npz,FKSH02,2003/2/16 12:03,2003/2/16 12:04,5,train
train_001842,record_001842.npz,FKSH02,2003/3/3 7:47,2003/3/3 7:47,5.3,train
train_001843,record_001843.npz,FKSH02,2003/7/26 7:13,2003/7/26 7:13,6.2,train
train_001844,record_001844.npz,FKSH02,2005/10/19 20:44,2005/10/19 20:45,6.3,train
train_001845,record_001845.npz,FKSH02,2007/1/8 18:59,2007/1/8 18:59,4.8,train
train_001846,record_001846.npz,FKSH02,2007/7/16 10:13,2007/7/16 10:13,6.8,train
train_001847,record_001847.npz,FKSH02,2007/7/16 15:37,2007/7/16 15:38,5.8,train
train_001848,record_001848.npz,FKSH02,2007/11/7 20:05,2007/11/7 20:06,4.6,train
train_001849,record_001849.npz,FKSH02,2007/11/26 22:51,2007/11/26 22:52,6,train
train_001850,record_001850.npz,FKSH02,2008/3/8 1:55,2008/3/8 1:55,5.2,train
train_001851,record_001851.npz,FKSH04,2003/2/16 12:03,2003/2/16 12:04,5,train
train_001852,record_001852.npz,FKSH04,2004/10/23 17:56,2004/10/23 17:56,6.8,train
train_001853,record_001853.npz,FKSH04,2004/10/23 18:12,2004/10/23 18:10,6,train
train_001854,record_001854.npz,FKSH04,2004/10/23 18:34,2004/10/23 18:34,6.5,train
train_001855,record_001855.npz,FKSH04,2004/10/23 19:46,2004/10/23 19:46,5.7,train
train_001856,record_001856.npz,FKSH04,2004/10/23 23:34,2004/10/23 23:35,5.3,train
train_001857,record_001857.npz,FKSH04,2004/10/25 6:05,2004/10/25 6:05,5.8,train
train_001858,record_001858.npz,FKSH04,2004/10/27 10:40,2004/10/27 10:41,6.1,train
train_001859,record_001859.npz,FKSH04,2004/11/8 11:16,2004/11/8 11:16,5.9,train
train_001860,record_001860.npz,FKSH04,2004/11/8 11:32,2004/11/8 11:32,5.1,train
train_001861,record_001861.npz,FKSH04,2007/7/16 10:13,2007/7/16 10:13,6.8,train
train_001862,record_001862.npz,FKSH04,2007/11/26 22:51,2007/11/26 22:52,6,train
train_001863,record_001863.npz,FKSH04,2008/6/14 8:43,2008/6/14 8:44,7.2,train
train_001864,record_001864.npz,FKSH04,2008/6/14 9:20,2008/6/14 9:20,5.7,train
train_001865,record_001865.npz,FKSH04,2008/12/15 21:14,2008/12/15 21:14,4.4,train
train_001866,record_001866.npz,FKSH04,2009/1/3 16:13,2009/1/3 16:13,4.8,train
train_001867,record_001867.npz,FKSH04,2009/2/1 6:52,2009/2/1 6:52,5.8,train
train_001868,record_001868.npz,FKSH04,2009/2/17 9:13,2009/2/17 9:13,4.9,train
train_001869,record_001869.npz,FKSH04,2009/8/2 0:57,2009/8/2 0:57,4.9,train
train_001870,record_001870.npz,FKSH04,2009/8/2 2:54,2009/8/2 2:54,4.8,train
train_001871,record_001871.npz,FKSH04,2009/8/31 0:46,2009/8/31 0:46,4.8,train
train_001872,record_001872.npz,FKSH04,2009/9/22 20:40,2009/9/22 20:41,4.7,train
train_001873,record_001873.npz,FKSH04,2009/10/23 10:28,2009/10/23 10:29,5,train
train_001874,record_001874.npz,FKSH04,2009/11/21 15:39,2009/11/21 15:39,4.5,train
train_001875,record_001875.npz,FKSH05,2001/7/20 6:02,2001/7/20 6:02,4.8,train
train_001876,record_001876.npz,FKSH05,2002/2/2 5:09,2002/2/2 5:09,4.3,train
train_001877,record_001877.npz,FKSH05,2002/2/5 19:57,2002/2/5 19:57,4.4,train
train_001878,record_001878.npz,FKSH05,2002/2/12 22:44,2002/2/12 22:45,5.5,train
train_001879,record_001879.npz,FKSH05,2002/2/25 22:14,2002/2/25 22:14,4.7,train
train_001880,record_001880.npz,FKSH05,2002/6/14 11:42,2002/6/14 11:43,4.9,train
train_001881,record_001881.npz,FKSH05,2002/6/16 4:39,2002/6/16 4:40,4.6,train
train_001882,record_001882.npz,FKSH05,2002/7/13 21:45,2002/7/13 21:46,4.8,train
train_001883,record_001883.npz,FKSH05,2002/9/28 2:31,2002/9/28 2:31,4.4,train
train_001884,record_001884.npz,FKSH05,2002/10/21 1:06,2002/10/21 1:06,5.2,train
train_001885,record_001885.npz,FKSH05,2003/1/31 17:53,2003/1/31 17:54,4.4,train
train_001886,record_001886.npz,FKSH05,2003/2/16 12:03,2003/2/16 12:04,5,train
train_001887,record_001887.npz,FKSH05,2003/3/3 7:47,2003/3/3 7:47,5.3,train
train_001888,record_001888.npz,FKSH05,2003/3/13 12:13,2003/3/13 12:13,4.8,train
train_001889,record_001889.npz,FKSH05,2003/4/8 4:17,2003/4/8 4:17,4.6,train
train_001890,record_001890.npz,FKSH05,2003/5/6 23:48,2003/5/6 23:49,4.3,train
train_001891,record_001891.npz,FKSH05,2004/10/23 17:56,2004/10/23 17:56,6.8,train
train_001892,record_001892.npz,FKSH05,2004/10/23 18:03,2004/10/23 18:03,6.3,train
train_001893,record_001893.npz,FKSH05,2004/10/23 18:12,2004/10/23 18:10,6,train
train_001894,record_001894.npz,FKSH05,2004/10/23 18:34,2004/10/23 18:34,6.5,train
train_001895,record_001895.npz,FKSH05,2004/10/23 19:46,2004/10/23 19:46,5.7,train
train_001896,record_001896.npz,FKSH05,2004/10/25 6:05,2004/10/25 6:05,5.8,train
train_001897,record_001897.npz,FKSH05,2004/10/27 10:40,2004/10/27 10:41,6.1,train
train_001898,record_001898.npz,FKSH05,2007/7/16 10:13,2007/7/16 10:13,6.8,train
train_001899,record_001899.npz,FKSH05,2007/11/11 19:49,2007/11/11 19:49,4.3,train
train_001900,record_001900.npz,FKSH05,2007/11/26 22:51,2007/11/26 22:52,6,train
train_001901,record_001901.npz,FKSH05,2007/11/30 18:37,2007/11/30 18:37,4.7,train
train_001902,record_001902.npz,FKSH06,2000/10/18 12:58,2000/10/18 12:58,4.5,train
train_001903,record_001903.npz,FKSH06,2004/10/23 17:56,2004/10/23 17:56,6.8,train
train_001904,record_001904.npz,FKSH06,2004/10/23 18:03,2004/10/23 18:01,6.3,train
train_001905,record_001905.npz,FKSH06,2004/10/23 18:12,2004/10/23 18:11,6,train
train_001906,record_001906.npz,FKSH06,2004/10/23 18:34,2004/10/23 18:34,6.5,train
train_001907,record_001907.npz,FKSH06,2004/10/23 19:46,2004/10/23 19:46,5.7,train
train_001908,record_001908.npz,FKSH06,2004/10/23 21:44,2004/10/23 21:44,5,train
train_001909,record_001909.npz,FKSH06,2004/10/23 23:34,2004/10/23 23:34,5.3,train
train_001910,record_001910.npz,FKSH06,2004/10/25 6:05,2004/10/25 6:05,5.8,train
train_001911,record_001911.npz,FKSH06,2004/10/27 10:40,2004/10/27 10:40,6.1,train
train_001912,record_001912.npz,FKSH06,2004/11/4 8:57,2004/11/4 8:57,5.2,train
train_001913,record_001913.npz,FKSH06,2004/11/8 11:16,2004/11/8 11:16,5.9,train
train_001914,record_001914.npz,FKSH06,2004/11/10 3:43,2004/11/10 3:43,5.3,train
train_001915,record_001915.npz,FKSH06,2004/12/28 18:30,2004/12/28 18:30,5,train
train_001916,record_001916.npz,FKSH06,2007/7/16 10:13,2007/7/16 10:13,6.8,train
train_001917,record_001917.npz,FKSH06,2007/11/30 18:37,2007/11/30 18:37,4.7,train
train_001918,record_001918.npz,FKSH06,2008/2/9 7:07,2008/2/9 7:07,4.9,train
train_001919,record_001919.npz,FKSH06,2008/3/2 18:33,2008/3/2 18:34,4.3,train
train_001920,record_001920.npz,FKSH06,2008/3/8 1:55,2008/3/8 1:55,5.2,train
train_001921,record_001921.npz,FKSH06,2008/3/24 12:40,2008/3/24 12:40,5.3,train
train_001922,record_001922.npz,FKSH06,2008/3/24 22:29,2008/3/24 22:30,4.6,train
train_001923,record_001923.npz,FKSH06,2008/4/4 19:02,2008/4/4 19:02,5,train
train_001924,record_001924.npz,FKSH06,2008/7/5 16:49,2008/7/5 16:49,5.2,train
train_001925,record_001925.npz,FKSH06,2008/8/20 15:13,2008/8/20 15:13,4.6,train
train_001926,record_001926.npz,FKSH06,2008/8/22 19:59,2008/8/22 20:00,5.2,train
train_001927,record_001927.npz,FKSH06,2008/9/21 7:17,2008/9/21 7:17,4.8,train
train_001928,record_001928.npz,FKSH06,2009/2/1 6:52,2009/2/1 6:52,5.8,train
train_001929,record_001929.npz,FKSH06,2009/2/20 18:17,2009/2/20 18:18,4.4,train
train_001930,record_001930.npz,FKSH07,2000/10/18 12:58,2000/10/18 12:58,4.5,train
train_001931,record_001931.npz,FKSH07,2001/1/4 13:18,2001/1/4 13:18,5.1,train
train_001932,record_001932.npz,FKSH07,2001/7/20 6:02,2001/7/20 6:02,4.8,train
train_001933,record_001933.npz,FKSH07,2001/12/8 7:07,2001/12/8 7:07,4.5,train
train_001934,record_001934.npz,FKSH07,2001/12/16 13:48,2001/12/16 13:48,4.1,train
train_001935,record_001935.npz,FKSH07,2002/2/2 5:09,2002/2/2 5:09,4.3,train
train_001936,record_001936.npz,FKSH07,2002/2/12 22:44,2002/2/12 22:45,5.5,train
train_001937,record_001937.npz,FKSH07,2002/2/25 22:14,2002/2/25 22:14,4.7,train
train_001938,record_001938.npz,FKSH07,2002/3/28 7:50,2002/3/28 7:51,4.1,train
train_001939,record_001939.npz,FKSH07,2002/6/14 11:42,2002/6/14 11:43,4.9,train
train_001940,record_001940.npz,FKSH07,2002/7/13 21:45,2002/7/13 21:46,4.8,train
train_001941,record_001941.npz,FKSH07,2004/10/23 17:56,2004/10/23 17:56,6.8,train
train_001942,record_001942.npz,FKSH07,2004/10/23 18:03,2004/10/23 18:01,6.3,train
train_001943,record_001943.npz,FKSH07,2004/10/23 18:12,2004/10/23 18:10,6,train
train_001944,record_001944.npz,FKSH07,2004/10/23 18:34,2004/10/23 18:34,6.5,train
train_001945,record_001945.npz,FKSH07,2004/10/23 19:46,2004/10/23 19:46,5.7,train
train_001946,record_001946.npz,FKSH07,2004/10/23 23:34,2004/10/23 23:34,5.3,train
train_001947,record_001947.npz,FKSH07,2004/10/25 6:05,2004/10/25 6:05,5.8,train
train_001948,record_001948.npz,FKSH07,2004/10/27 10:40,2004/10/27 10:40,6.1,train
train_001949,record_001949.npz,FKSH07,2004/11/4 8:57,2004/11/4 8:57,5.2,train
train_001950,record_001950.npz,FKSH07,2004/11/8 11:16,2004/11/8 11:16,5.9,train
train_001951,record_001951.npz,FKSH07,2004/11/9 4:16,2004/11/9 4:16,5,train
train_001952,record_001952.npz,FKSH07,2007/7/16 10:13,2007/7/16 10:13,6.8,train
train_001953,record_001953.npz,FKSH07,2007/7/16 15:37,2007/7/16 15:37,5.8,train
train_001954,record_001954.npz,FKSH07,2008/2/2 13:07,2008/2/2 13:08,4.3,train
train_001955,record_001955.npz,FKSH09,2000/7/21 3:39,2000/7/21 3:39,6,train
train_001956,record_001956.npz,FKSH09,2001/2/5 4:17,2001/2/5 4:17,4.3,train
train_001957,record_001957.npz,FKSH09,2001/7/6 3:57,2001/7/6 3:57,4.5,train
train_001958,record_001958.npz,FKSH09,2001/9/4 23:54,2001/9/4 23:54,5.2,train
train_001959,record_001959.npz,FKSH09,2002/2/12 22:44,2002/2/12 22:44,5.5,train
train_001960,record_001960.npz,FKSH09,2002/2/25 22:14,2002/2/25 22:14,4.7,train
train_001961,record_001961.npz,FKSH09,2002/3/9 12:57,2002/3/9 12:57,4.5,train
train_001962,record_001962.npz,FKSH09,2002/7/24 5:05,2002/7/24 5:05,5.7,train
train_001963,record_001963.npz,FKSH09,2002/12/31 19:11,2002/12/31 19:11,4.6,train
train_001964,record_001964.npz,FKSH09,2003/1/9 13:14,2003/1/9 13:14,4.7,train
train_001965,record_001965.npz,FKSH09,2003/1/21 13:19,2003/1/21 13:19,5,train
train_001966,record_001966.npz,FKSH09,2003/2/16 12:03,2003/2/16 12:04,5,train
train_001967,record_001967.npz,FKSH09,2003/6/16 18:34,2003/6/16 18:34,5,train
train_001968,record_001968.npz,FKSH09,2003/7/26 7:13,2003/7/26 7:13,6.2,train
train_001969,record_001969.npz,FKSH09,2003/11/15 3:44,2003/11/15 3:44,5.8,train
train_001970,record_001970.npz,FKSH09,2004/1/23 18:01,2004/1/23 18:01,5.3,train
train_001971,record_001971.npz,FKSH09,2004/1/27 15:11,2004/1/27 15:11,4.4,train
train_001972,record_001972.npz,FKSH09,2004/4/4 8:02,2004/4/4 8:02,5.8,train
train_001973,record_001973.npz,FKSH09,2004/8/19 20:40,2004/8/19 20:41,5,train
train_001974,record_001974.npz,FKSH09,2004/12/9 2:15,2004/12/9 2:15,4.2,train
train_001975,record_001975.npz,FKSH09,2005/1/1 5:14,2005/1/1 5:14,5,train
train_001976,record_001976.npz,FKSH09,2005/8/16 11:46,2005/8/16 11:46,7.2,train
train_001977,record_001977.npz,FKSH09,2006/4/10 9:21,2006/4/10 9:21,4.7,train
train_001978,record_001978.npz,FKSH09,2007/11/26 22:51,2007/11/26 22:51,6,train
train_001979,record_001979.npz,FKSH09,2008/2/9 7:07,2008/2/9 7:07,4.9,train
train_001980,record_001980.npz,FKSH09,2008/2/22 20:27,2008/2/22 20:27,4.2,train
train_001981,record_001981.npz,FKSH09,2008/3/2 18:33,2008/3/2 18:33,4.3,train
train_001982,record_001982.npz,FKSH09,2008/3/8 1:55,2008/3/8 1:55,5.2,train
train_001983,record_001983.npz,FKSH09,2008/3/19 23:18,2008/3/19 23:18,4.2,train
train_001984,record_001984.npz,FKSH09,2008/3/24 12:40,2008/3/24 12:40,5.3,train
train_001985,record_001985.npz,FKSH10,2000/7/21 3:39,2000/7/21 3:39,6,train
train_001986,record_001986.npz,FKSH10,2001/2/25 6:54,2001/2/25 6:54,5.8,train
train_001987,record_001987.npz,FKSH10,2001/5/31 8:59,2001/5/31 8:59,4.5,train
train_001988,record_001988.npz,FKSH10,2001/6/11 13:22,2001/6/11 13:23,4.4,train
train_001989,record_001989.npz,FKSH10,2001/7/6 3:57,2001/7/6 3:57,4.5,train
train_001990,record_001990.npz,FKSH10,2001/7/20 6:02,2001/7/20 6:02,4.8,train
train_001991,record_001991.npz,FKSH10,2001/9/4 23:54,2001/9/4 23:55,5.2,train
train_001992,record_001992.npz,FKSH10,2001/9/25 4:57,2001/9/25 4:57,4.5,train
train_001993,record_001993.npz,FKSH10,2001/10/2 17:20,2001/10/2 17:20,5.4,train
train_001994,record_001994.npz,FKSH10,2001/11/25 5:22,2001/11/25 5:22,4.8,train
train_001995,record_001995.npz,FKSH10,2002/1/6 18:35,2002/1/6 18:35,4.2,train
train_001996,record_001996.npz,FKSH10,2002/1/29 8:45,2002/1/29 8:45,4.8,train
train_001997,record_001997.npz,FKSH10,2002/1/29 18:50,2002/1/29 18:51,4.2,train
train_001998,record_001998.npz,FKSH10,2002/2/5 19:57,2002/2/5 19:57,4.4,train
train_001999,record_001999.npz,FKSH10,2002/2/11 10:10,2002/2/11 10:10,5,train
train_002000,record_002000.npz,FKSH10,2002/2/12 22:44,2002/2/12 22:44,5.5,train
train_002001,record_002001.npz,FKSH10,2002/2/25 22:14,2002/2/25 22:14,4.7,train
train_002002,record_002002.npz,FKSH10,2002/3/9 12:57,2002/3/9 12:57,4.5,train
train_002003,record_002003.npz,FKSH10,2002/3/16 16:23,2002/3/16 16:24,4.4,train
train_002004,record_002004.npz,FKSH10,2002/3/17 3:01,2002/3/17 3:02,4.1,train
train_002005,record_002005.npz,FKSH10,2002/4/17 9:10,2002/4/17 9:10,4.1,train
train_002006,record_002006.npz,FKSH10,2002/5/4 23:29,2002/5/4 23:30,4.1,train
train_002007,record_002007.npz,FKSH10,2002/6/14 11:42,2002/6/14 11:43,4.9,train
train_002008,record_002008.npz,FKSH10,2002/6/16 4:39,2002/6/16 4:40,4.6,train
train_002009,record_002009.npz,FKSH10,2002/6/19 18:16,2002/6/19 18:16,5,train
train_002010,record_002010.npz,FKSH10,2002/7/13 21:45,2002/7/13 21:46,4.8,train
train_002011,record_002011.npz,FKSH10,2002/7/24 5:05,2002/7/24 5:06,5.7,train
train_002012,record_002012.npz,FKSH10,2002/7/27 17:59,2002/7/27 17:59,4.5,train
train_002013,record_002013.npz,FKSH10,2002/8/15 4:16,2002/8/15 4:16,4.1,train
train_002014,record_002014.npz,FKSH11,2000/11/16 18:31,2000/11/16 18:32,5,train
train_002015,record_002015.npz,FKSH11,2001/2/25 6:54,2001/2/25 6:54,5.8,train
train_002016,record_002016.npz,FKSH11,2001/3/6 14:32,2001/3/6 14:32,4.6,train
train_002017,record_002017.npz,FKSH11,2001/7/6 3:57,2001/7/6 3:57,4.5,train
train_002018,record_002018.npz,FKSH11,2001/10/2 17:20,2001/10/2 17:20,5.4,train
train_002019,record_002019.npz,FKSH11,2002/2/12 22:44,2002/2/12 22:44,5.5,train
train_002020,record_002020.npz,FKSH11,2002/2/25 22:14,2002/2/25 22:14,4.7,train
train_002021,record_002021.npz,FKSH11,2002/6/14 11:42,2002/6/14 11:43,4.9,train
train_002022,record_002022.npz,FKSH11,2002/6/16 4:39,2002/6/16 4:40,4.6,train
train_002023,record_002023.npz,FKSH11,2002/7/13 21:45,2002/7/13 21:46,4.8,train
train_002024,record_002024.npz,FKSH11,2002/7/24 5:05,2002/7/24 5:05,5.7,train
train_002025,record_002025.npz,FKSH11,2002/7/27 17:59,2002/7/27 17:59,4.5,train
train_002026,record_002026.npz,FKSH11,2002/8/15 4:16,2002/8/15 4:16,4.1,train
train_002027,record_002027.npz,FKSH11,2002/9/7 6:57,2002/9/7 6:58,4.1,train
train_002028,record_002028.npz,FKSH11,2002/9/28 2:31,2002/9/28 2:31,4.4,train
train_002029,record_002029.npz,FKSH11,2002/10/13 4:28,2002/10/13 4:29,4.2,train
train_002030,record_002030.npz,FKSH11,2002/10/16 13:04,2002/10/16 13:05,4.8,train
train_002031,record_002031.npz,FKSH11,2002/10/21 1:06,2002/10/21 1:06,5.2,train
train_002032,record_002032.npz,FKSH11,2002/10/26 19:43,2002/10/26 19:43,4.8,train
train_002033,record_002033.npz,FKSH11,2002/12/5 2:17,2002/12/5 2:17,4.5,train
train_002034,record_002034.npz,FKSH11,2002/12/9 3:34,2002/12/9 3:34,4.6,train
train_002035,record_002035.npz,FKSH11,2002/12/14 5:15,2002/12/14 5:15,4.5,train
train_002036,record_002036.npz,FKSH11,2002/12/23 5:31,2002/12/23 5:32,4.1,train
train_002037,record_002037.npz,FKSH11,2002/12/31 19:11,2002/12/31 19:11,4.6,train
train_002038,record_002038.npz,FKSH11,2003/1/9 22:24,2003/1/9 22:25,4.6,train
train_002039,record_002039.npz,FKSH11,2003/1/20 22:05,2003/1/20 22:06,4.4,train
train_002040,record_002040.npz,FKSH11,2003/1/21 13:19,2003/1/21 13:19,5,train
train_002041,record_002041.npz,FKSH11,2003/2/14 10:54,2003/2/14 10:54,4.7,train
train_002042,record_002042.npz,FKSH12,2000/7/21 3:39,2000/7/21 3:39,6,train
train_002043,record_002043.npz,FKSH12,2001/2/25 6:54,2001/2/25 6:54,5.8,train
train_002044,record_002044.npz,FKSH12,2001/4/25 22:08,2001/4/25 22:08,4.2,train
train_002045,record_002045.npz,FKSH12,2001/7/20 6:02,2001/7/20 6:02,4.8,train
train_002046,record_002046.npz,FKSH12,2001/10/2 17:20,2001/10/2 17:20,5.4,train
train_002047,record_002047.npz,FKSH12,2002/2/12 22:44,2002/2/12 22:44,5.5,train
train_002048,record_002048.npz,FKSH12,2002/7/24 5:05,2002/7/24 5:05,5.7,train
train_002049,record_002049.npz,FKSH12,2003/2/14 10:54,2003/2/14 10:54,4.7,train
train_002050,record_002050.npz,FKSH12,2003/2/16 12:03,2003/2/16 12:04,5,train
train_002051,record_002051.npz,FKSH12,2003/6/16 18:34,2003/6/16 18:34,5,train
train_002052,record_002052.npz,FKSH12,2003/7/26 7:13,2003/7/26 7:13,6.2,train
train_002053,record_002053.npz,FKSH12,2003/8/4 20:57,2003/8/4 20:57,4.9,train
train_002054,record_002054.npz,FKSH12,2003/11/15 3:44,2003/11/15 3:44,5.8,train
train_002055,record_002055.npz,FKSH12,2004/1/23 18:01,2004/1/23 18:01,5.3,train
train_002056,record_002056.npz,FKSH12,2004/1/27 15:11,2004/1/27 15:11,4.4,train
train_002057,record_002057.npz,FKSH12,2004/5/8 9:10,2004/5/8 9:10,4.1,train
train_002058,record_002058.npz,FKSH12,2004/8/19 20:40,2004/8/19 20:40,5,train
train_002059,record_002059.npz,FKSH12,2004/9/1 11:49,2004/9/1 11:49,5.6,train
train_002060,record_002060.npz,FKSH12,2004/10/1 9:59,2004/10/1 9:59,4.2,train
train_002061,record_002061.npz,FKSH12,2004/10/11 5:27,2004/10/11 5:27,4.4,train
train_002062,record_002062.npz,FKSH12,2004/10/23 17:56,2004/10/23 17:56,6.8,train
train_002063,record_002063.npz,FKSH12,2004/10/23 18:34,2004/10/23 18:34,6.5,train
train_002064,record_002064.npz,FKSH12,2004/10/27 10:40,2004/10/27 10:41,6.1,train
train_002065,record_002065.npz,FKSH12,2004/12/9 2:15,2004/12/9 2:15,4.2,train
train_002066,record_002066.npz,FKSH12,2005/1/1 5:14,2005/1/1 5:14,5,train
train_002067,record_002067.npz,FKSH12,2005/4/4 2:57,2005/4/4 2:57,5.3,train
train_002068,record_002068.npz,FKSH12,2005/4/11 7:22,2005/4/11 7:22,6.1,train
train_002069,record_002069.npz,FKSH12,2005/8/16 11:46,2005/8/16 11:46,7.2,train
train_002070,record_002070.npz,FKSH12,2005/10/19 20:44,2005/10/19 20:45,6.3,train
train_002071,record_002071.npz,FKSH12,2005/10/22 22:12,2005/10/22 22:12,5.6,train
train_002072,record_002072.npz,FKSH13,2000/7/21 3:39,2000/7/21 3:39,6,train
train_002073,record_002073.npz,FKSH13,2000/8/19 21:41,2000/8/19 21:41,5.4,train
train_002074,record_002074.npz,FKSH13,2000/9/15 23:43,2000/9/15 23:43,4.3,train
train_002075,record_002075.npz,FKSH13,2001/3/6 14:32,2001/3/6 14:32,4.6,train
train_002076,record_002076.npz,FKSH13,2001/5/31 8:59,2001/5/31 8:59,4.5,train
train_002077,record_002077.npz,FKSH13,2001/6/11 13:22,2001/6/11 13:23,4.4,train
train_002078,record_002078.npz,FKSH13,2001/7/6 3:57,2001/7/6 3:57,4.5,train
train_002079,record_002079.npz,FKSH13,2002/2/12 22:44,2002/2/12 22:44,5.5,train
train_002080,record_002080.npz,FKSH13,2003/2/14 10:54,2003/2/14 10:53,4.7,train
train_002081,record_002081.npz,FKSH13,2003/2/16 12:03,2003/2/16 12:04,5,train
train_002082,record_002082.npz,FKSH13,2003/6/16 18:34,2003/6/16 18:34,5,train
train_002083,record_002083.npz,FKSH13,2003/8/4 20:57,2003/8/4 20:57,4.9,train
train_002084,record_002084.npz,FKSH13,2003/11/15 3:44,2003/11/15 3:44,5.8,train
train_002085,record_002085.npz,FKSH13,2004/1/23 18:01,2004/1/23 18:01,5.3,train
train_002086,record_002086.npz,FKSH13,2004/3/11 11:35,2004/3/11 11:35,5.3,train
train_002087,record_002087.npz,FKSH13,2004/4/4 8:02,2004/4/4 8:02,5.8,train
train_002088,record_002088.npz,FKSH13,2004/5/8 9:10,2004/5/8 9:10,4.1,train
train_002089,record_002089.npz,FKSH13,2004/12/9 2:15,2004/12/9 2:15,4.2,train
train_002090,record_002090.npz,FKSH13,2005/1/1 5:14,2005/1/1 5:14,5,train
train_002091,record_002091.npz,FKSH13,2005/4/4 2:57,2005/4/4 2:57,5.3,train
train_002092,record_002092.npz,FKSH13,2005/10/19 20:44,2005/10/19 20:44,6.3,train
train_002093,record_002093.npz,FKSH13,2005/10/22 22:12,2005/10/22 22:12,5.6,train
train_002094,record_002094.npz,FKSH14,2000/7/21 3:39,2000/7/21 3:39,6,train
train_002095,record_002095.npz,FKSH14,2000/11/16 18:31,2000/11/16 18:31,5,train
train_002096,record_002096.npz,FKSH14,2001/4/12 16:02,2001/4/12 16:02,5,train
train_002097,record_002097.npz,FKSH14,2001/4/25 22:08,2001/4/25 22:08,4.2,train
train_002098,record_002098.npz,FKSH14,2001/8/4 20:43,2001/8/4 20:43,4.9,train
train_002099,record_002099.npz,FKSH14,2001/9/4 23:54,2001/9/4 23:54,5.2,train
train_002100,record_002100.npz,FKSH14,2001/9/6 10:40,2001/9/6 10:40,4.5,train
train_002101,record_002101.npz,FKSH14,2001/10/2 17:20,2001/10/2 17:20,5.4,train
train_002102,record_002102.npz,FKSH14,2002/2/12 22:44,2002/2/12 22:44,5.5,train
train_002103,record_002103.npz,FKSH14,2002/3/9 12:57,2002/3/9 12:57,4.5,train
train_002104,record_002104.npz,FKSH14,2002/6/14 11:42,2002/6/14 11:43,4.9,train
train_002105,record_002105.npz,FKSH14,2002/6/16 4:39,2002/6/16 4:40,4.6,train
train_002106,record_002106.npz,FKSH14,2002/6/19 18:16,2002/6/19 18:16,5,train
train_002107,record_002107.npz,FKSH14,2002/7/24 5:05,2002/7/24 5:05,5.7,train
train_002108,record_002108.npz,FKSH14,2002/10/21 1:06,2002/10/21 1:06,5.2,train
train_002109,record_002109.npz,FKSH14,2002/10/26 19:43,2002/10/26 19:43,4.8,train
train_002110,record_002110.npz,FKSH14,2002/12/5 2:17,2002/12/5 2:17,4.5,train
train_002111,record_002111.npz,FKSH14,2002/12/14 4:38,2002/12/14 4:38,4.5,train
train_002112,record_002112.npz,FKSH14,2003/1/21 13:19,2003/1/21 13:19,5,train
train_002113,record_002113.npz,FKSH14,2003/2/16 12:03,2003/2/16 12:04,5,train
train_002114,record_002114.npz,FKSH14,2003/3/3 7:47,2003/3/3 7:47,5.3,train
train_002115,record_002115.npz,FKSH14,2003/4/8 3:28,2003/4/8 3:28,5.8,train
train_002116,record_002116.npz,FKSH14,2003/5/6 23:48,2003/5/6 23:49,4.3,train
train_002117,record_002117.npz,FKSH14,2003/5/12 0:57,2003/5/12 0:57,5.2,train
train_002118,record_002118.npz,FKSH14,2003/6/9 18:59,2003/6/9 18:59,4.6,train
train_002119,record_002119.npz,FKSH14,2003/6/16 18:34,2003/6/16 18:34,5,train
train_002120,record_002120.npz,FKSH14,2003/7/26 0:13,2003/7/26 0:13,5.5,train
train_002121,record_002121.npz,FKSH14,2003/7/26 7:13,2003/7/26 7:13,6.2,train
train_002122,record_002122.npz,FKSH14,2003/7/26 10:22,2003/7/26 10:23,4.8,train
train_002123,record_002123.npz,FKSH15,2000/7/21 3:39,2000/7/21 3:39,6,train
train_002124,record_002124.npz,FKSH15,2003/5/26 18:24,2003/5/26 18:25,7,train
train_002125,record_002125.npz,FKSH15,2004/10/23 17:56,2004/10/23 17:56,6.8,train
train_002126,record_002126.npz,FKSH15,2005/8/16 11:46,2005/8/16 11:46,7.2,train
train_002127,record_002127.npz,FKSH15,2005/10/19 20:44,2005/10/19 20:45,6.3,train
train_002128,record_002128.npz,FKSH15,2007/7/16 10:13,2007/7/16 10:13,6.8,train
train_002129,record_002129.npz,FKSH15,2007/11/26 22:51,2007/11/26 22:52,6,train
train_002130,record_002130.npz,FKSH15,2007/11/30 18:37,2007/11/30 18:37,4.7,train
train_002131,record_002131.npz,FKSH15,2008/2/9 7:07,2008/2/9 7:07,4.9,train
train_002132,record_002132.npz,FKSH15,2008/2/22 20:27,2008/2/22 20:27,4.2,train
train_002133,record_002133.npz,FKSH15,2008/3/2 18:33,2008/3/2 18:33,4.3,train
train_002134,record_002134.npz,FKSH15,2008/3/8 1:55,2008/3/8 1:55,5.2,train
train_002135,record_002135.npz,FKSH15,2008/3/24 12:40,2008/3/24 12:40,5.3,train
train_002136,record_002136.npz,FKSH15,2008/3/24 22:29,2008/3/24 22:30,4.6,train
train_002137,record_002137.npz,FKSH15,2008/4/4 19:02,2008/4/4 19:02,5,train
train_002138,record_002138.npz,FKSH15,2008/4/5 7:33,2008/4/5 7:34,4.2,train
train_002139,record_002139.npz,FKSH15,2008/5/2 6:58,2008/5/2 6:59,4.7,train
train_002140,record_002140.npz,FKSH15,2008/5/2 14:41,2008/5/2 14:41,5.1,train
train_002141,record_002141.npz,FKSH15,2008/6/14 8:43,2008/6/14 8:44,7.2,train
train_002142,record_002142.npz,FKSH15,2008/6/14 9:20,2008/6/14 9:20,5.7,train
train_002143,record_002143.npz,FKSH15,2008/7/5 16:49,2008/7/5 16:49,5.2,train
train_002144,record_002144.npz,FKSH15,2008/8/22 19:59,2008/8/22 20:00,5.2,train
train_002145,record_002145.npz,FKSH15,2008/8/26 15:16,2008/8/26 15:16,4.1,train
train_002146,record_002146.npz,FKSH15,2008/9/11 12:14,2008/9/11 12:14,4.6,train
train_002147,record_002147.npz,FKSH15,2008/10/30 0:48,2008/10/30 0:48,5.1,train
train_002148,record_002148.npz,FKSH16,2000/7/21 3:39,2000/7/21 3:39,6,train
train_002149,record_002149.npz,FKSH16,2000/11/16 18:31,2000/11/16 18:32,5,train
train_002150,record_002150.npz,FKSH16,2001/2/5 4:17,2001/2/5 4:17,4.3,train
train_002151,record_002151.npz,FKSH16,2001/2/25 6:54,2001/2/25 6:54,5.8,train
train_002152,record_002152.npz,FKSH16,2001/8/4 20:43,2001/8/4 20:43,4.9,train
train_002153,record_002153.npz,FKSH16,2001/9/4 23:54,2001/9/4 23:55,5.2,train
train_002154,record_002154.npz,FKSH16,2001/9/6 10:40,2001/9/6 10:40,4.5,train
train_002155,record_002155.npz,FKSH16,2001/10/2 17:20,2001/10/2 17:20,5.4,train
train_002156,record_002156.npz,FKSH16,2001/12/23 1:41,2001/12/23 1:41,4.5,train
train_002157,record_002157.npz,FKSH16,2002/1/29 8:42,2002/1/29 8:42,4.6,train
train_002158,record_002158.npz,FKSH16,2002/1/29 8:45,2002/1/29 8:45,4.8,train
train_002159,record_002159.npz,FKSH16,2002/2/12 22:44,2002/2/12 22:45,5.5,train
train_002160,record_002160.npz,FKSH16,2002/2/25 22:14,2002/2/25 22:14,4.7,train
train_002161,record_002161.npz,FKSH16,2002/5/6 17:12,2002/5/6 17:12,5,train
train_002162,record_002162.npz,FKSH16,2002/6/14 11:42,2002/6/14 11:43,4.9,train
train_002163,record_002163.npz,FKSH16,2002/6/16 4:39,2002/6/16 4:40,4.6,train
train_002164,record_002164.npz,FKSH16,2002/7/24 5:05,2002/7/24 5:05,5.7,train
train_002165,record_002165.npz,FKSH16,2002/8/24 8:22,2002/8/24 8:22,4.3,train
train_002166,record_002166.npz,FKSH16,2003/2/16 12:03,2003/2/16 12:04,5,train
train_002167,record_002167.npz,FKSH16,2003/5/26 18:24,2003/5/26 18:25,7,train
train_002168,record_002168.npz,FKSH16,2003/7/26 0:13,2003/7/26 0:13,5.5,train
train_002169,record_002169.npz,FKSH16,2003/7/26 7:13,2003/7/26 7:13,6.2,train
train_002170,record_002170.npz,FKSH17,2000/7/21 3:39,2000/7/21 3:39,6,train
train_002171,record_002171.npz,FKSH17,2000/11/16 18:31,2000/11/16 18:31,5,train
train_002172,record_002172.npz,FKSH17,2001/2/5 4:17,2001/2/5 4:17,4.3,train
train_002173,record_002173.npz,FKSH17,2001/10/2 17:20,2001/10/2 17:20,5.4,train
train_002174,record_002174.npz,FKSH17,2002/2/12 22:44,2002/2/12 22:44,5.5,train
train_002175,record_002175.npz,FKSH17,2003/2/16 12:03,2003/2/16 12:04,5,train
train_002176,record_002176.npz,FKSH17,2003/5/26 18:24,2003/5/26 18:24,7,train
train_002177,record_002177.npz,FKSH17,2003/7/26 7:13,2003/7/26 7:13,6.2,train
train_002178,record_002178.npz,FKSH17,2003/11/15 3:44,2003/11/15 3:44,5.8,train
train_002179,record_002179.npz,FKSH17,2004/1/23 18:01,2004/1/23 18:01,5.3,train
train_002180,record_002180.npz,FKSH17,2005/1/1 5:14,2005/1/1 5:14,5,train
train_002181,record_002181.npz,FKSH17,2005/8/16 11:46,2005/8/16 11:46,7.2,train
train_002182,record_002182.npz,FKSH17,2005/10/19 20:44,2005/10/19 20:45,6.3,train
train_002183,record_002183.npz,FKSH17,2005/10/22 22:12,2005/10/22 22:13,5.6,train
train_002184,record_002184.npz,FKSH17,2007/10/23 10:22,2007/10/23 10:23,4.1,train
train_002185,record_002185.npz,FKSH17,2007/11/7 20:05,2007/11/7 20:06,4.6,train
train_002186,record_002186.npz,FKSH17,2007/11/12 9:20,2007/11/12 9:21,4.1,train
train_002187,record_002187.npz,FKSH17,2007/11/26 6:42,2007/11/26 6:42,4.2,train
train_002188,record_002188.npz,FKSH17,2007/11/26 22:51,2007/11/26 22:51,6,train
train_002189,record_002189.npz,FKSH17,2007/11/30 18:37,2007/11/30 18:37,4.7,train
train_002190,record_002190.npz,FKSH17,2007/12/25 23:04,2007/12/25 23:05,5.6,train
train_002191,record_002191.npz,FKSH17,2007/12/26 8:39,2007/12/26 8:39,4.6,train
train_002192,record_002192.npz,FKSH17,2008/1/16 2:55,2008/1/16 2:56,4.7,train
train_002193,record_002193.npz,FKSH17,2008/2/9 7:07,2008/2/9 7:07,4.9,train
train_002194,record_002194.npz,FKSH17,2008/2/22 20:27,2008/2/22 20:27,4.2,train
train_002195,record_002195.npz,FKSH17,2008/3/2 18:33,2008/3/2 18:34,4.3,train
train_002196,record_002196.npz,FKSH17,2008/3/3 17:57,2008/3/3 17:58,4.4,train
train_002197,record_002197.npz,FKSH17,2008/3/8 1:55,2008/3/8 1:55,5.2,train
train_002198,record_002198.npz,FKSH17,2008/3/19 23:18,2008/3/19 23:18,4.2,train
train_002199,record_002199.npz,FKSH17,2008/3/24 12:40,2008/3/24 12:40,5.3,train
train_002200,record_002200.npz,FKSH18,2000/7/21 3:39,2000/7/21 3:39,6,train
train_002201,record_002201.npz,FKSH18,2000/11/16 18:31,2000/11/16 18:32,5,train
train_002202,record_002202.npz,FKSH18,2001/8/4 20:43,2001/8/4 20:43,4.9,train
train_002203,record_002203.npz,FKSH18,2001/9/4 23:54,2001/9/4 23:54,5.2,train
train_002204,record_002204.npz,FKSH18,2001/10/2 17:20,2001/10/2 17:20,5.4,train
train_002205,record_002205.npz,FKSH18,2002/2/12 22:44,2002/2/12 22:44,5.5,train
train_002206,record_002206.npz,FKSH18,2002/2/25 22:14,2002/2/25 22:14,4.7,train
train_002207,record_002207.npz,FKSH18,2002/3/9 12:57,2002/3/9 12:57,4.5,train
train_002208,record_002208.npz,FKSH18,2002/5/6 17:12,2002/5/6 17:12,5,train
train_002209,record_002209.npz,FKSH18,2002/6/14 11:42,2002/6/14 11:43,4.9,train
train_002210,record_002210.npz,FKSH18,2002/6/16 4:39,2002/6/16 4:40,4.6,train
train_002211,record_002211.npz,FKSH18,2002/7/24 5:05,2002/7/24 5:05,5.7,train
train_002212,record_002212.npz,FKSH18,2002/7/27 17:59,2002/7/27 17:59,4.5,train
train_002213,record_002213.npz,FKSH18,2002/9/28 2:31,2002/9/28 2:31,4.4,train
train_002214,record_002214.npz,FKSH18,2002/10/21 1:06,2002/10/21 1:06,5.2,train
train_002215,record_002215.npz,FKSH18,2002/10/26 19:43,2002/10/26 19:43,4.8,train
train_002216,record_002216.npz,FKSH18,2002/12/5 2:17,2002/12/5 2:17,4.5,train
train_002217,record_002217.npz,FKSH18,2002/12/9 3:34,2002/12/9 3:34,4.6,train
train_002218,record_002218.npz,FKSH18,2002/12/14 4:38,2002/12/14 4:38,4.5,train
train_002219,record_002219.npz,FKSH18,2002/12/14 5:15,2002/12/14 5:15,4.5,train
train_002220,record_002220.npz,FKSH18,2002/12/31 19:11,2002/12/31 19:11,4.6,train
train_002221,record_002221.npz,FKSH18,2003/1/9 13:14,2003/1/9 13:14,4.7,train
train_002222,record_002222.npz,FKSH18,2003/1/21 13:19,2003/1/21 13:19,5,train
train_002223,record_002223.npz,FKSH18,2003/2/14 10:54,2003/2/14 10:55,4.7,train
train_002224,record_002224.npz,FKSH18,2003/2/16 12:03,2003/2/16 12:04,5,train
train_002225,record_002225.npz,FKSH18,2003/3/3 7:47,2003/3/3 7:47,5.3,train
train_002226,record_002226.npz,FKSH18,2003/3/13 12:13,2003/3/13 12:13,4.8,train
train_002227,record_002227.npz,FKSH19,2000/8/18 22:47,2000/8/18 22:47,4.6,train
train_002228,record_002228.npz,FKSH19,2000/8/19 21:41,2000/8/19 21:42,5.4,train
train_002229,record_002229.npz,FKSH19,2000/11/16 18:31,2000/11/16 18:31,5,train
train_002230,record_002230.npz,FKSH19,2001/2/5 4:17,2001/2/5 4:17,4.3,train
train_002231,record_002231.npz,FKSH19,2001/2/25 6:54,2001/2/25 6:54,5.8,train
train_002232,record_002232.npz,FKSH19,2001/4/25 22:08,2001/4/25 22:08,4.2,train
train_002233,record_002233.npz,FKSH19,2001/8/4 20:43,2001/8/4 20:43,4.9,train
train_002234,record_002234.npz,FKSH19,2001/9/4 23:54,2001/9/4 23:54,5.2,train
train_002235,record_002235.npz,FKSH19,2001/10/2 17:20,2001/10/2 17:20,5.4,train
train_002236,record_002236.npz,FKSH19,2001/12/23 1:41,2001/12/23 1:41,4.5,train
train_002237,record_002237.npz,FKSH19,2002/2/12 22:44,2002/2/12 22:44,5.5,train
train_002238,record_002238.npz,FKSH19,2002/2/25 22:14,2002/2/25 22:14,4.7,train
train_002239,record_002239.npz,FKSH19,2002/3/9 12:57,2002/3/9 12:57,4.5,train
train_002240,record_002240.npz,FKSH19,2002/5/6 17:12,2002/5/6 17:12,5,train
train_002241,record_002241.npz,FKSH19,2002/6/14 11:42,2002/6/14 11:43,4.9,train
train_002242,record_002242.npz,FKSH19,2002/7/24 5:05,2002/7/24 5:05,5.7,train
train_002243,record_002243.npz,FKSH19,2002/9/28 2:31,2002/9/28 2:31,4.4,train
train_002244,record_002244.npz,FKSH19,2002/10/11 10:04,2002/10/11 10:04,5.2,train
train_002245,record_002245.npz,FKSH19,2002/10/12 19:59,2002/10/12 20:00,5.6,train
train_002246,record_002246.npz,FKSH19,2002/10/21 1:06,2002/10/21 1:06,5.2,train
train_002247,record_002247.npz,FKSH19,2002/10/25 19:49,2002/10/25 19:49,4.3,train
train_002248,record_002248.npz,FKSH19,2002/10/26 19:43,2002/10/26 19:43,4.8,train
train_002249,record_002249.npz,FKSH19,2002/12/5 0:53,2002/12/5 0:53,4.9,train
train_002250,record_002250.npz,FKSH19,2002/12/5 2:17,2002/12/5 2:17,4.5,train
train_002251,record_002251.npz,FKSH19,2002/12/9 3:34,2002/12/9 3:34,4.6,train
train_002252,record_002252.npz,FKSH19,2002/12/14 4:38,2002/12/14 4:38,4.5,train
train_002253,record_002253.npz,FKSH19,2002/12/14 5:15,2002/12/14 5:15,4.5,train
train_002254,record_002254.npz,FKSH19,2002/12/31 19:11,2002/12/31 19:11,4.6,train
train_002255,record_002255.npz,FKSH19,2003/1/9 13:14,2003/1/9 13:14,4.7,train
train_002256,record_002256.npz,FKSH19,2003/1/9 22:24,2003/1/9 22:24,4.6,train
train_002257,record_002257.npz,FKSH21,2001/1/4 13:18,2001/1/4 13:18,5.1,train
train_002258,record_002258.npz,FKSH21,2004/10/23 17:56,2004/10/23 17:56,6.8,train
train_002259,record_002259.npz,FKSH21,2004/10/23 18:03,2004/10/23 18:01,6.3,train
train_002260,record_002260.npz,FKSH21,2004/10/23 18:07,2004/10/23 18:06,5.7,train
train_002261,record_002261.npz,FKSH21,2004/10/23 18:12,2004/10/23 18:11,6,train
train_002262,record_002262.npz,FKSH21,2004/10/23 18:19,2004/10/23 18:16,4.2,train
train_002263,record_002263.npz,FKSH21,2004/10/23 18:28,2004/10/23 18:28,4.6,train
train_002264,record_002264.npz,FKSH21,2004/10/23 18:34,2004/10/23 18:34,6.5,train
train_002265,record_002265.npz,FKSH21,2004/10/23 18:44,2004/10/23 18:43,4.2,train
train_002266,record_002266.npz,FKSH21,2004/10/23 18:51,2004/10/23 18:50,4.2,train
train_002267,record_002267.npz,FKSH21,2004/10/23 18:54,2004/10/23 18:53,4.7,train
train_002268,record_002268.npz,FKSH21,2004/10/23 18:57,2004/10/23 18:57,5.3,train
train_002269,record_002269.npz,FKSH21,2004/10/23 19:36,2004/10/23 19:35,5.3,train
train_002270,record_002270.npz,FKSH21,2004/10/23 19:46,2004/10/23 19:46,5.7,train
train_002271,record_002271.npz,FKSH21,2004/10/23 19:52,2004/10/23 19:51,4.3,train
train_002272,record_002272.npz,FKSH21,2004/10/23 20:20,2004/10/23 20:20,4.1,train
train_002273,record_002273.npz,FKSH21,2004/10/23 21:44,2004/10/23 21:44,5,train
train_002274,record_002274.npz,FKSH21,2004/10/23 22:26,2004/10/23 22:25,4.3,train
train_002275,record_002275.npz,FKSH21,2004/10/23 22:28,2004/10/23 22:28,4.2,train
train_002276,record_002276.npz,FKSH21,2004/10/23 22:35,2004/10/23 22:35,4.4,train
train_002277,record_002277.npz,FKSH21,2004/10/23 23:34,2004/10/23 23:34,5.3,train
train_002278,record_002278.npz,FKSH21,2004/10/24 7:08,2004/10/24 7:08,4.3,train
train_002279,record_002279.npz,FKSH21,2004/10/24 7:16,2004/10/24 7:16,4.3,train
train_002280,record_002280.npz,FKSH21,2004/10/24 9:28,2004/10/24 9:28,4.8,train
train_002281,record_002281.npz,FKSH21,2004/10/24 10:06,2004/10/24 10:06,4.5,train
train_002282,record_002282.npz,FKSH21,2004/10/25 0:28,2004/10/25 0:28,5.3,train
train_002283,record_002283.npz,FKSH21,2004/10/25 6:05,2004/10/25 6:05,5.8,train
train_002284,record_002284.npz,FKSH21,2004/10/25 6:07,2004/10/25 6:07,4.8,train
train_002285,record_002285.npz,FKSH21,2004/10/27 0:56,2004/10/27 0:56,4.3,train
train_002286,record_002286.npz,FKSH21,2004/10/27 10:26,2004/10/27 10:26,4.3,train
train_002287,record_002287.npz,GIFH03,2000/6/5 9:54,2000/6/5 9:54,4.7,train
train_002288,record_002288.npz,GIFH03,2000/6/7 6:16,2000/6/7 6:17,6.1,train
train_002289,record_002289.npz,GIFH03,2000/10/31 1:43,2000/10/31 1:43,5.5,train
train_002290,record_002290.npz,GIFH03,2001/1/6 11:48,2001/1/6 11:48,4.6,train
train_002291,record_002291.npz,GIFH03,2001/1/12 8:00,2001/1/12 8:00,5.4,train
train_002292,record_002292.npz,GIFH03,2001/1/20 5:20,2001/1/20 5:20,4.7,train
train_002293,record_002293.npz,GIFH03,2001/1/20 7:24,2001/1/20 7:24,4.5,train
train_002294,record_002294.npz,GIFH03,2001/2/23 7:23,2001/2/23 7:24,4.9,train
train_002295,record_002295.npz,GIFH03,2001/4/3 23:57,2001/4/3 23:57,5.1,train
train_002296,record_002296.npz,GIFH03,2001/8/25 22:21,2001/8/25 22:21,5.1,train
train_002297,record_002297.npz,GIFH03,2001/12/28 3:28,2001/12/28 3:28,4.2,train
train_002298,record_002298.npz,GIFH03,2002/7/6 6:58,2002/7/6 6:58,4.1,train
train_002299,record_002299.npz,GIFH03,2002/7/16 20:09,2002/7/16 20:09,4.2,train
train_002300,record_002300.npz,GIFH03,2002/8/18 9:01,2002/8/18 9:01,4.5,train
train_002301,record_002301.npz,GIFH03,2002/9/4 18:06,2002/9/4 18:06,4.1,train
train_002302,record_002302.npz,GIFH03,2002/11/17 13:48,2002/11/17 13:48,4.5,train
train_002303,record_002303.npz,GIFH03,2002/11/19 18:36,2002/11/19 18:36,4.2,train
train_002304,record_002304.npz,GIFH03,2003/6/5 23:14,2003/6/5 23:14,4.2,train
train_002305,record_002305.npz,GIFH03,2003/10/5 0:29,2003/10/5 0:29,4.5,train
train_002306,record_002306.npz,GIFH03,2003/10/12 15:19,2003/10/12 15:19,4.7,train
train_002307,record_002307.npz,GIFH03,2007/3/25 9:42,2007/3/25 9:42,6.9,train
train_002308,record_002308.npz,GIFH03,2007/12/21 14:23,2007/12/21 14:23,4.5,train
train_002309,record_002309.npz,GIFH03,2007/12/21 16:01,2007/12/21 16:01,4.2,train
train_002310,record_002310.npz,GIFH03,2008/1/26 4:33,2008/1/26 4:34,4.8,train
train_002311,record_002311.npz,GIFH03,2008/1/27 10:53,2008/1/27 10:54,4.2,train
train_002312,record_002312.npz,GIFH03,2008/3/17 7:00,2008/3/17 7:01,4.5,train
train_002313,record_002313.npz,GIFH03,2008/4/20 1:00,2008/4/20 1:00,4.3,train
train_002314,record_002314.npz,GIFH03,2008/6/13 11:21,2008/6/13 11:21,4.7,train
train_002315,record_002315.npz,GIFH03,2008/8/8 4:35,2008/8/8 4:35,4.2,train
train_002316,record_002316.npz,GIFH03,2008/8/30 18:28,2008/8/30 18:28,4.2,train
train_002317,record_002317.npz,GIFH04,2003/10/5 0:29,2003/10/5 0:29,4.5,train
train_002318,record_002318.npz,GIFH04,2004/10/23 17:56,2004/10/23 17:56,6.8,train
train_002319,record_002319.npz,GIFH04,2004/10/25 6:05,2004/10/25 6:05,5.8,train
train_002320,record_002320.npz,GIFH04,2007/3/25 9:42,2007/3/25 9:42,6.9,train
train_002321,record_002321.npz,GIFH04,2007/7/16 10:13,2007/7/16 10:14,6.8,train
train_002322,record_002322.npz,GIFH04,2008/1/26 4:33,2008/1/26 4:34,4.8,train
train_002323,record_002323.npz,GIFH04,2008/6/13 11:21,2008/6/13 11:21,4.7,train
train_002324,record_002324.npz,GIFH04,2009/2/18 6:47,2009/2/18 6:47,5.2,train
train_002325,record_002325.npz,GIFH04,2011/3/12 3:59,2011/3/12 3:59,6.7,train
train_002326,record_002326.npz,GIFH04,1998/4/22 20:32,1998/4/22 20:33,5.4,train
train_002327,record_002327.npz,GIFH04,1998/8/12 9:40,1998/8/12 9:40,4.1,train
train_002328,record_002328.npz,GIFH04,1998/8/12 15:13,1998/8/12 15:13,4.7,train
train_002329,record_002329.npz,GIFH04,1998/8/14 19:36,1998/8/14 19:36,4.4,train
train_002330,record_002330.npz,GIFH04,1998/8/16 3:31,1998/8/16 3:31,5.4,train
train_002331,record_002331.npz,GIFH04,1998/8/17 10:15,1998/8/17 10:15,4.3,train
train_002332,record_002332.npz,GIFH04,1998/9/18 17:16,1998/9/18 17:16,4.4,train
train_002333,record_002333.npz,GIFH04,1999/3/16 16:43,1999/3/16 16:44,4.9,train
train_002334,record_002334.npz,GIFH04,1999/5/7 21:48,1999/5/7 21:48,4.7,train
train_002335,record_002335.npz,GIFH04,1999/11/7 3:34,1999/11/7 3:34,4.8,train
train_002336,record_002336.npz,GIFH04,1999/11/29 21:34,1999/11/29 21:34,4.7,train
train_002337,record_002337.npz,GIFH05,2001/1/6 11:48,2001/1/6 11:48,4.6,train
train_002338,record_002338.npz,GIFH05,2002/11/17 13:48,2002/11/17 13:48,4.5,train
train_002339,record_002339.npz,GIFH05,2004/7/27 0:55,2004/7/27 0:55,4.5,train
train_002340,record_002340.npz,GIFH05,2007/3/25 9:42,2007/3/25 9:42,6.9,train
train_002341,record_002341.npz,GIFH05,1997/10/21 19:55,1997/10/21 19:56,4.3,train
train_002342,record_002342.npz,GIFH05,1997/12/19 22:07,1997/12/19 22:08,4.4,train
train_002343,record_002343.npz,GIFH05,1998/2/10 1:20,1998/2/10 1:20,4.2,train
train_002344,record_002344.npz,GIFH05,1998/4/22 20:32,1998/4/22 20:33,5.4,train
train_002345,record_002345.npz,GIFH05,1998/8/14 19:36,1998/8/14 19:36,4.4,train
train_002346,record_002346.npz,GIFH05,1998/8/22 3:55,1998/8/22 3:55,4.3,train
train_002347,record_002347.npz,GIFH05,1998/9/5 10:08,1998/9/5 10:08,4.4,train
train_002348,record_002348.npz,GIFH05,1998/9/5 12:02,1998/9/5 12:02,4.3,train
train_002349,record_002349.npz,GIFH05,1998/9/18 17:16,1998/9/18 17:16,4.4,train
train_002350,record_002350.npz,GIFH05,1999/1/28 10:25,1999/1/28 10:26,4.7,train
train_002351,record_002351.npz,GIFH05,1999/3/16 16:43,1999/3/16 16:43,4.9,train
train_002352,record_002352.npz,GIFH05,1999/11/29 21:34,1999/11/29 21:34,4.7,train
train_002353,record_002353.npz,GIFH07,2001/1/6 11:48,2001/1/6 11:48,4.6,train
train_002354,record_002354.npz,GIFH07,2001/1/12 8:00,2001/1/12 8:00,5.4,train
train_002355,record_002355.npz,GIFH07,2001/2/23 7:23,2001/2/23 7:24,4.9,train
train_002356,record_002356.npz,GIFH07,2001/4/3 23:57,2001/4/3 23:57,5.1,train
train_002357,record_002357.npz,GIFH07,2002/7/6 6:58,2002/7/6 6:58,4.1,train
train_002358,record_002358.npz,GIFH07,2002/9/4 18:06,2002/9/4 18:06,4.1,train
train_002359,record_002359.npz,GIFH07,2007/1/22 2:16,2007/1/22 2:16,4.5,train
train_002360,record_002360.npz,GIFH07,2007/12/21 14:23,2007/12/21 14:23,4.5,train
train_002361,record_002361.npz,GIFH07,2007/12/21 16:01,2007/12/21 16:01,4.2,train
train_002362,record_002362.npz,GIFH07,2008/4/20 1:00,2008/4/20 1:00,4.3,train
train_002363,record_002363.npz,GIFH07,2008/6/13 11:21,2008/6/13 11:21,4.7,train
train_002364,record_002364.npz,GIFH07,2008/8/8 4:35,2008/8/8 4:35,4.2,train
train_002365,record_002365.npz,GIFH07,2008/8/30 18:28,2008/8/30 18:28,4.2,train
train_002366,record_002366.npz,GIFH07,2009/2/18 6:47,2009/2/18 6:47,5.2,train
train_002367,record_002367.npz,GIFH07,2010/7/21 6:19,2010/7/21 6:19,5.1,train
train_002368,record_002368.npz,GIFH07,2011/2/27 5:38,2011/2/27 5:38,5.5,train
train_002369,record_002369.npz,GIFH08,2001/1/6 11:48,2001/1/6 11:48,4.6,train
train_002370,record_002370.npz,GIFH08,2001/2/23 7:23,2001/2/23 7:24,4.9,train
train_002371,record_002371.npz,GIFH08,2001/4/3 23:57,2001/4/3 23:57,5.1,train
train_002372,record_002372.npz,GIFH08,2001/6/1 0:41,2001/6/1 0:42,4.8,train
train_002373,record_002373.npz,GIFH08,2003/10/5 0:29,2003/10/5 0:29,4.5,train
train_002374,record_002374.npz,GIFH08,2007/3/25 9:42,2007/3/25 9:42,6.9,train
train_002375,record_002375.npz,GIFH08,2007/4/28 9:27,2007/4/28 9:27,4.6,train
train_002376,record_002376.npz,GIFH08,2007/12/21 14:23,2007/12/21 14:23,4.5,train
train_002377,record_002377.npz,GIFH08,2007/12/21 16:01,2007/12/21 16:01,4.2,train
train_002378,record_002378.npz,GIFH08,2008/1/26 4:33,2008/1/26 4:34,4.8,train
train_002379,record_002379.npz,GIFH08,2008/1/27 10:53,2008/1/27 10:54,4.2,train
train_002380,record_002380.npz,GIFH08,2008/3/17 7:00,2008/3/17 7:01,4.5,train
train_002381,record_002381.npz,GIFH08,2008/4/20 1:00,2008/4/20 1:00,4.3,train
train_002382,record_002382.npz,GIFH08,2008/8/8 4:35,2008/8/8 4:35,4.2,train
train_002383,record_002383.npz,GIFH08,2008/8/30 18:28,2008/8/30 18:29,4.2,train
train_002384,record_002384.npz,GIFH08,2008/10/1 9:25,2008/10/1 9:25,4.4,train
train_002385,record_002385.npz,GIFH08,2009/2/18 6:47,2009/2/18 6:47,5.2,train
train_002386,record_002386.npz,GIFH08,2009/5/25 20:26,2009/5/25 20:27,4.7,train
train_002387,record_002387.npz,GIFH08,2009/8/11 5:07,2009/8/11 5:07,6.5,train
train_002388,record_002388.npz,GIFH08,2010/10/3 9:26,2010/10/3 9:27,4.7,train
train_002389,record_002389.npz,GIFH08,2011/2/27 2:19,2011/2/27 2:19,5,train
train_002390,record_002390.npz,GIFH08,2011/2/27 5:38,2011/2/27 5:38,5.5,train
train_002391,record_002391.npz,GIFH08,2011/3/12 3:59,2011/3/12 3:59,6.7,train
train_002392,record_002392.npz,GIFH08,2011/3/15 22:31,2011/3/15 22:32,6.4,train
train_002393,record_002393.npz,GIFH08,1999/1/11 9:10,1999/1/11 9:10,4.3,train
train_002394,record_002394.npz,GIFH09,2001/1/6 11:48,2001/1/6 11:48,4.6,train
train_002395,record_002395.npz,GIFH09,2002/7/6 6:58,2002/7/6 6:58,4.1,train
train_002396,record_002396.npz,GIFH09,2005/12/24 11:02,2005/12/24 11:02,4.8,train
train_002397,record_002397.npz,GIFH09,2008/4/20 1:00,2008/4/20 1:00,4.3,train
train_002398,record_002398.npz,GIFH09,2008/6/13 11:21,2008/6/13 11:21,4.7,train
train_002399,record_002399.npz,GIFH09,2008/8/8 4:35,2008/8/8 4:35,4.2,train
train_002400,record_002400.npz,GIFH09,2008/8/30 18:28,2008/8/30 18:28,4.2,train
train_002401,record_002401.npz,GIFH09,2011/2/27 5:38,2011/2/27 5:38,5.5,train
train_002402,record_002402.npz,GIFH09,2011/3/15 22:31,2011/3/15 22:32,6.4,train
train_002403,record_002403.npz,GIFH10,2007/3/25 9:42,2007/3/25 9:42,6.9,train
train_002404,record_002404.npz,GIFH10,2008/1/26 4:33,2008/1/26 4:33,4.8,train
train_002405,record_002405.npz,GIFH10,2008/6/13 11:21,2008/6/13 11:21,4.7,train
train_002406,record_002406.npz,GIFH10,2009/2/18 6:47,2009/2/18 6:47,5.2,train
train_002407,record_002407.npz,GIFH10,2010/10/3 9:26,2010/10/3 9:27,4.7,train
train_002408,record_002408.npz,GIFH10,2011/3/12 3:59,2011/3/12 3:59,6.7,train
train_002409,record_002409.npz,GIFH10,2011/3/15 22:31,2011/3/15 22:32,6.4,train
train_002410,record_002410.npz,GIFH11,2004/1/6 14:50,2004/1/6 14:51,5.4,train
train_002411,record_002411.npz,GIFH11,2004/7/27 0:55,2004/7/27 0:55,4.5,train
train_002412,record_002412.npz,GIFH11,2005/1/9 18:59,2005/1/9 18:59,4.7,train
train_002413,record_002413.npz,GIFH11,2007/12/21 14:23,2007/12/21 14:23,4.5,train
train_002414,record_002414.npz,GIFH11,2007/12/21 16:01,2007/12/21 16:01,4.2,train
train_002415,record_002415.npz,GIFH11,2008/1/27 10:33,2008/1/27 10:33,4.1,train
train_002416,record_002416.npz,GIFH11,2008/1/27 10:53,2008/1/27 10:54,4.2,train
train_002417,record_002417.npz,GIFH11,2008/4/20 1:00,2008/4/20 1:00,4.3,train
train_002418,record_002418.npz,GIFH11,2008/6/13 11:21,2008/6/13 11:21,4.7,train
train_002419,record_002419.npz,GIFH11,2008/8/30 18:28,2008/8/30 18:28,4.2,train
train_002420,record_002420.npz,GIFH11,2008/10/1 9:25,2008/10/1 9:25,4.4,train
train_002421,record_002421.npz,GIFH11,2009/2/18 6:47,2009/2/18 6:47,5.2,train
train_002422,record_002422.npz,GIFH11,2009/5/25 20:26,2009/5/25 20:26,4.7,train
train_002423,record_002423.npz,GIFH11,2009/8/11 5:07,2009/8/11 5:07,6.5,train
train_002424,record_002424.npz,GIFH11,2009/8/13 18:11,2009/8/13 18:11,4.5,train
train_002425,record_002425.npz,GIFH11,2010/1/10 1:44,2010/1/10 1:45,4.3,train
train_002426,record_002426.npz,GIFH11,2011/2/27 2:19,2011/2/27 2:19,5,train
train_002427,record_002427.npz,GIFH11,2011/2/27 5:38,2011/2/27 5:38,5.5,train
train_002428,record_002428.npz,GIFH11,2011/3/15 22:31,2011/3/15 22:32,6.4,train
train_002429,record_002429.npz,GIFH12,2002/5/12 18:52,2002/5/12 18:52,4.1,train
train_002430,record_002430.npz,GIFH12,2002/7/6 6:58,2002/7/6 6:58,4.1,train
train_002431,record_002431.npz,GIFH12,2002/7/16 20:09,2002/7/16 20:09,4.2,train
train_002432,record_002432.npz,GIFH12,2002/8/18 9:01,2002/8/18 9:01,4.5,train
train_002433,record_002433.npz,GIFH12,2002/9/4 18:06,2002/9/4 18:06,4.1,train
train_002434,record_002434.npz,GIFH12,2002/9/22 9:36,2002/9/22 9:36,4.2,train
train_002435,record_002435.npz,GIFH12,2002/11/17 13:48,2002/11/17 13:48,4.5,train
train_002436,record_002436.npz,GIFH12,2002/12/4 8:09,2002/12/4 8:10,4.2,train
train_002437,record_002437.npz,GIFH12,2003/2/6 2:37,2003/2/6 2:37,4.5,train
train_002438,record_002438.npz,GIFH12,2003/2/7 13:06,2003/2/7 13:07,4.2,train
train_002439,record_002439.npz,GIFH12,2004/10/5 8:33,2004/10/5 8:33,4.8,train
train_002440,record_002440.npz,GIFH12,2005/6/20 14:04,2005/6/20 14:04,4.6,train
train_002441,record_002441.npz,GIFH12,2005/6/20 21:38,2005/6/20 21:38,4.3,train
train_002442,record_002442.npz,GIFH12,2005/12/24 11:02,2005/12/24 11:02,4.8,train
train_002443,record_002443.npz,GIFH12,2007/4/15 12:19,2007/4/15 12:19,5.4,train
train_002444,record_002444.npz,GIFH12,2010/7/21 6:19,2010/7/21 6:19,5.1,train
train_002445,record_002445.npz,GIFH12,2011/2/27 2:19,2011/2/27 2:19,5,train
train_002446,record_002446.npz,GIFH12,2011/2/27 5:38,2011/2/27 5:38,5.5,train
train_002447,record_002447.npz,GIFH13,2007/3/25 9:42,2007/3/25 9:42,6.9,train
train_002448,record_002448.npz,GIFH13,2007/3/25 9:52,2007/3/25 9:53,4.5,train
train_002449,record_002449.npz,GIFH13,2007/3/25 9:56,2007/3/25 9:55,4.7,train
train_002450,record_002450.npz,GIFH13,2007/3/25 18:11,2007/3/25 18:12,5.3,train
train_002451,record_002451.npz,GIFH13,2007/3/25 18:23,2007/3/25 18:23,4.2,train
train_002452,record_002452.npz,GIFH13,2007/3/26 2:14,2007/3/26 2:15,4.2,train
train_002453,record_002453.npz,GIFH13,2007/3/26 7:16,2007/3/26 7:16,5.3,train
train_002454,record_002454.npz,GIFH13,2007/3/26 14:46,2007/3/26 14:47,4.8,train
train_002455,record_002455.npz,GIFH13,2007/3/28 8:08,2007/3/28 8:08,4.9,train
train_002456,record_002456.npz,GIFH13,2007/3/28 10:51,2007/3/28 10:51,4.6,train
train_002457,record_002457.npz,GIFH13,2007/3/28 13:05,2007/3/28 13:06,4.7,train
train_002458,record_002458.npz,GIFH13,2007/4/28 9:27,2007/4/28 9:27,4.6,train
train_002459,record_002459.npz,GIFH13,2007/5/11 2:12,2007/5/11 2:13,4.5,train
train_002460,record_002460.npz,GIFH13,2007/6/11 3:45,2007/6/11 3:45,5,train
train_002461,record_002461.npz,GIFH13,2007/7/9 16:00,2007/7/9 16:01,4.2,train
train_002462,record_002462.npz,GIFH13,2007/7/20 8:58,2007/7/20 8:59,4.1,train
train_002463,record_002463.npz,GIFH13,2007/8/31 23:36,2007/8/31 23:37,4.4,train
train_002464,record_002464.npz,GIFH13,2008/1/26 4:33,2008/1/26 4:33,4.8,train
train_002465,record_002465.npz,GIFH13,2008/3/17 7:00,2008/3/17 7:01,4.5,train
train_002466,record_002466.npz,GIFH13,2008/4/16 18:46,2008/4/16 18:47,4.1,train
train_002467,record_002467.npz,GIFH13,2008/6/13 11:21,2008/6/13 11:21,4.7,train
train_002468,record_002468.npz,GIFH13,2008/10/1 9:25,2008/10/1 9:25,4.4,train
train_002469,record_002469.npz,GIFH13,2009/2/18 6:47,2009/2/18 6:47,5.2,train
train_002470,record_002470.npz,GIFH13,2009/5/25 20:26,2009/5/25 20:27,4.7,train
train_002471,record_002471.npz,GIFH13,2010/10/3 6:52,2010/10/3 6:53,4.6,train
train_002472,record_002472.npz,GIFH13,2010/10/3 9:26,2010/10/3 9:27,4.7,train
train_002473,record_002473.npz,GIFH13,2011/2/27 2:19,2011/2/27 2:19,5,train
train_002474,record_002474.npz,GIFH13,2011/2/27 5:38,2011/2/27 5:38,5.5,train
train_002475,record_002475.npz,GIFH13,2011/3/12 3:59,2011/3/12 3:59,6.7,train
train_002476,record_002476.npz,GIFH14,2007/3/25 9:42,2007/3/25 9:42,6.9,train
train_002477,record_002477.npz,GIFH14,2007/3/26 7:16,2007/3/26 7:17,5.3,train
train_002478,record_002478.npz,GIFH14,2008/1/26 4:33,2008/1/26 4:33,4.8,train
train_002479,record_002479.npz,GIFH14,2008/6/13 11:21,2008/6/13 11:21,4.7,train
train_002480,record_002480.npz,GIFH14,2009/2/18 6:47,2009/2/18 6:47,5.2,train
train_002481,record_002481.npz,GIFH14,2009/8/11 5:07,2009/8/11 5:07,6.5,train
train_002482,record_002482.npz,GIFH14,2010/10/3 9:26,2010/10/3 9:27,4.7,train
train_002483,record_002483.npz,GIFH14,2011/3/12 3:59,2011/3/12 3:59,6.7,train
train_002484,record_002484.npz,GIFH14,2011/3/12 4:32,2011/3/12 4:32,5.9,train
train_002485,record_002485.npz,GIFH14,2011/3/15 22:31,2011/3/15 22:32,6.4,train
train_002486,record_002486.npz,GIFH15,2005/12/24 11:02,2005/12/24 11:02,4.8,train
train_002487,record_002487.npz,GIFH15,2007/3/25 9:42,2007/3/25 9:42,6.9,train
train_002488,record_002488.npz,GIFH15,2007/3/25 18:11,2007/3/25 18:12,5.3,train
train_002489,record_002489.npz,GIFH15,2009/2/18 6:47,2009/2/18 6:47,5.2,train
train_002490,record_002490.npz,GIFH15,2009/5/12 19:40,2009/5/12 19:41,4.8,train
train_002491,record_002491.npz,GIFH15,2009/5/25 20:26,2009/5/25 20:27,4.7,train
train_002492,record_002492.npz,GIFH15,2009/8/11 5:07,2009/8/11 5:07,6.5,train
train_002493,record_002493.npz,GIFH15,2009/8/13 18:11,2009/8/13 18:11,4.5,train
train_002494,record_002494.npz,GIFH15,2010/1/10 1:44,2010/1/10 1:45,4.3,train
train_002495,record_002495.npz,GIFH15,2010/10/3 9:26,2010/10/3 9:27,4.7,train
train_002496,record_002496.npz,GIFH15,2011/3/12 3:59,2011/3/12 3:59,6.7,train
train_002497,record_002497.npz,GIFH15,2011/3/12 4:32,2011/3/12 4:32,5.9,train
train_002498,record_002498.npz,GIFH15,2011/3/15 22:31,2011/3/15 22:32,6.4,train
train_002499,record_002499.npz,GIFH16,2007/3/25 9:42,2007/3/25 9:42,6.9,train
train_002500,record_002500.npz,GIFH16,2007/12/21 16:01,2007/12/21 16:01,4.2,train
train_002501,record_002501.npz,GIFH16,2008/1/26 4:33,2008/1/26 4:33,4.8,train
train_002502,record_002502.npz,GIFH16,2008/6/13 11:21,2008/6/13 11:21,4.7,train
train_002503,record_002503.npz,GIFH16,2008/10/1 9:25,2008/10/1 9:25,4.4,train
train_002504,record_002504.npz,GIFH16,2009/2/18 6:47,2009/2/18 6:47,5.2,train
train_002505,record_002505.npz,GIFH16,2009/5/12 19:40,2009/5/12 19:41,4.8,train
train_002506,record_002506.npz,GIFH16,2009/5/25 20:26,2009/5/25 20:27,4.7,train
train_002507,record_002507.npz,GIFH16,2009/8/11 5:07,2009/8/11 5:07,6.5,train
train_002508,record_002508.npz,GIFH16,2009/8/13 18:11,2009/8/13 18:11,4.5,train
train_002509,record_002509.npz,GIFH16,2010/10/3 9:26,2010/10/3 9:27,4.7,train
train_002510,record_002510.npz,GIFH16,2011/3/12 3:59,2011/3/12 3:59,6.7,train
train_002511,record_002511.npz,GIFH16,2011/3/12 4:32,2011/3/12 4:32,5.9,train
train_002512,record_002512.npz,GIFH16,2011/3/15 22:31,2011/3/15 22:32,6.4,train
train_002513,record_002513.npz,GIFH17,2003/10/5 0:29,2003/10/5 0:29,4.5,train
train_002514,record_002514.npz,GIFH17,2004/7/27 0:55,2004/7/27 0:55,4.5,train
train_002515,record_002515.npz,GIFH17,2004/10/5 8:33,2004/10/5 8:34,4.8,train
train_002516,record_002516.npz,GIFH17,2005/12/24 11:02,2005/12/24 11:02,4.8,train
train_002517,record_002517.npz,GIFH17,2007/3/25 9:42,2007/3/25 9:42,6.9,train
train_002518,record_002518.npz,GIFH17,2007/4/28 9:27,2007/4/28 9:27,4.6,train
train_002519,record_002519.npz,GIFH17,2007/12/21 14:23,2007/12/21 14:23,4.5,train
train_002520,record_002520.npz,GIFH17,2007/12/21 16:01,2007/12/21 16:01,4.2,train
train_002521,record_002521.npz,GIFH17,2008/1/26 4:33,2008/1/26 4:34,4.8,train
train_002522,record_002522.npz,GIFH17,2008/6/13 11:21,2008/6/13 11:21,4.7,train
train_002523,record_002523.npz,GIFH17,2008/8/8 4:35,2008/8/8 4:35,4.2,train
train_002524,record_002524.npz,GIFH17,2008/8/30 18:28,2008/8/30 18:29,4.2,train
train_002525,record_002525.npz,GIFH17,2008/10/1 9:25,2008/10/1 9:25,4.4,train
train_002526,record_002526.npz,GIFH17,2009/2/18 6:47,2009/2/18 6:47,5.2,train
train_002527,record_002527.npz,GIFH17,2009/5/25 20:26,2009/5/25 20:27,4.7,train
train_002528,record_002528.npz,GIFH17,2009/8/11 5:07,2009/8/11 5:07,6.5,train
train_002529,record_002529.npz,GIFH17,2010/10/3 9:26,2010/10/3 9:27,4.7,train
train_002530,record_002530.npz,GIFH17,2011/2/27 2:19,2011/2/27 2:19,5,train
train_002531,record_002531.npz,GIFH17,2011/2/27 5:38,2011/2/27 5:38,5.5,train
train_002532,record_002532.npz,GIFH17,2011/3/12 3:59,2011/3/12 3:59,6.7,train
train_002533,record_002533.npz,GIFH17,2011/3/12 4:32,2011/3/12 4:32,5.9,train
train_002534,record_002534.npz,GIFH17,2011/3/15 22:31,2011/3/15 22:32,6.4,train
train_002535,record_002535.npz,GIFH19,2005/1/9 18:59,2005/1/9 18:59,4.7,train
train_002536,record_002536.npz,GIFH19,2007/3/25 9:42,2007/3/25 9:42,6.9,train
train_002537,record_002537.npz,GIFH19,2007/12/21 16:01,2007/12/21 16:01,4.2,train
train_002538,record_002538.npz,GIFH19,2008/1/26 4:33,2008/1/26 4:33,4.8,train
train_002539,record_002539.npz,GIFH19,2008/4/20 1:00,2008/4/20 1:00,4.3,train
train_002540,record_002540.npz,GIFH19,2008/6/13 11:21,2008/6/13 11:21,4.7,train
train_002541,record_002541.npz,GIFH19,2008/8/8 4:35,2008/8/8 4:36,4.2,train
train_002542,record_002542.npz,GIFH19,2008/10/1 9:25,2008/10/1 9:25,4.4,train
train_002543,record_002543.npz,GIFH19,2009/2/18 6:47,2009/2/18 6:47,5.2,train
train_002544,record_002544.npz,GIFH19,2009/5/12 19:40,2009/5/12 19:41,4.8,train
train_002545,record_002545.npz,GIFH19,2009/5/25 20:26,2009/5/25 20:27,4.7,train
train_002546,record_002546.npz,GIFH19,2009/8/11 5:07,2009/8/11 5:07,6.5,train
train_002547,record_002547.npz,GIFH19,2009/8/13 18:11,2009/8/13 18:11,4.5,train
train_002548,record_002548.npz,GIFH19,2009/12/17 23:45,2009/12/17 23:46,5,train
train_002549,record_002549.npz,GIFH19,2010/1/10 1:44,2010/1/10 1:45,4.3,train
train_002550,record_002550.npz,GIFH19,2011/3/12 3:59,2011/3/12 3:59,6.7,train
train_002551,record_002551.npz,GIFH19,2011/3/12 4:32,2011/3/12 4:32,5.9,train
train_002552,record_002552.npz,GIFH19,2011/3/15 22:31,2011/3/15 22:32,6.4,train
train_002553,record_002553.npz,GIFH20,2003/5/18 3:23,2003/5/18 3:23,4.5,train
train_002554,record_002554.npz,GIFH20,2005/1/2 1:30,2005/1/2 1:30,4.2,train
train_002555,record_002555.npz,GIFH20,2005/1/9 18:59,2005/1/9 18:59,4.7,train
train_002556,record_002556.npz,GIFH20,2007/3/25 9:42,2007/3/25 9:42,6.9,train
train_002557,record_002557.npz,GIFH20,2007/12/21 14:23,2007/12/21 14:23,4.5,train
train_002558,record_002558.npz,GIFH20,2007/12/21 16:01,2007/12/21 16:01,4.2,train
train_002559,record_002559.npz,GIFH20,2008/1/26 4:33,2008/1/26 4:34,4.8,train
train_002560,record_002560.npz,GIFH20,2008/1/27 10:33,2008/1/27 10:34,4.1,train
train_002561,record_002561.npz,GIFH20,2008/1/27 10:53,2008/1/27 10:54,4.2,train
train_002562,record_002562.npz,GIFH20,2008/4/20 1:00,2008/4/20 1:00,4.3,train
train_002563,record_002563.npz,GIFH20,2008/6/13 11:21,2008/6/13 11:21,4.7,train
train_002564,record_002564.npz,GIFH20,2008/7/15 22:23,2008/7/15 22:23,4.3,train
train_002565,record_002565.npz,GIFH20,2008/8/8 4:35,2008/8/8 4:35,4.2,train
train_002566,record_002566.npz,GIFH20,2008/10/1 9:25,2008/10/1 9:25,4.4,train
train_002567,record_002567.npz,GIFH20,2009/2/18 6:47,2009/2/18 6:47,5.2,train
train_002568,record_002568.npz,GIFH20,2009/5/12 19:40,2009/5/12 19:41,4.8,train
train_002569,record_002569.npz,GIFH20,2009/5/25 20:26,2009/5/25 20:26,4.7,train
train_002570,record_002570.npz,GIFH20,2009/8/11 5:07,2009/8/11 5:07,6.5,train
train_002571,record_002571.npz,GIFH20,2009/8/11 18:09,2009/8/11 18:10,4.4,train
train_002572,record_002572.npz,GIFH20,2009/8/13 12:42,2009/8/13 12:43,4.3,train
train_002573,record_002573.npz,GIFH20,2009/8/13 18:11,2009/8/13 18:11,4.5,train
train_002574,record_002574.npz,GIFH20,2010/1/10 1:44,2010/1/10 1:45,4.3,train
train_002575,record_002575.npz,GIFH20,2011/2/27 2:19,2011/2/27 2:19,5,train
train_002576,record_002576.npz,GIFH20,2011/2/27 5:38,2011/2/27 5:38,5.5,train
train_002577,record_002577.npz,GIFH20,2011/3/12 3:59,2011/3/12 3:59,6.7,train
train_002578,record_002578.npz,GIFH21,2005/12/24 11:02,2005/12/24 11:02,4.8,train
train_002579,record_002579.npz,GIFH21,2006/12/19 18:33,2006/12/19 18:33,4.4,train
train_002580,record_002580.npz,GIFH21,2007/1/22 2:16,2007/1/22 2:16,4.5,train
train_002581,record_002581.npz,GIFH21,2007/3/25 9:42,2007/3/25 9:42,6.9,train
train_002582,record_002582.npz,GIFH21,2007/4/15 12:19,2007/4/15 12:19,5.4,train
train_002583,record_002583.npz,GIFH21,2007/4/28 9:27,2007/4/28 9:27,4.6,train
train_002584,record_002584.npz,GIFH21,2007/12/21 14:23,2007/12/21 14:23,4.5,train
train_002585,record_002585.npz,GIFH21,2007/12/21 16:01,2007/12/21 16:01,4.2,train
train_002586,record_002586.npz,GIFH21,2008/1/27 10:53,2008/1/27 10:54,4.2,train
train_002587,record_002587.npz,GIFH21,2008/4/20 1:00,2008/4/20 1:00,4.3,train
train_002588,record_002588.npz,GIFH21,2008/6/13 11:21,2008/6/13 11:21,4.7,train
train_002589,record_002589.npz,GIFH21,2008/8/8 4:35,2008/8/8 4:35,4.2,train
train_002590,record_002590.npz,GIFH21,2008/8/30 18:28,2008/8/30 18:28,4.2,train
train_002591,record_002591.npz,GIFH21,2008/10/1 9:25,2008/10/1 9:25,4.4,train
train_002592,record_002592.npz,GIFH21,2009/2/18 6:47,2009/2/18 6:47,5.2,train
train_002593,record_002593.npz,GIFH21,2009/5/25 20:26,2009/5/25 20:26,4.7,train
train_002594,record_002594.npz,GIFH21,2009/8/11 5:07,2009/8/11 5:07,6.5,train
train_002595,record_002595.npz,GIFH21,2011/2/27 2:19,2011/2/27 2:19,5,train
train_002596,record_002596.npz,GIFH21,2011/2/27 5:38,2011/2/27 5:38,5.5,train
train_002597,record_002597.npz,GIFH21,2011/3/15 22:31,2011/3/15 22:32,6.4,train
train_002598,record_002598.npz,GIFH22,2004/10/5 8:33,2004/10/5 8:34,4.8,train
train_002599,record_002599.npz,GIFH22,2005/1/9 18:59,2005/1/9 18:59,4.7,train
train_002600,record_002600.npz,GIFH22,2005/7/31 14:53,2005/7/31 14:54,4.4,train
train_002601,record_002601.npz,GIFH22,2006/2/16 23:10,2006/2/16 23:10,4.4,train
train_002602,record_002602.npz,GIFH22,2006/2/18 16:21,2006/2/18 16:21,4.1,train
train_002603,record_002603.npz,GIFH22,2006/12/19 18:33,2006/12/19 18:33,4.4,train
train_002604,record_002604.npz,GIFH22,2007/1/22 2:16,2007/1/22 2:16,4.5,train
train_002605,record_002605.npz,GIFH22,2007/3/25 9:42,2007/3/25 9:42,6.9,train
train_002606,record_002606.npz,GIFH22,2007/3/25 18:11,2007/3/25 18:12,5.3,train
train_002607,record_002607.npz,GIFH22,2007/4/15 12:19,2007/4/15 12:19,5.4,train
train_002608,record_002608.npz,GIFH22,2007/4/28 9:27,2007/4/28 9:27,4.6,train
train_002609,record_002609.npz,GIFH22,2007/12/21 14:23,2007/12/21 14:23,4.5,train
train_002610,record_002610.npz,GIFH22,2007/12/21 16:01,2007/12/21 16:01,4.2,train
train_002611,record_002611.npz,GIFH22,2008/1/26 4:33,2008/1/26 4:34,4.8,train
train_002612,record_002612.npz,GIFH22,2008/1/27 10:53,2008/1/27 10:54,4.2,train
train_002613,record_002613.npz,GIFH22,2008/4/20 1:00,2008/4/20 1:00,4.3,train
train_002614,record_002614.npz,GIFH22,2008/6/13 11:21,2008/6/13 11:21,4.7,train
train_002615,record_002615.npz,GIFH22,2008/8/8 4:35,2008/8/8 4:35,4.2,train
train_002616,record_002616.npz,GIFH22,2008/8/30 18:28,2008/8/30 18:28,4.2,train
train_002617,record_002617.npz,GIFH22,2008/10/1 9:25,2008/10/1 9:25,4.4,train
train_002618,record_002618.npz,GIFH22,2009/2/18 6:47,2009/2/18 6:47,5.2,train
train_002619,record_002619.npz,GIFH22,2009/5/25 20:26,2009/5/25 20:26,4.7,train
train_002620,record_002620.npz,GIFH22,2009/8/11 5:07,2009/8/11 5:07,6.5,train
train_002621,record_002621.npz,GIFH22,2009/8/13 18:11,2009/8/13 18:11,4.5,train
train_002622,record_002622.npz,GIFH22,2011/2/27 2:19,2011/2/27 2:19,5,train
train_002623,record_002623.npz,GIFH22,2011/2/27 5:38,2011/2/27 5:38,5.5,train
train_002624,record_002624.npz,GIFH22,2011/3/11 15:08,2011/3/11 15:09,4.6,train
train_002625,record_002625.npz,GIFH22,2011/3/12 3:59,2011/3/12 3:59,6.7,train
train_002626,record_002626.npz,GIFH22,2011/3/15 22:31,2011/3/15 22:32,6.4,train
train_002627,record_002627.npz,GIFH23,2003/3/13 21:04,2003/3/13 21:05,4.1,train
train_002628,record_002628.npz,GIFH23,2004/7/27 0:55,2004/7/27 0:55,4.5,train
train_002629,record_002629.npz,GIFH23,2004/10/5 8:33,2004/10/5 8:34,4.8,train
train_002630,record_002630.npz,GIFH23,2006/2/16 23:10,2006/2/16 23:10,4.4,train
train_002631,record_002631.npz,GIFH23,2006/2/18 16:21,2006/2/18 16:21,4.1,train
train_002632,record_002632.npz,GIFH23,2007/3/25 9:42,2007/3/25 9:42,6.9,train
train_002633,record_002633.npz,GIFH23,2007/12/21 14:23,2007/12/21 14:23,4.5,train
train_002634,record_002634.npz,GIFH23,2007/12/21 16:01,2007/12/21 16:01,4.2,train
train_002635,record_002635.npz,GIFH23,2008/1/26 4:33,2008/1/26 4:34,4.8,train
train_002636,record_002636.npz,GIFH23,2008/1/27 10:53,2008/1/27 10:54,4.2,train
train_002637,record_002637.npz,GIFH23,2008/4/20 1:00,2008/4/20 1:00,4.3,train
train_002638,record_002638.npz,GIFH23,2008/6/13 11:21,2008/6/13 11:21,4.7,train
train_002639,record_002639.npz,GIFH23,2008/8/8 4:35,2008/8/8 4:35,4.2,train
train_002640,record_002640.npz,GIFH23,2008/8/30 18:28,2008/8/30 18:28,4.2,train
train_002641,record_002641.npz,GIFH23,2008/10/1 9:25,2008/10/1 9:25,4.4,train
train_002642,record_002642.npz,GIFH23,2009/2/18 6:47,2009/2/18 6:47,5.2,train
train_002643,record_002643.npz,GIFH23,2009/8/11 5:07,2009/8/11 5:07,6.5,train
train_002644,record_002644.npz,GIFH23,2009/8/13 18:11,2009/8/13 18:11,4.5,train
train_002645,record_002645.npz,GIFH23,2011/2/27 2:19,2011/2/27 2:19,5,train
train_002646,record_002646.npz,GIFH23,2011/2/27 5:38,2011/2/27 5:38,5.5,train
train_002647,record_002647.npz,GIFH23,2011/3/15 22:31,2011/3/15 22:32,6.4,train
train_002648,record_002648.npz,GIFH24,2003/5/18 3:23,2003/5/18 3:23,4.5,train
train_002649,record_002649.npz,GIFH24,2005/1/9 18:59,2005/1/9 18:59,4.7,train
train_002650,record_002650.npz,GIFH24,2005/12/24 11:02,2005/12/24 11:02,4.8,train
train_002651,record_002651.npz,GIFH24,2007/3/25 9:42,2007/3/25 9:42,6.9,train
train_002652,record_002652.npz,GIFH24,2007/12/21 16:01,2007/12/21 16:01,4.2,train
train_002653,record_002653.npz,GIFH24,2008/1/26 4:33,2008/1/26 4:34,4.8,train
train_002654,record_002654.npz,GIFH24,2008/1/27 10:33,2008/1/27 10:33,4.1,train
train_002655,record_002655.npz,GIFH24,2008/1/27 10:53,2008/1/27 10:54,4.2,train
train_002656,record_002656.npz,GIFH24,2008/4/20 1:00,2008/4/20 1:00,4.3,train
train_002657,record_002657.npz,GIFH24,2008/6/13 11:21,2008/6/13 11:21,4.7,train
train_002658,record_002658.npz,GIFH24,2008/8/30 18:28,2008/8/30 18:28,4.2,train
train_002659,record_002659.npz,GIFH24,2008/10/1 9:25,2008/10/1 9:25,4.4,train
train_002660,record_002660.npz,GIFH24,2009/2/18 6:47,2009/2/18 6:47,5.2,train
train_002661,record_002661.npz,GIFH24,2009/5/25 20:26,2009/5/25 20:26,4.7,train
train_002662,record_002662.npz,GIFH24,2009/8/11 5:07,2009/8/11 5:07,6.5,train
train_002663,record_002663.npz,GIFH24,2009/8/11 18:09,2009/8/11 18:10,4.4,train
train_002664,record_002664.npz,GIFH24,2009/8/13 12:42,2009/8/13 12:43,4.3,train
train_002665,record_002665.npz,GIFH24,2009/8/13 18:11,2009/8/13 18:11,4.5,train
train_002666,record_002666.npz,GIFH24,2010/1/10 1:44,2010/1/10 1:45,4.3,train
train_002667,record_002667.npz,GIFH24,2011/2/27 2:19,2011/2/27 2:19,5,train
train_002668,record_002668.npz,GIFH24,2011/2/27 5:38,2011/2/27 5:38,5.5,train
train_002669,record_002669.npz,GIFH24,2011/3/11 15:08,2011/3/11 15:08,4.6,train
train_002670,record_002670.npz,GIFH24,2011/3/12 3:59,2011/3/12 3:59,6.7,train
train_002671,record_002671.npz,GIFH24,2011/3/12 4:32,2011/3/12 4:32,5.9,train
train_002672,record_002672.npz,GIFH24,2011/3/15 22:31,2011/3/15 22:32,6.4,train
train_002673,record_002673.npz,GIFH25,2004/7/27 0:55,2004/7/27 0:55,4.5,train
train_002674,record_002674.npz,GIFH25,2004/10/5 8:33,2004/10/5 8:34,4.8,train
train_002675,record_002675.npz,GIFH25,2005/1/9 18:59,2005/1/9 18:59,4.7,train
train_002676,record_002676.npz,GIFH25,2005/6/20 14:04,2005/6/20 14:04,4.6,train
train_002677,record_002677.npz,GIFH25,2005/6/20 21:38,2005/6/20 21:38,4.3,train
train_002678,record_002678.npz,GIFH25,2005/12/24 11:02,2005/12/24 11:02,4.8,train
train_002679,record_002679.npz,GIFH25,2006/12/19 18:33,2006/12/19 18:33,4.4,train
train_002680,record_002680.npz,GIFH25,2007/1/22 2:16,2007/1/22 2:16,4.5,train
train_002681,record_002681.npz,GIFH25,2007/3/25 9:42,2007/3/25 9:42,6.9,train
train_002682,record_002682.npz,GIFH25,2007/4/15 12:19,2007/4/15 12:19,5.4,train
train_002683,record_002683.npz,GIFH25,2007/7/16 17:24,2007/7/16 17:24,4.7,train
train_002684,record_002684.npz,GIFH25,2008/4/20 1:00,2008/4/20 1:00,4.3,train
train_002685,record_002685.npz,GIFH25,2008/6/13 11:21,2008/6/13 11:21,4.7,train
train_002686,record_002686.npz,GIFH25,2008/8/8 4:35,2008/8/8 4:35,4.2,train
train_002687,record_002687.npz,GIFH25,2008/8/30 18:28,2008/8/30 18:28,4.2,train
train_002688,record_002688.npz,GIFH25,2009/2/18 6:47,2009/2/18 6:47,5.2,train
train_002689,record_002689.npz,GIFH25,2009/8/11 5:07,2009/8/11 5:07,6.5,train
train_002690,record_002690.npz,GIFH25,2010/7/21 6:19,2010/7/21 6:19,5.1,train
train_002691,record_002691.npz,GIFH25,2011/2/27 2:19,2011/2/27 2:19,5,train
train_002692,record_002692.npz,GIFH25,2011/2/27 5:38,2011/2/27 5:38,5.5,train
train_002693,record_002693.npz,GIFH25,2011/3/15 22:31,2011/3/15 22:32,6.4,train
train_002694,record_002694.npz,GIFH26,2003/10/5 0:29,2003/10/5 0:29,4.5,train
train_002695,record_002695.npz,GIFH26,2003/10/28 13:31,2003/10/28 13:32,4.1,train
train_002696,record_002696.npz,GIFH26,2003/12/23 14:34,2003/12/23 14:34,4.4,train
train_002697,record_002697.npz,GIFH26,2004/1/6 14:50,2004/1/6 14:51,5.4,train
train_002698,record_002698.npz,GIFH26,2004/10/5 8:33,2004/10/5 8:34,4.8,train
train_002699,record_002699.npz,GIFH26,2006/12/19 18:33,2006/12/19 18:33,4.4,train
train_002700,record_002700.npz,GIFH26,2007/4/15 12:19,2007/4/15 12:19,5.4,train
train_002701,record_002701.npz,GIFH26,2007/12/21 14:23,2007/12/21 14:23,4.5,train
train_002702,record_002702.npz,GIFH26,2007/12/21 16:01,2007/12/21 16:01,4.2,train
train_002703,record_002703.npz,GIFH26,2008/1/27 10:53,2008/1/27 10:54,4.2,train
train_002704,record_002704.npz,GIFH26,2008/4/20 1:00,2008/4/20 1:00,4.3,train
train_002705,record_002705.npz,GIFH26,2008/6/13 11:21,2008/6/13 11:21,4.7,train
train_002706,record_002706.npz,GIFH26,2008/8/30 18:28,2008/8/30 18:28,4.2,train
train_002707,record_002707.npz,GIFH26,2008/10/1 9:25,2008/10/1 9:25,4.4,train
train_002708,record_002708.npz,GIFH26,2009/2/18 6:47,2009/2/18 6:47,5.2,train
train_002709,record_002709.npz,GIFH26,2009/5/25 20:26,2009/5/25 20:26,4.7,train
train_002710,record_002710.npz,GIFH26,2009/8/11 5:07,2009/8/11 5:07,6.5,train
train_002711,record_002711.npz,GIFH26,2009/8/13 18:11,2009/8/13 18:11,4.5,train
train_002712,record_002712.npz,GIFH26,2010/1/10 1:44,2010/1/10 1:45,4.3,train
train_002713,record_002713.npz,GIFH26,2010/7/21 6:19,2010/7/21 6:19,5.1,train
train_002714,record_002714.npz,GIFH26,2011/2/27 2:19,2011/2/27 2:19,5,train
train_002715,record_002715.npz,GIFH26,2011/2/27 5:38,2011/2/27 5:38,5.5,train
train_002716,record_002716.npz,GIFH26,2011/3/15 22:31,2011/3/15 22:32,6.4,train
train_002717,record_002717.npz,GIFH27,2003/12/23 14:34,2003/12/23 14:35,4.4,train
train_002718,record_002718.npz,GIFH27,2004/1/6 14:50,2004/1/6 14:51,5.4,train
train_002719,record_002719.npz,GIFH27,2004/7/27 0:55,2004/7/27 0:55,4.5,train
train_002720,record_002720.npz,GIFH27,2004/10/5 8:33,2004/10/5 8:34,4.8,train
train_002721,record_002721.npz,GIFH27,2005/1/2 1:30,2005/1/2 1:30,4.2,train
train_002722,record_002722.npz,GIFH27,2005/6/20 14:04,2005/6/20 14:04,4.6,train
train_002723,record_002723.npz,GIFH27,2005/12/24 11:02,2005/12/24 11:02,4.8,train
train_002724,record_002724.npz,GIFH27,2006/12/19 18:33,2006/12/19 18:33,4.4,train
train_002725,record_002725.npz,GIFH27,2007/3/25 9:42,2007/3/25 9:42,6.9,train
train_002726,record_002726.npz,GIFH27,2007/4/28 9:27,2007/4/28 9:27,4.6,train
train_002727,record_002727.npz,GIFH27,2008/1/27 10:33,2008/1/27 10:33,4.1,train
train_002728,record_002728.npz,GIFH27,2008/1/27 10:53,2008/1/27 10:54,4.2,train
train_002729,record_002729.npz,GIFH27,2008/4/20 1:00,2008/4/20 1:00,4.3,train
train_002730,record_002730.npz,GIFH27,2008/6/13 11:21,2008/6/13 11:21,4.7,train
train_002731,record_002731.npz,GIFH27,2008/8/8 4:35,2008/8/8 4:35,4.2,train
train_002732,record_002732.npz,GIFH27,2008/8/30 18:28,2008/8/30 18:28,4.2,train
train_002733,record_002733.npz,GIFH27,2008/10/1 9:25,2008/10/1 9:25,4.4,train
train_002734,record_002734.npz,GIFH27,2009/2/18 6:47,2009/2/18 6:47,5.2,train
train_002735,record_002735.npz,GIFH27,2009/5/25 20:26,2009/5/25 20:26,4.7,train
train_002736,record_002736.npz,GIFH27,2009/8/11 5:07,2009/8/11 5:07,6.5,train
train_002737,record_002737.npz,GIFH27,2009/8/13 12:42,2009/8/13 12:43,4.3,train
train_002738,record_002738.npz,GIFH27,2009/8/13 18:11,2009/8/13 18:11,4.5,train
train_002739,record_002739.npz,GIFH27,2010/1/10 1:44,2010/1/10 1:45,4.3,train
train_002740,record_002740.npz,GIFH27,2010/7/21 6:19,2010/7/21 6:19,5.1,train
train_002741,record_002741.npz,GIFH27,2011/2/27 2:19,2011/2/27 2:19,5,train
train_002742,record_002742.npz,GIFH27,2011/2/27 5:38,2011/2/27 5:38,5.5,train
train_002743,record_002743.npz,GIFH27,2011/3/15 22:31,2011/3/15 22:32,6.4,train
train_002744,record_002744.npz,GIFH28,2004/7/27 0:55,2004/7/27 0:55,4.5,train
train_002745,record_002745.npz,GIFH28,2005/12/24 11:02,2005/12/24 11:02,4.8,train
train_002746,record_002746.npz,GIFH28,2006/12/19 18:33,2006/12/19 18:33,4.4,train
train_002747,record_002747.npz,GIFH28,2008/6/13 11:21,2008/6/13 11:21,4.7,train
train_002748,record_002748.npz,GIFH28,2009/2/18 6:47,2009/2/18 6:47,5.2,train
train_002749,record_002749.npz,GIFH28,2009/5/25 20:26,2009/5/25 20:26,4.7,train
train_002750,record_002750.npz,GIFH28,2009/8/11 5:07,2009/8/11 5:07,6.5,train
train_002751,record_002751.npz,GIFH29,2003/2/6 2:37,2003/2/6 2:37,4.5,train
train_002752,record_002752.npz,GIFH29,2003/2/7 13:06,2003/2/7 13:07,4.2,train
train_002753,record_002753.npz,GIFH29,2003/3/13 21:04,2003/3/13 21:05,4.1,train
train_002754,record_002754.npz,GIFH29,2003/12/23 14:34,2003/12/23 14:34,4.4,train
train_002755,record_002755.npz,GIFH29,2004/7/27 0:55,2004/7/27 0:55,4.5,train
train_002756,record_002756.npz,GIFH29,2004/10/5 8:33,2004/10/5 8:34,4.8,train
train_002757,record_002757.npz,GIFH29,2005/1/9 18:59,2005/1/9 18:59,4.7,train
train_002758,record_002758.npz,GIFH29,2005/2/14 0:22,2005/2/14 0:22,4.1,train
train_002759,record_002759.npz,GIFH29,2005/6/20 14:04,2005/6/20 14:04,4.6,train
train_002760,record_002760.npz,GIFH29,2005/12/24 11:02,2005/12/24 11:02,4.8,train
train_002761,record_002761.npz,GIFH29,2006/1/1 22:56,2006/1/1 22:57,4.1,train
train_002762,record_002762.npz,GIFH29,2006/2/16 23:10,2006/2/16 23:10,4.4,train
train_002763,record_002763.npz,GIFH29,2006/2/18 16:21,2006/2/18 16:21,4.1,train
train_002764,record_002764.npz,GIFH29,2007/12/21 14:23,2007/12/21 14:23,4.5,train
train_002765,record_002765.npz,GIFH29,2007/12/21 16:01,2007/12/21 16:01,4.2,train
train_002766,record_002766.npz,GIFH29,2008/4/17 0:58,2008/4/17 0:58,4.1,train
train_002767,record_002767.npz,GIFH29,2008/4/20 1:00,2008/4/20 1:00,4.3,train
train_002768,record_002768.npz,GIFH29,2008/8/8 4:35,2008/8/8 4:35,4.2,train
train_002769,record_002769.npz,GIFH29,2008/8/30 18:28,2008/8/30 18:28,4.2,train
train_002770,record_002770.npz,GIFH29,2009/2/18 6:47,2009/2/18 6:47,5.2,train
train_002771,record_002771.npz,GIFH29,2009/8/11 5:07,2009/8/11 5:07,6.5,train
train_002772,record_002772.npz,GNMH07,2001/1/4 13:18,2001/1/4 13:18,5.1,train
train_002773,record_002773.npz,GNMH07,2001/7/20 6:02,2001/7/20 6:02,4.8,train
train_002774,record_002774.npz,GNMH07,2002/1/29 18:50,2002/1/29 18:51,4.2,train
train_002775,record_002775.npz,GNMH07,2002/2/2 5:09,2002/2/2 5:09,4.3,train
train_002776,record_002776.npz,GNMH07,2002/2/5 19:57,2002/2/5 19:57,4.4,train
train_002777,record_002777.npz,GNMH07,2002/2/11 10:10,2002/2/11 10:10,5,train
train_002778,record_002778.npz,GNMH07,2002/2/12 22:44,2002/2/12 22:45,5.5,train
train_002779,record_002779.npz,GNMH07,2002/2/25 22:14,2002/2/25 22:14,4.7,train
train_002780,record_002780.npz,GNMH07,2002/3/17 3:01,2002/3/17 3:02,4.1,train
train_002781,record_002781.npz,GNMH07,2002/3/28 7:50,2002/3/28 7:50,4.1,train
train_002782,record_002782.npz,GNMH07,2002/6/14 11:42,2002/6/14 11:43,4.9,train
train_002783,record_002783.npz,GNMH07,2002/6/16 4:39,2002/6/16 4:40,4.6,train
train_002784,record_002784.npz,GNMH07,2002/7/13 21:45,2002/7/13 21:46,4.8,train
train_002785,record_002785.npz,GNMH07,2003/3/13 12:13,2003/3/13 12:13,4.8,train
train_002786,record_002786.npz,GNMH07,2004/3/11 11:35,2004/3/11 11:35,5.3,train
train_002787,record_002787.npz,GNMH07,2004/3/15 7:38,2004/3/15 7:38,4.7,train
train_002788,record_002788.npz,GNMH07,2004/4/4 8:02,2004/4/4 8:02,5.8,train
train_002789,record_002789.npz,GNMH07,2004/7/10 20:07,2004/7/10 20:07,4.7,train
train_002790,record_002790.npz,GNMH07,2004/10/6 23:40,2004/10/6 23:41,5.7,train
train_002791,record_002791.npz,GNMH07,2004/10/7 22:01,2004/10/7 22:02,4.4,train
train_002792,record_002792.npz,GNMH07,2004/10/11 5:27,2004/10/11 5:27,4.4,train
train_002793,record_002793.npz,GNMH07,2004/10/23 17:56,2004/10/23 17:56,6.8,train
train_002794,record_002794.npz,GNMH07,2004/10/23 18:07,2004/10/23 18:07,5.7,train
train_002795,record_002795.npz,GNMH07,2004/10/23 18:12,2004/10/23 18:10,6,train
train_002796,record_002796.npz,GNMH08,2002/6/14 11:42,2002/6/14 11:43,4.9,train
train_002797,record_002797.npz,GNMH08,2004/10/23 17:56,2004/10/23 17:56,6.8,train
train_002798,record_002798.npz,GNMH08,2004/10/23 18:34,2004/10/23 18:34,6.5,train
train_002799,record_002799.npz,GNMH08,2007/3/25 9:42,2007/3/25 9:42,6.9,train
train_002800,record_002800.npz,GNMH08,2007/7/16 10:13,2007/7/16 10:13,6.8,train
train_002801,record_002801.npz,GNMH08,2008/1/26 4:33,2008/1/26 4:34,4.8,train
train_002802,record_002802.npz,GNMH08,2008/3/8 1:55,2008/3/8 1:55,5.2,train
train_002803,record_002803.npz,GNMH08,2008/4/4 19:02,2008/4/4 19:02,5,train
train_002804,record_002804.npz,GNMH08,2008/6/13 11:21,2008/6/13 11:21,4.7,train
train_002805,record_002805.npz,GNMH08,2008/8/22 19:59,2008/8/22 20:00,5.2,train
train_002806,record_002806.npz,GNMH08,2009/5/12 19:40,2009/5/12 19:40,4.8,train
train_002807,record_002807.npz,GNMH08,2009/8/11 5:07,2009/8/11 5:07,6.5,train
train_002808,record_002808.npz,GNMH08,2009/8/11 18:09,2009/8/11 18:10,4.4,train
train_002809,record_002809.npz,GNMH08,2009/8/13 18:11,2009/8/13 18:11,4.5,train
train_002810,record_002810.npz,GNMH08,2009/10/12 18:42,2009/10/12 18:42,4.9,train
train_002811,record_002811.npz,GNMH08,2009/12/18 5:41,2009/12/18 5:41,5.1,train
train_002812,record_002812.npz,GNMH08,2010/4/30 19:33,2010/4/30 19:33,4.1,train
train_002813,record_002813.npz,GNMH08,2010/5/1 18:20,2010/5/1 18:21,4.9,train
train_002814,record_002814.npz,GNMH08,2010/9/29 17:00,2010/9/29 17:00,5.7,train
train_002815,record_002815.npz,GNMH08,2010/10/3 6:37,2010/10/3 6:38,4.5,train
train_002816,record_002816.npz,GNMH08,2010/10/3 6:52,2010/10/3 6:52,4.6,train
train_002817,record_002817.npz,GNMH08,2010/10/3 9:26,2010/10/3 9:27,4.7,train
train_002818,record_002818.npz,GNMH08,2010/11/5 19:14,2010/11/5 19:14,4.6,train
train_002819,record_002819.npz,GNMH08,2011/2/27 2:19,2011/2/27 2:19,5,train
train_002820,record_002820.npz,GNMH09,2001/1/4 13:18,2001/1/4 13:18,5.1,train
train_002821,record_002821.npz,GNMH09,2001/7/20 6:02,2001/7/20 6:02,4.8,train
train_002822,record_002822.npz,GNMH09,2004/10/23 17:56,2004/10/23 17:56,6.8,train
train_002823,record_002823.npz,GNMH09,2004/10/23 18:34,2004/10/23 18:34,6.5,train
train_002824,record_002824.npz,GNMH09,2004/10/27 10:40,2004/10/27 10:41,6.1,train
train_002825,record_002825.npz,GNMH09,2007/7/16 10:13,2007/7/16 10:13,6.8,train
train_002826,record_002826.npz,GNMH09,2007/11/11 19:49,2007/11/11 19:49,4.3,train
train_002827,record_002827.npz,GNMH09,2007/11/30 18:37,2007/11/30 18:37,4.7,train
train_002828,record_002828.npz,GNMH09,2008/3/8 1:55,2008/3/8 1:55,5.2,train
train_002829,record_002829.npz,GNMH09,2008/4/4 19:02,2008/4/4 19:02,5,train
train_002830,record_002830.npz,GNMH09,2008/7/5 16:49,2008/7/5 16:49,5.2,train
train_002831,record_002831.npz,GNMH09,2008/8/22 19:59,2008/8/22 20:00,5.2,train
train_002832,record_002832.npz,GNMH09,2008/9/21 7:17,2008/9/21 7:17,4.8,train
train_002833,record_002833.npz,GNMH09,2008/11/22 21:13,2008/11/22 21:14,4.4,train
train_002834,record_002834.npz,GNMH09,2009/5/12 19:40,2009/5/12 19:40,4.8,train
train_002835,record_002835.npz,GNMH09,2009/8/2 0:57,2009/8/2 0:57,4.9,train
train_002836,record_002836.npz,GNMH09,2009/8/5 9:18,2009/8/5 9:18,4.1,train
train_002837,record_002837.npz,GNMH09,2009/8/18 6:59,2009/8/18 6:59,4.4,train
train_002838,record_002838.npz,GNMH09,2009/9/5 10:59,2009/9/5 10:59,4.2,train
train_002839,record_002839.npz,GNMH09,2009/10/12 18:42,2009/10/12 18:42,4.9,train
train_002840,record_002840.npz,GNMH09,2009/12/18 5:41,2009/12/18 5:41,5.1,train
train_002841,record_002841.npz,GNMH09,2010/2/22 18:53,2010/2/22 18:53,4.4,train
train_002842,record_002842.npz,GNMH09,2010/4/16 16:38,2010/4/16 16:39,4.6,train
train_002843,record_002843.npz,GNMH10,2002/9/7 6:57,2002/9/7 6:57,4.1,train
train_002844,record_002844.npz,GNMH10,2003/1/31 17:53,2003/1/31 17:54,4.4,train
train_002845,record_002845.npz,GNMH10,2004/10/6 23:40,2004/10/6 23:41,5.7,train
train_002846,record_002846.npz,GNMH10,2004/10/23 17:56,2004/10/23 17:56,6.8,train
train_002847,record_002847.npz,GNMH10,2004/10/23 18:03,2004/10/23 18:03,6.3,train
train_002848,record_002848.npz,GNMH10,2004/10/23 18:34,2004/10/23 18:34,6.5,train
train_002849,record_002849.npz,GNMH10,2004/10/27 10:40,2004/10/27 10:41,6.1,train
train_002850,record_002850.npz,GNMH10,2005/7/28 19:15,2005/7/28 19:15,5,train
train_002851,record_002851.npz,GNMH10,2005/7/31 14:53,2005/7/31 14:53,4.4,train
train_002852,record_002852.npz,GNMH10,2005/8/7 1:05,2005/8/7 1:05,4.7,train
train_002853,record_002853.npz,GNMH10,2005/8/17 9:30,2005/8/17 9:31,4.1,train
train_002854,record_002854.npz,GNMH10,2005/8/21 11:29,2005/8/21 11:30,5,train
train_002855,record_002855.npz,GNMH10,2005/10/16 16:05,2005/10/16 16:06,5.1,train
train_002856,record_002856.npz,GNMH10,2007/7/16 10:13,2007/7/16 10:13,6.8,train
train_002857,record_002857.npz,GNMH10,2007/11/11 19:49,2007/11/11 19:49,4.3,train
train_002858,record_002858.npz,GNMH10,2007/12/22 19:39,2007/12/22 19:39,4.4,train
train_002859,record_002859.npz,GNMH10,2008/3/8 1:55,2008/3/8 1:55,5.2,train
train_002860,record_002860.npz,GNMH10,2008/3/9 6:13,2008/3/9 6:14,4.4,train
train_002861,record_002861.npz,GNMH10,2008/4/4 19:02,2008/4/4 19:02,5,train
train_002862,record_002862.npz,GNMH10,2008/4/10 9:54,2008/4/10 9:54,4.1,train
train_002863,record_002863.npz,GNMH10,2008/6/13 11:21,2008/6/13 11:22,4.7,train
train_002864,record_002864.npz,GNMH10,2008/7/15 21:37,2008/7/15 21:37,4.1,train
train_002865,record_002865.npz,GNMH10,2008/7/15 22:23,2008/7/15 22:23,4.3,train
train_002866,record_002866.npz,GNMH10,2008/8/22 19:59,2008/8/22 20:00,5.2,train
train_002867,record_002867.npz,GNMH10,2008/9/21 7:17,2008/9/21 7:17,4.8,train
train_002868,record_002868.npz,GNMH10,2008/11/22 21:13,2008/11/22 21:14,4.4,train
train_002869,record_002869.npz,GNMH10,2009/5/12 19:40,2009/5/12 19:40,4.8,train
train_002870,record_002870.npz,GNMH11,2001/7/20 6:02,2001/7/20 6:02,4.8,train
train_002871,record_002871.npz,GNMH11,2002/9/7 6:57,2002/9/7 6:57,4.1,train
train_002872,record_002872.npz,GNMH11,2004/10/23 17:56,2004/10/23 17:56,6.8,train
train_002873,record_002873.npz,GNMH11,2004/10/23 18:34,2004/10/23 18:34,6.5,train
train_002874,record_002874.npz,GNMH11,2004/10/27 10:40,2004/10/27 10:41,6.1,train
train_002875,record_002875.npz,GNMH11,2007/7/16 10:13,2007/7/16 10:13,6.8,train
train_002876,record_002876.npz,GNMH11,2007/12/22 19:39,2007/12/22 19:39,4.4,train
train_002877,record_002877.npz,GNMH11,2008/3/8 1:55,2008/3/8 1:55,5.2,train
train_002878,record_002878.npz,GNMH11,2008/3/9 6:13,2008/3/9 6:14,4.4,train
train_002879,record_002879.npz,GNMH11,2008/4/4 19:02,2008/4/4 19:02,5,train
train_002880,record_002880.npz,GNMH11,2008/6/13 11:21,2008/6/13 11:22,4.7,train
train_002881,record_002881.npz,GNMH11,2008/7/5 16:49,2008/7/5 16:49,5.2,train
train_002882,record_002882.npz,GNMH11,2008/7/15 21:37,2008/7/15 21:37,4.1,train
train_002883,record_002883.npz,GNMH11,2008/7/15 22:23,2008/7/15 22:23,4.3,train
train_002884,record_002884.npz,GNMH11,2008/8/8 12:57,2008/8/8 12:57,4.6,train
train_002885,record_002885.npz,GNMH11,2008/8/20 15:13,2008/8/20 15:13,4.6,train
train_002886,record_002886.npz,GNMH11,2008/8/22 19:59,2008/8/22 20:00,5.2,train
train_002887,record_002887.npz,GNMH11,2008/9/21 7:17,2008/9/21 7:17,4.8,train
train_002888,record_002888.npz,GNMH11,2008/11/22 21:13,2008/11/22 21:14,4.4,train
train_002889,record_002889.npz,GNMH11,2009/5/12 19:40,2009/5/12 19:40,4.8,train
train_002890,record_002890.npz,GNMH11,2009/7/16 5:19,2009/7/16 5:19,4.2,train
train_002891,record_002891.npz,GNMH12,2004/10/6 23:40,2004/10/6 23:41,5.7,train
train_002892,record_002892.npz,GNMH12,2004/10/23 17:56,2004/10/23 17:56,6.8,train
train_002893,record_002893.npz,GNMH12,2004/10/23 18:34,2004/10/23 18:34,6.5,train
train_002894,record_002894.npz,GNMH12,2004/10/27 10:40,2004/10/27 10:41,6.1,train
train_002895,record_002895.npz,GNMH12,2005/5/14 0:14,2005/5/14 0:15,4.4,train
train_002896,record_002896.npz,GNMH12,2005/6/20 1:15,2005/6/20 1:15,5.6,train
train_002897,record_002897.npz,GNMH12,2007/12/22 19:39,2007/12/22 19:39,4.4,train
train_002898,record_002898.npz,GNMH12,2008/3/2 18:33,2008/3/2 18:34,4.3,train
train_002899,record_002899.npz,GNMH12,2008/3/8 1:55,2008/3/8 1:55,5.2,train
train_002900,record_002900.npz,GNMH12,2008/3/9 6:13,2008/3/9 6:14,4.4,train
train_002901,record_002901.npz,GNMH12,2008/4/4 19:02,2008/4/4 19:02,5,train
train_002902,record_002902.npz,GNMH12,2008/4/6 21:55,2008/4/6 21:56,4.3,train
train_002903,record_002903.npz,GNMH12,2008/5/9 7:43,2008/5/9 7:43,4.6,train
train_002904,record_002904.npz,GNMH12,2008/6/13 11:21,2008/6/13 11:22,4.7,train
train_002905,record_002905.npz,GNMH12,2008/7/5 16:49,2008/7/5 16:49,5.2,train
train_002906,record_002906.npz,GNMH12,2008/7/15 21:37,2008/7/15 21:37,4.1,train
train_002907,record_002907.npz,GNMH12,2008/7/15 22:23,2008/7/15 22:23,4.3,train
train_002908,record_002908.npz,GNMH12,2008/8/8 12:57,2008/8/8 12:57,4.6,train
train_002909,record_002909.npz,GNMH12,2008/8/20 15:13,2008/8/20 15:13,4.6,train
train_002910,record_002910.npz,GNMH12,2008/8/22 19:59,2008/8/22 20:00,5.2,train
train_002911,record_002911.npz,GNMH12,2008/9/21 7:17,2008/9/21 7:17,4.8,train
train_002912,record_002912.npz,GNMH12,2008/11/22 21:13,2008/11/22 21:14,4.4,train
train_002913,record_002913.npz,GNMH12,2008/12/14 19:25,2008/12/14 19:26,4.4,train
train_002914,record_002914.npz,GNMH12,2009/2/20 18:17,2009/2/20 18:17,4.4,train
train_002915,record_002915.npz,GNMH12,2009/5/25 20:26,2009/5/25 20:27,4.7,train
train_002916,record_002916.npz,GNMH12,2009/7/16 5:19,2009/7/16 5:19,4.2,train
train_002917,record_002917.npz,GNMH12,2009/7/22 3:56,2009/7/22 3:57,4.2,train
train_002918,record_002918.npz,GNMH12,2009/8/11 5:07,2009/8/11 5:07,6.5,train
train_002919,record_002919.npz,GNMH13,2007/1/8 18:59,2007/1/8 18:59,4.8,train
train_002920,record_002920.npz,GNMH13,2007/7/16 10:13,2007/7/16 10:13,6.8,train
train_002921,record_002921.npz,GNMH13,2007/7/16 15:37,2007/7/16 15:37,5.8,train
train_002922,record_002922.npz,GNMH13,2007/11/11 19:49,2007/11/11 19:49,4.3,train
train_002923,record_002923.npz,GNMH13,2007/12/22 19:39,2007/12/22 19:39,4.4,train
train_002924,record_002924.npz,GNMH13,2008/3/8 1:55,2008/3/8 1:55,5.2,train
train_002925,record_002925.npz,GNMH13,2008/4/4 19:02,2008/4/4 19:02,5,train
train_002926,record_002926.npz,GNMH13,2008/5/9 7:43,2008/5/9 7:43,4.6,train
train_002927,record_002927.npz,GNMH13,2008/7/5 16:49,2008/7/5 16:49,5.2,train
train_002928,record_002928.npz,GNMH13,2008/8/20 15:13,2008/8/20 15:13,4.6,train
train_002929,record_002929.npz,GNMH13,2008/8/22 19:59,2008/8/22 20:00,5.2,train
train_002930,record_002930.npz,GNMH13,2008/9/21 7:17,2008/9/21 7:17,4.8,train
train_002931,record_002931.npz,GNMH13,2008/11/22 21:13,2008/11/22 21:14,4.4,train
train_002932,record_002932.npz,GNMH13,2009/2/20 18:17,2009/2/20 18:17,4.4,train
train_002933,record_002933.npz,GNMH13,2009/5/12 19:40,2009/5/12 19:40,4.8,train
train_002934,record_002934.npz,GNMH13,2009/8/2 0:57,2009/8/2 0:57,4.9,train
train_002935,record_002935.npz,GNMH13,2009/8/2 2:54,2009/8/2 2:55,4.8,train
train_002936,record_002936.npz,GNMH13,2009/8/3 14:13,2009/8/3 14:14,4.7,train
train_002937,record_002937.npz,GNMH13,2009/8/5 9:18,2009/8/5 9:18,4.1,train
train_002938,record_002938.npz,GNMH13,2009/8/18 6:59,2009/8/18 6:59,4.4,train
train_002939,record_002939.npz,GNMH13,2009/9/4 11:30,2009/9/4 11:30,4.5,train
train_002940,record_002940.npz,GNMH13,2009/9/5 10:59,2009/9/5 10:59,4.2,train
train_002941,record_002941.npz,GNMH13,2009/10/12 18:42,2009/10/12 18:42,4.9,train
train_002942,record_002942.npz,GNMH13,2009/11/21 15:39,2009/11/21 15:39,4.5,train
train_002943,record_002943.npz,GNMH13,2009/12/18 5:41,2009/12/18 5:41,5.1,train
train_002944,record_002944.npz,GNMH13,2010/2/22 18:53,2010/2/22 18:53,4.4,train
train_002945,record_002945.npz,GNMH13,2010/3/16 7:30,2010/3/16 7:31,4.5,train
train_002946,record_002946.npz,GNMH13,2010/4/16 16:38,2010/4/16 16:38,4.6,train
train_002947,record_002947.npz,GNMH14,2006/12/26 5:17,2006/12/26 5:18,4.9,train
train_002948,record_002948.npz,GNMH14,2007/1/8 18:59,2007/1/8 18:59,4.8,train
train_002949,record_002949.npz,GNMH14,2007/1/9 13:18,2007/1/9 13:18,4.3,train
train_002950,record_002950.npz,GNMH14,2007/1/27 16:11,2007/1/27 16:12,4.2,train
train_002951,record_002951.npz,GNMH14,2007/3/22 10:29,2007/3/22 10:29,4.2,train
train_002952,record_002952.npz,GNMH14,2007/5/8 21:01,2007/5/8 21:01,4.5,train
train_002953,record_002953.npz,GNMH14,2007/6/1 7:29,2007/6/1 7:29,4.5,train
train_002954,record_002954.npz,GNMH14,2007/6/2 14:43,2007/6/2 14:43,4.6,train
train_002955,record_002955.npz,GNMH14,2007/6/4 13:34,2007/6/4 13:34,4.4,train
train_002956,record_002956.npz,GNMH14,2007/6/9 20:28,2007/6/9 20:28,4.1,train
train_002957,record_002957.npz,GNMH14,2007/6/23 23:53,2007/6/23 23:53,4.2,train
train_002958,record_002958.npz,GNMH14,2007/6/28 18:26,2007/6/28 18:26,4.1,train
train_002959,record_002959.npz,GNMH14,2007/7/16 10:13,2007/7/16 10:13,6.8,train
train_002960,record_002960.npz,GNMH14,2007/7/16 10:18,2007/7/16 10:18,4.9,train
train_002961,record_002961.npz,GNMH14,2007/7/16 15:37,2007/7/16 15:38,5.8,train
train_002962,record_002962.npz,GNMH14,2007/7/16 21:08,2007/7/16 21:08,4.4,train
train_002963,record_002963.npz,GNMH14,2007/7/25 6:52,2007/7/25 6:52,4.8,train
train_002964,record_002964.npz,GNMH14,2007/8/16 4:15,2007/8/16 4:15,5.3,train
train_002965,record_002965.npz,GNMH14,2008/3/8 1:55,2008/3/8 1:55,5.2,train
train_002966,record_002966.npz,GNMH14,2008/3/9 6:13,2008/3/9 6:13,4.4,train
train_002967,record_002967.npz,GNMH14,2008/4/4 19:02,2008/4/4 19:02,5,train
train_002968,record_002968.npz,GNMH14,2008/4/6 21:55,2008/4/6 21:56,4.3,train
train_002969,record_002969.npz,GNMH14,2008/4/10 9:54,2008/4/10 9:54,4.1,train
train_002970,record_002970.npz,GNMH14,2008/5/9 7:43,2008/5/9 7:43,4.6,train
train_002971,record_002971.npz,HDKH01,2002/7/28 20:31,2002/7/28 20:31,4.8,train
train_002972,record_002972.npz,HDKH01,2002/10/14 23:13,2002/10/14 23:13,5.9,train
train_002973,record_002973.npz,HDKH01,2003/3/16 14:35,2003/3/16 14:35,4.6,train
train_002974,record_002974.npz,HDKH01,2003/9/26 4:50,2003/9/26 4:50,8,train
train_002975,record_002975.npz,HDKH01,2003/9/26 6:08,2003/9/26 6:08,7.1,train
train_002976,record_002976.npz,HDKH01,2003/11/24 21:18,2003/11/24 21:18,5.3,train
train_002977,record_002977.npz,HDKH01,2007/11/27 19:22,2007/11/27 19:22,4.3,train
train_002978,record_002978.npz,HDKH01,2007/12/28 10:51,2007/12/28 10:52,4.3,train
train_002979,record_002979.npz,HDKH01,2008/1/2 1:20,2008/1/2 1:20,4.2,train
train_002980,record_002980.npz,HDKH01,2008/1/23 4:34,2008/1/23 4:35,4.9,train
train_002981,record_002981.npz,HDKH01,2008/4/29 14:26,2008/4/29 14:26,5.7,train
train_002982,record_002982.npz,HDKH01,2008/6/26 8:37,2008/6/26 8:37,5.4,train
train_002983,record_002983.npz,HDKH01,2008/7/13 3:17,2008/7/13 3:17,4.1,train
train_002984,record_002984.npz,HDKH01,2008/8/9 9:54,2008/8/9 9:54,4.5,train
train_002985,record_002985.npz,HDKH01,2008/9/1 14:41,2008/9/1 14:41,4.5,train
train_002986,record_002986.npz,HDKH01,2008/9/2 17:17,2008/9/2 17:17,4.2,train
train_002987,record_002987.npz,HDKH01,2008/9/11 9:21,2008/9/11 9:21,7.1,train
train_002988,record_002988.npz,HDKH01,2008/9/11 9:32,2008/9/11 9:33,5.7,train
train_002989,record_002989.npz,HDKH01,2008/10/11 4:27,2008/10/11 4:28,4.4,train
train_002990,record_002990.npz,HDKH01,2008/10/16 20:49,2008/10/16 20:49,4.2,train
train_002991,record_002991.npz,HDKH01,2008/11/15 4:14,2008/11/15 4:15,4.1,train
train_002992,record_002992.npz,HDKH01,2009/1/11 14:57,2009/1/11 14:57,4.7,train
train_002993,record_002993.npz,HDKH01,2009/1/11 21:53,2009/1/11 21:53,4.5,train
train_002994,record_002994.npz,HDKH01,2009/1/31 4:07,2009/1/31 4:07,4.2,train
train_002995,record_002995.npz,HDKH01,2009/2/28 9:36,2009/2/28 9:36,5.3,train
train_002996,record_002996.npz,HDKH01,2009/3/7 23:33,2009/3/7 23:33,5.4,train
train_002997,record_002997.npz,HDKH02,2001/8/14 5:11,2001/8/14 5:12,6.2,train
train_002998,record_002998.npz,HDKH02,2002/6/17 15:31,2002/6/17 15:32,4.3,train
train_002999,record_002999.npz,HDKH02,2002/7/10 23:48,2002/7/10 23:49,4.8,train
train_003000,record_003000.npz,HDKH02,2002/7/28 20:31,2002/7/28 20:31,4.8,train
train_003001,record_003001.npz,HDKH02,2002/8/29 18:04,2002/8/29 18:04,4.6,train
train_003002,record_003002.npz,HDKH02,2002/9/26 19:12,2002/9/26 19:13,4.2,train
train_003003,record_003003.npz,HDKH02,2003/9/26 4:50,2003/9/26 4:50,8,train
train_003004,record_003004.npz,HDKH02,2003/9/26 6:08,2003/9/26 6:08,7.1,train
train_003005,record_003005.npz,HDKH02,2003/11/24 21:18,2003/11/24 21:18,5.3,train
train_003006,record_003006.npz,HDKH02,2003/12/12 10:46,2003/12/12 10:46,5,train
train_003007,record_003007.npz,HDKH02,2004/7/4 21:31,2004/7/4 21:31,4.9,train
train_003008,record_003008.npz,HDKH02,2004/9/10 13:22,2004/9/10 13:22,5.1,train
train_003009,record_003009.npz,HDKH02,2004/11/27 7:42,2004/11/27 7:42,5.6,train
train_003010,record_003010.npz,HDKH02,2006/6/12 8:04,2006/6/12 8:04,4.4,train
train_003011,record_003011.npz,HDKH02,2007/4/19 0:07,2007/4/19 0:07,5.6,train
train_003012,record_003012.npz,HDKH02,2007/11/27 19:22,2007/11/27 19:22,4.3,train
train_003013,record_003013.npz,HDKH02,2007/12/28 10:51,2007/12/28 10:52,4.3,train
train_003014,record_003014.npz,HDKH02,2008/1/2 1:20,2008/1/2 1:20,4.2,train
train_003015,record_003015.npz,HDKH02,2008/1/23 4:34,2008/1/23 4:34,4.9,train
train_003016,record_003016.npz,HDKH02,2008/3/3 17:06,2008/3/3 17:06,4.3,train
train_003017,record_003017.npz,HDKH02,2008/4/29 14:26,2008/4/29 14:26,5.7,train
train_003018,record_003018.npz,HDKH02,2008/5/10 9:01,2008/5/10 9:01,4.8,train
train_003019,record_003019.npz,HDKH02,2008/6/26 8:37,2008/6/26 8:37,5.4,train
train_003020,record_003020.npz,HDKH02,2008/7/13 3:17,2008/7/13 3:17,4.1,train
train_003021,record_003021.npz,HDKH03,2003/9/26 6:08,2003/9/26 6:08,7.1,train
train_003022,record_003022.npz,HDKH03,2003/11/24 21:18,2003/11/24 21:18,5.3,train
train_003023,record_003023.npz,HDKH03,2007/4/19 0:07,2007/4/19 0:07,5.6,train
train_003024,record_003024.npz,HDKH03,2007/11/27 19:22,2007/11/27 19:22,4.3,train
train_003025,record_003025.npz,HDKH03,2007/12/28 10:51,2007/12/28 10:52,4.3,train
train_003026,record_003026.npz,HDKH03,2008/1/2 1:20,2008/1/2 1:20,4.2,train
train_003027,record_003027.npz,HDKH03,2008/1/23 4:34,2008/1/23 4:34,4.9,train
train_003028,record_003028.npz,HDKH03,2008/3/3 17:06,2008/3/3 17:06,4.3,train
train_003029,record_003029.npz,HDKH03,2008/3/21 18:16,2008/3/21 18:16,4.7,train
train_003030,record_003030.npz,HDKH03,2008/4/29 14:26,2008/4/29 14:26,5.7,train
train_003031,record_003031.npz,HDKH03,2008/5/10 9:01,2008/5/10 9:01,4.8,train
train_003032,record_003032.npz,HDKH03,2008/6/26 8:37,2008/6/26 8:37,5.4,train
train_003033,record_003033.npz,HDKH03,2008/8/9 0:53,2008/8/9 0:53,5.4,train
train_003034,record_003034.npz,HDKH03,2008/8/9 9:54,2008/8/9 9:54,4.5,train
train_003035,record_003035.npz,HDKH03,2008/9/1 14:41,2008/9/1 14:41,4.5,train
train_003036,record_003036.npz,HDKH03,2008/9/2 17:17,2008/9/2 17:17,4.2,train
train_003037,record_003037.npz,HDKH03,2008/9/11 9:21,2008/9/11 9:21,7.1,train
train_003038,record_003038.npz,HDKH03,2008/9/11 9:32,2008/9/11 9:33,5.7,train
train_003039,record_003039.npz,HDKH03,2008/9/11 10:08,2008/9/11 10:09,5,train
train_003040,record_003040.npz,HDKH03,2009/1/11 14:57,2009/1/11 14:57,4.7,train
train_003041,record_003041.npz,HDKH03,2009/1/11 21:53,2009/1/11 21:53,4.5,train
train_003042,record_003042.npz,HDKH03,2009/2/22 23:24,2009/2/22 23:25,5.4,train
train_003043,record_003043.npz,HDKH03,2009/2/28 9:36,2009/2/28 9:36,5.3,train
train_003044,record_003044.npz,HDKH03,2009/3/7 23:33,2009/3/7 23:33,5.4,train
train_003045,record_003045.npz,HDKH03,2009/4/5 17:00,2009/4/5 17:00,4.8,train
train_003046,record_003046.npz,HDKH03,2009/5/10 11:30,2009/5/10 11:30,4.2,train
train_003047,record_003047.npz,HDKH03,2009/5/26 19:31,2009/5/26 19:31,4.7,train
train_003048,record_003048.npz,HDKH04,2001/4/29 10:40,2001/4/29 10:40,4.3,train
train_003049,record_003049.npz,HDKH04,2001/5/8 6:27,2001/5/8 6:27,4.6,train
train_003050,record_003050.npz,HDKH04,2001/6/21 13:24,2001/6/21 13:24,4.1,train
train_003051,record_003051.npz,HDKH04,2001/6/21 21:54,2001/6/21 21:54,4.4,train
train_003052,record_003052.npz,HDKH04,2001/8/14 5:11,2001/8/14 5:11,6.2,train
train_003053,record_003053.npz,HDKH04,2001/8/16 5:32,2001/8/16 5:33,4.5,train
train_003054,record_003054.npz,HDKH04,2001/8/24 18:48,2001/8/24 18:48,5.2,train
train_003055,record_003055.npz,HDKH04,2001/9/29 2:07,2001/9/29 2:07,4.2,train
train_003056,record_003056.npz,HDKH04,2001/10/12 0:09,2001/10/12 0:09,4.4,train
train_003057,record_003057.npz,HDKH04,2001/11/21 19:25,2001/11/21 19:25,4.5,train
train_003058,record_003058.npz,HDKH04,2002/2/14 10:12,2002/2/14 10:12,5,train
train_003059,record_003059.npz,HDKH04,2002/3/17 1:22,2002/3/17 1:23,4.6,train
train_003060,record_003060.npz,HDKH04,2002/4/4 8:42,2002/4/4 8:42,5.3,train
train_003061,record_003061.npz,HDKH04,2002/4/21 6:30,2002/4/21 6:30,4.7,train
train_003062,record_003062.npz,HDKH04,2002/6/17 15:31,2002/6/17 15:32,4.3,train
train_003063,record_003063.npz,HDKH04,2002/7/10 23:48,2002/7/10 23:49,4.8,train
train_003064,record_003064.npz,HDKH04,2002/7/28 20:31,2002/7/28 20:31,4.8,train
train_003065,record_003065.npz,HDKH04,2002/8/29 18:04,2002/8/29 18:04,4.6,train
train_003066,record_003066.npz,HDKH04,2002/9/1 2:50,2002/9/1 2:50,4.2,train
train_003067,record_003067.npz,HDKH04,2002/9/26 19:12,2002/9/26 19:13,4.2,train
train_003068,record_003068.npz,HDKH04,2002/10/14 23:13,2002/10/14 23:13,5.9,train
train_003069,record_003069.npz,HDKH04,2002/10/19 5:26,2002/10/19 5:27,4.3,train
train_003070,record_003070.npz,HDKH04,2002/10/31 12:15,2002/10/31 12:16,4.1,train
train_003071,record_003071.npz,HDKH04,2002/12/1 18:57,2002/12/1 18:57,5.4,train
train_003072,record_003072.npz,HDKH04,2003/1/6 13:43,2003/1/6 13:43,4.9,train
train_003073,record_003073.npz,HDKH04,2003/1/7 3:27,2003/1/7 3:27,4.6,train
train_003074,record_003074.npz,HDKH05,2001/8/14 5:11,2001/8/14 5:11,6.2,train
train_003075,record_003075.npz,HDKH05,2002/3/17 1:22,2002/3/17 1:23,4.6,train
train_003076,record_003076.npz,HDKH05,2002/7/28 20:31,2002/7/28 20:31,4.8,train
train_003077,record_003077.npz,HDKH05,2002/10/14 23:13,2002/10/14 23:13,5.9,train
train_003078,record_003078.npz,HDKH05,2002/10/29 8:26,2002/10/29 8:26,4.2,train
train_003079,record_003079.npz,HDKH05,2002/12/1 18:57,2002/12/1 18:57,5.4,train
train_003080,record_003080.npz,HDKH05,2003/1/7 3:27,2003/1/7 3:27,4.6,train
train_003081,record_003081.npz,HDKH05,2003/9/26 4:50,2003/9/26 4:50,8,train
train_003082,record_003082.npz,HDKH05,2003/9/26 6:08,2003/9/26 6:07,7.1,train
train_003083,record_003083.npz,HDKH05,2003/9/28 7:23,2003/9/28 7:23,5.2,train
train_003084,record_003084.npz,HDKH05,2003/11/24 21:18,2003/11/24 21:18,5.3,train
train_003085,record_003085.npz,HDKH05,2004/2/15 21:53,2004/2/15 21:53,4.8,train
train_003086,record_003086.npz,HDKH05,2004/6/11 3:12,2004/6/11 3:12,5.2,train
train_003087,record_003087.npz,HDKH05,2004/7/4 21:31,2004/7/4 21:31,4.9,train
train_003088,record_003088.npz,HDKH05,2004/7/20 5:58,2004/7/20 5:58,5,train
train_003089,record_003089.npz,HDKH05,2004/7/29 13:08,2004/7/29 13:08,4.7,train
train_003090,record_003090.npz,HDKH05,2004/9/3 7:01,2004/9/3 7:01,4.1,train
train_003091,record_003091.npz,HDKH05,2004/9/10 13:22,2004/9/10 13:22,5.1,train
train_003092,record_003092.npz,HDKH05,2004/10/8 4:26,2004/10/8 4:26,5.1,train
train_003093,record_003093.npz,HDKH05,2005/2/12 11:30,2005/2/12 11:30,4.4,train
train_003094,record_003094.npz,HDKH05,2005/8/16 8:29,2005/8/16 8:29,4.6,train
train_003095,record_003095.npz,HDKH05,2007/4/19 0:07,2007/4/19 0:07,5.6,train
train_003096,record_003096.npz,HDKH05,2008/1/2 1:20,2008/1/2 1:20,4.2,train
train_003097,record_003097.npz,HDKH05,2008/1/23 4:34,2008/1/23 4:34,4.9,train
train_003098,record_003098.npz,HDKH05,2008/3/3 17:06,2008/3/3 17:06,4.3,train
train_003099,record_003099.npz,HDKH05,2008/4/29 14:26,2008/4/29 14:26,5.7,train
train_003100,record_003100.npz,HDKH06,2001/8/14 5:11,2001/8/14 5:11,6.2,train
train_003101,record_003101.npz,HDKH06,2003/9/26 4:50,2003/9/26 4:50,8,train
train_003102,record_003102.npz,HDKH06,2003/9/26 6:08,2003/9/26 6:08,7.1,train
train_003103,record_003103.npz,HDKH06,2004/7/4 21:31,2004/7/4 21:31,4.9,train
train_003104,record_003104.npz,HDKH06,2004/11/27 7:42,2004/11/27 7:42,5.6,train
train_003105,record_003105.npz,HDKH06,2007/2/17 9:03,2007/2/17 9:03,6.2,train
train_003106,record_003106.npz,HDKH06,2007/4/19 0:07,2007/4/19 0:07,5.6,train
train_003107,record_003107.npz,HDKH06,2007/11/27 19:22,2007/11/27 19:22,4.3,train
train_003108,record_003108.npz,HDKH06,2007/12/28 10:51,2007/12/28 10:51,4.3,train
train_003109,record_003109.npz,HDKH06,2008/1/2 1:20,2008/1/2 1:20,4.2,train
train_003110,record_003110.npz,HDKH06,2008/1/23 4:34,2008/1/23 4:34,4.9,train
train_003111,record_003111.npz,HDKH06,2008/4/29 14:26,2008/4/29 14:26,5.7,train
train_003112,record_003112.npz,HDKH06,2008/5/10 9:01,2008/5/10 9:01,4.8,train
train_003113,record_003113.npz,HDKH06,2008/5/14 3:00,2008/5/14 3:00,4.2,train
train_003114,record_003114.npz,HDKH06,2008/6/26 8:37,2008/6/26 8:37,5.4,train
train_003115,record_003115.npz,HDKH06,2008/7/13 3:17,2008/7/13 3:17,4.1,train
train_003116,record_003116.npz,HDKH06,2008/8/9 0:53,2008/8/9 0:53,5.4,train
train_003117,record_003117.npz,HDKH06,2008/8/9 9:54,2008/8/9 9:54,4.5,train
train_003118,record_003118.npz,HDKH06,2008/9/1 14:41,2008/9/1 14:41,4.5,train
train_003119,record_003119.npz,HDKH06,2008/9/2 17:17,2008/9/2 17:17,4.2,train
train_003120,record_003120.npz,HDKH06,2008/9/11 9:21,2008/9/11 9:21,7.1,train
train_003121,record_003121.npz,HDKH06,2008/9/11 9:32,2008/9/11 9:33,5.7,train
train_003122,record_003122.npz,HDKH06,2008/9/11 10:08,2008/9/11 10:08,5,train
train_003123,record_003123.npz,HDKH06,2008/9/11 13:57,2008/9/11 13:57,4.9,train
train_003124,record_003124.npz,HDKH06,2008/9/15 16:53,2008/9/15 16:53,4.9,train
train_003125,record_003125.npz,HDKH06,2008/10/11 4:27,2008/10/11 4:27,4.4,train
train_003126,record_003126.npz,HDKH06,2008/10/16 20:49,2008/10/16 20:49,4.2,train
train_003127,record_003127.npz,HRSH01,2000/10/6 13:30,2000/10/6 13:30,7.3,train
train_003128,record_003128.npz,HRSH01,2001/1/9 13:37,2001/1/9 13:38,4.6,train
train_003129,record_003129.npz,HRSH01,2001/3/24 15:28,2001/3/24 15:28,6.4,train
train_003130,record_003130.npz,HRSH01,2001/3/24 15:48,2001/3/24 15:48,4.2,train
train_003131,record_003131.npz,HRSH01,2001/3/24 16:25,2001/3/24 16:25,4.2,train
train_003132,record_003132.npz,HRSH01,2001/3/24 17:02,2001/3/24 17:02,4.2,train
train_003133,record_003133.npz,HRSH01,2001/3/24 22:37,2001/3/24 22:37,4.1,train
train_003134,record_003134.npz,HRSH01,2001/3/25 19:19,2001/3/25 19:19,4.4,train
train_003135,record_003135.npz,HRSH01,2001/3/26 5:41,2001/3/26 5:41,5,train
train_003136,record_003136.npz,HRSH01,2002/1/24 16:08,2002/1/24 16:09,4.5,train
train_003137,record_003137.npz,HRSH01,2002/3/25 22:58,2002/3/25 22:58,4.7,train
train_003138,record_003138.npz,HRSH01,2003/12/13 12:32,2003/12/13 12:32,4.6,train
train_003139,record_003139.npz,HRSH01,2004/9/21 10:13,2004/9/21 10:13,4.2,train
train_003140,record_003140.npz,HRSH01,2005/5/27 3:17,2005/5/27 3:17,4.7,train
train_003141,record_003141.npz,HRSH01,2007/4/26 9:03,2007/4/26 9:03,5.3,train
train_003142,record_003142.npz,HRSH01,2007/11/10 1:47,2007/11/10 1:48,4.3,train
train_003143,record_003143.npz,HRSH01,2008/3/8 3:52,2008/3/8 3:52,4.1,train
train_003144,record_003144.npz,HRSH01,2009/6/14 19:17,2009/6/14 19:18,4.2,train
train_003145,record_003145.npz,HRSH01,2009/7/18 5:16,2009/7/18 5:17,4.3,train
train_003146,record_003146.npz,HRSH01,2009/7/22 23:51,2009/7/22 23:51,4.6,train
train_003147,record_003147.npz,HRSH01,2009/12/16 14:12,2009/12/16 14:13,4.6,train
train_003148,record_003148.npz,HRSH01,2010/2/21 11:49,2010/2/21 11:49,4.5,train
train_003149,record_003149.npz,HRSH01,2010/4/17 5:35,2010/4/17 5:35,4.3,train
train_003150,record_003150.npz,HRSH01,2010/5/13 20:01,2010/5/13 20:01,4.7,train
train_003151,record_003151.npz,HRSH01,2010/7/23 14:25,2010/7/23 14:25,4.4,train
train_003152,record_003152.npz,HRSH01,2010/10/6 13:51,2010/10/6 13:52,4.5,train
train_003153,record_003153.npz,HRSH01,2011/1/16 20:33,2011/1/16 20:33,4.5,train
train_003154,record_003154.npz,HRSH02,2000/10/6 13:30,2000/10/6 13:30,7.3,train
train_003155,record_003155.npz,HRSH02,2001/3/24 15:28,2001/3/24 15:28,6.4,train
train_003156,record_003156.npz,HRSH02,2001/3/25 19:19,2001/3/25 19:19,4.4,train
train_003157,record_003157.npz,HRSH02,2001/3/26 5:41,2001/3/26 5:41,5,train
train_003158,record_003158.npz,HRSH02,2002/3/6 7:12,2002/3/6 7:12,4.5,train
train_003159,record_003159.npz,HRSH02,2002/3/25 22:58,2002/3/25 22:58,4.7,train
train_003160,record_003160.npz,HRSH02,2002/5/6 18:45,2002/5/6 18:46,4.3,train
train_003161,record_003161.npz,HRSH02,2002/9/16 10:10,2002/9/16 10:11,5.3,train
train_003162,record_003162.npz,HRSH02,2002/9/25 14:45,2002/9/25 14:45,4.5,train
train_003163,record_003163.npz,HRSH02,2002/10/23 6:22,2002/10/23 6:22,4.4,train
train_003164,record_003164.npz,HRSH02,2004/9/21 10:13,2004/9/21 10:13,4.2,train
train_003165,record_003165.npz,HRSH02,1999/7/16 2:59,1999/7/16 2:59,4.4,train
train_003166,record_003166.npz,HRSH02,1999/7/19 5:14,1999/7/19 5:15,4.1,train
train_003167,record_003167.npz,HRSH02,1999/10/30 6:25,1999/10/30 6:26,4.5,train
train_003168,record_003168.npz,HRSH05,2000/10/6 13:30,2000/10/6 13:30,7.3,train
train_003169,record_003169.npz,HRSH05,2001/3/24 15:28,2001/3/24 15:28,6.4,train
train_003170,record_003170.npz,HRSH05,2002/1/24 16:08,2002/1/24 16:09,4.5,train
train_003171,record_003171.npz,HRSH05,2002/3/6 7:12,2002/3/6 7:12,4.5,train
train_003172,record_003172.npz,HRSH05,2002/3/25 22:58,2002/3/25 22:58,4.7,train
train_003173,record_003173.npz,HRSH05,2002/9/16 10:10,2002/9/16 10:11,5.3,train
train_003174,record_003174.npz,HRSH05,2002/10/23 6:22,2002/10/23 6:22,4.4,train
train_003175,record_003175.npz,HRSH05,2008/3/8 3:52,2008/3/8 3:52,4.1,train
train_003176,record_003176.npz,HRSH05,2009/7/18 5:16,2009/7/18 5:17,4.3,train
train_003177,record_003177.npz,HRSH05,2009/12/16 14:12,2009/12/16 14:13,4.6,train
train_003178,record_003178.npz,HRSH05,2010/2/21 11:49,2010/2/21 11:50,4.5,train
train_003179,record_003179.npz,HRSH05,2010/7/23 14:25,2010/7/23 14:26,4.4,train
train_003180,record_003180.npz,HRSH05,2010/10/6 13:51,2010/10/6 13:52,4.5,train
train_003181,record_003181.npz,HRSH05,2011/1/16 20:33,2011/1/16 20:33,4.5,train
train_003182,record_003182.npz,HRSH06,2000/10/6 13:30,2000/10/6 13:30,7.3,train
train_003183,record_003183.npz,HRSH06,2000/10/8 13:17,2000/10/8 13:18,5.5,train
train_003184,record_003184.npz,HRSH06,2001/3/24 15:28,2001/3/24 15:28,6.4,train
train_003185,record_003185.npz,HRSH06,2002/3/6 7:12,2002/3/6 7:12,4.5,train
train_003186,record_003186.npz,HRSH06,2002/9/16 10:10,2002/9/16 10:11,5.3,train
train_003187,record_003187.npz,HRSH06,2002/10/13 19:06,2002/10/13 19:07,4.7,train
train_003188,record_003188.npz,HRSH06,2002/10/23 6:22,2002/10/23 6:22,4.4,train
train_003189,record_003189.npz,HRSH06,2003/4/2 1:38,2003/4/2 1:38,4.2,train
train_003190,record_003190.npz,HRSH06,1999/7/16 2:59,1999/7/16 2:59,4.4,train
train_003191,record_003191.npz,HRSH07,2000/10/6 13:30,2000/10/6 13:30,7.3,train
train_003192,record_003192.npz,HRSH07,2001/1/9 13:37,2001/1/9 13:38,4.6,train
train_003193,record_003193.npz,HRSH07,2001/3/24 15:28,2001/3/24 15:28,6.4,train
train_003194,record_003194.npz,HRSH07,2001/3/24 17:02,2001/3/24 17:02,4.2,train
train_003195,record_003195.npz,HRSH07,2001/3/25 19:19,2001/3/25 19:19,4.4,train
train_003196,record_003196.npz,HRSH07,2001/3/26 5:41,2001/3/26 5:41,5,train
train_003197,record_003197.npz,HRSH07,2001/4/25 23:40,2001/4/25 23:40,5.6,train
train_003198,record_003198.npz,HRSH07,2001/5/16 1:18,2001/5/16 1:18,4.2,train
train_003199,record_003199.npz,HRSH07,2001/8/24 21:44,2001/8/24 21:44,4.3,train
train_003200,record_003200.npz,HRSH07,2002/3/6 7:12,2002/3/6 7:13,4.5,train
train_003201,record_003201.npz,HRSH07,2002/3/25 22:58,2002/3/25 22:58,4.7,train
train_003202,record_003202.npz,HRSH07,2002/4/6 1:57,2002/4/6 1:57,4.5,train
train_003203,record_003203.npz,HRSH07,2002/9/16 10:10,2002/9/16 10:11,5.3,train
train_003204,record_003204.npz,HRSH07,2002/10/13 19:06,2002/10/13 19:06,4.7,train
train_003205,record_003205.npz,HRSH07,2003/3/26 4:08,2003/3/26 4:09,4.5,train
train_003206,record_003206.npz,HRSH07,2004/9/21 10:13,2004/9/21 10:13,4.2,train
train_003207,record_003207.npz,HRSH07,2007/4/26 9:03,2007/4/26 9:03,5.3,train
train_003208,record_003208.npz,HRSH07,2008/3/8 3:52,2008/3/8 3:52,4.1,train
train_003209,record_003209.npz,HRSH07,2008/5/20 14:41,2008/5/20 14:42,4.2,train
train_003210,record_003210.npz,HRSH07,2009/1/25 2:33,2009/1/25 2:33,4.4,train
train_003211,record_003211.npz,HRSH07,2009/6/14 19:17,2009/6/14 19:18,4.2,train
train_003212,record_003212.npz,HRSH07,2009/6/25 23:04,2009/6/25 23:04,4.7,train
train_003213,record_003213.npz,HRSH07,2009/7/18 5:16,2009/7/18 5:16,4.3,train
train_003214,record_003214.npz,HRSH07,2009/12/16 14:12,2009/12/16 14:13,4.6,train
train_003215,record_003215.npz,HRSH07,2010/2/21 11:49,2010/2/21 11:49,4.5,train
train_003216,record_003216.npz,HRSH07,2010/4/17 5:35,2010/4/17 5:35,4.3,train
train_003217,record_003217.npz,HRSH07,2010/5/13 20:01,2010/5/13 20:01,4.7,train
train_003218,record_003218.npz,HRSH07,2010/7/23 14:25,2010/7/23 14:25,4.4,train
train_003219,record_003219.npz,HRSH08,2000/10/6 13:30,2000/10/6 13:30,7.3,train
train_003220,record_003220.npz,HRSH08,2001/3/24 15:28,2001/3/24 15:28,6.4,train
train_003221,record_003221.npz,HRSH08,2001/3/26 5:41,2001/3/26 5:41,5,train
train_003222,record_003222.npz,HRSH08,2001/4/3 21:14,2001/4/3 21:14,4.4,train
train_003223,record_003223.npz,HRSH08,2001/5/16 1:18,2001/5/16 1:18,4.2,train
train_003224,record_003224.npz,HRSH08,2001/8/24 21:44,2001/8/24 21:44,4.3,train
train_003225,record_003225.npz,HRSH08,2002/1/24 16:08,2002/1/24 16:09,4.5,train
train_003226,record_003226.npz,HRSH08,2002/3/6 7:12,2002/3/6 7:13,4.5,train
train_003227,record_003227.npz,HRSH08,2002/3/25 22:58,2002/3/25 22:58,4.7,train
train_003228,record_003228.npz,HRSH08,2002/4/6 1:57,2002/4/6 1:57,4.5,train
train_003229,record_003229.npz,HRSH08,2002/10/13 19:06,2002/10/13 19:07,4.7,train
train_003230,record_003230.npz,HRSH08,2002/10/23 6:22,2002/10/23 6:22,4.4,train
train_003231,record_003231.npz,HRSH08,2007/4/26 9:03,2007/4/26 9:03,5.3,train
train_003232,record_003232.npz,HRSH08,2008/3/8 3:52,2008/3/8 3:52,4.1,train
train_003233,record_003233.npz,HRSH08,2008/5/20 14:41,2008/5/20 14:41,4.2,train
train_003234,record_003234.npz,HRSH08,2009/1/25 2:33,2009/1/25 2:33,4.4,train
train_003235,record_003235.npz,HRSH08,2009/6/14 19:17,2009/6/14 19:18,4.2,train
train_003236,record_003236.npz,HRSH08,2009/6/25 23:04,2009/6/25 23:04,4.7,train
train_003237,record_003237.npz,HRSH08,2009/7/18 5:16,2009/7/18 5:16,4.3,train
train_003238,record_003238.npz,HRSH08,2009/12/16 14:12,2009/12/16 14:13,4.6,train
train_003239,record_003239.npz,HRSH08,2010/2/21 11:49,2010/2/21 11:49,4.5,train
train_003240,record_003240.npz,HRSH08,2010/4/17 5:35,2010/4/17 5:35,4.3,train
train_003241,record_003241.npz,HRSH08,2010/5/13 20:01,2010/5/13 20:01,4.7,train
train_003242,record_003242.npz,HRSH08,2010/7/23 14:25,2010/7/23 14:26,4.4,train
train_003243,record_003243.npz,HRSH08,2010/10/6 13:51,2010/10/6 13:52,4.5,train
train_003244,record_003244.npz,HRSH09,2000/10/6 13:30,2000/10/6 13:30,7.3,train
train_003245,record_003245.npz,HRSH09,2001/3/24 15:28,2001/3/24 15:28,6.4,train
train_003246,record_003246.npz,HRSH09,2001/3/25 19:19,2001/3/25 19:19,4.4,train
train_003247,record_003247.npz,HRSH09,2001/3/26 5:41,2001/3/26 5:41,5,train
train_003248,record_003248.npz,HRSH09,2002/3/25 22:58,2002/3/25 22:58,4.7,train
train_003249,record_003249.npz,HRSH09,2008/3/8 3:52,2008/3/8 3:52,4.1,train
train_003250,record_003250.npz,HRSH09,2008/5/20 14:41,2008/5/20 14:42,4.2,train
train_003251,record_003251.npz,HRSH09,2009/1/25 2:33,2009/1/25 2:34,4.4,train
train_003252,record_003252.npz,HRSH09,2009/7/18 5:16,2009/7/18 5:17,4.3,train
train_003253,record_003253.npz,HRSH09,2009/12/16 14:12,2009/12/16 14:13,4.6,train
train_003254,record_003254.npz,HRSH09,2010/2/21 11:49,2010/2/21 11:50,4.5,train
train_003255,record_003255.npz,HRSH09,2010/4/17 5:35,2010/4/17 5:35,4.3,train
train_003256,record_003256.npz,HRSH09,2010/7/23 14:25,2010/7/23 14:26,4.4,train
train_003257,record_003257.npz,HRSH09,2010/10/6 13:51,2010/10/6 13:52,4.5,train
train_003258,record_003258.npz,HRSH09,2011/1/16 20:33,2011/1/16 20:33,4.5,train
train_003259,record_003259.npz,HRSH10,2001/3/24 15:28,2001/3/24 15:28,6.4,train
train_003260,record_003260.npz,HRSH10,2001/3/26 5:41,2001/3/26 5:41,5,train
train_003261,record_003261.npz,HRSH10,2002/1/24 16:08,2002/1/24 16:08,4.5,train
train_003262,record_003262.npz,HRSH10,2002/3/6 7:12,2002/3/6 7:12,4.5,train
train_003263,record_003263.npz,HRSH10,2002/3/25 22:58,2002/3/25 22:58,4.7,train
train_003264,record_003264.npz,HRSH10,2002/4/6 1:57,2002/4/6 1:57,4.5,train
train_003265,record_003265.npz,HRSH10,2002/9/16 10:10,2002/9/16 10:11,5.3,train
train_003266,record_003266.npz,HRSH10,2002/9/25 14:45,2002/9/25 14:45,4.5,train
train_003267,record_003267.npz,HRSH10,2002/10/13 19:06,2002/10/13 19:07,4.7,train
train_003268,record_003268.npz,HRSH10,2002/10/23 6:22,2002/10/23 6:22,4.4,train
train_003269,record_003269.npz,HRSH10,2003/4/2 1:38,2003/4/2 1:38,4.2,train
train_003270,record_003270.npz,HRSH10,2007/4/26 9:03,2007/4/26 9:03,5.3,train
train_003271,record_003271.npz,HRSH10,2009/1/25 2:33,2009/1/25 2:34,4.4,train
train_003272,record_003272.npz,HRSH10,2009/7/18 5:16,2009/7/18 5:17,4.3,train
train_003273,record_003273.npz,HRSH10,2010/2/21 11:49,2010/2/21 11:50,4.5,train
train_003274,record_003274.npz,HRSH10,2010/4/17 5:35,2010/4/17 5:35,4.3,train
train_003275,record_003275.npz,HRSH10,2010/5/13 20:01,2010/5/13 20:01,4.7,train
train_003276,record_003276.npz,HRSH10,2010/7/23 14:25,2010/7/23 14:26,4.4,train
train_003277,record_003277.npz,HRSH10,2010/10/6 13:51,2010/10/6 13:52,4.5,train
train_003278,record_003278.npz,HRSH11,2001/3/24 15:28,2001/3/24 15:28,6.4,train
train_003279,record_003279.npz,HRSH11,2007/4/26 9:03,2007/4/26 9:03,5.3,train
train_003280,record_003280.npz,HRSH11,2008/3/8 3:52,2008/3/8 3:52,4.1,train
train_003281,record_003281.npz,HRSH11,2010/2/21 11:49,2010/2/21 11:50,4.5,train
train_003282,record_003282.npz,HRSH11,2010/4/17 5:35,2010/4/17 5:35,4.3,train
train_003283,record_003283.npz,HRSH11,2010/10/6 13:51,2010/10/6 13:52,4.5,train
train_003284,record_003284.npz,HRSH11,2011/1/16 20:33,2011/1/16 20:33,4.5,train
train_003285,record_003285.npz,HRSH13,2002/9/16 10:10,2002/9/16 10:11,5.3,train
train_003286,record_003286.npz,HRSH13,2002/9/25 14:45,2002/9/25 14:45,4.5,train
train_003287,record_003287.npz,HRSH13,2002/10/13 19:06,2002/10/13 19:07,4.7,train
train_003288,record_003288.npz,HRSH13,2004/9/21 10:13,2004/9/21 10:13,4.2,train
train_003289,record_003289.npz,HRSH13,2007/4/26 9:03,2007/4/26 9:03,5.3,train
train_003290,record_003290.npz,HRSH13,2010/2/21 11:49,2010/2/21 11:49,4.5,train
train_003291,record_003291.npz,HRSH14,2002/9/16 10:10,2002/9/16 10:11,5.3,train
train_003292,record_003292.npz,HRSH14,2002/10/13 19:06,2002/10/13 19:07,4.7,train
train_003293,record_003293.npz,HRSH14,2004/4/20 22:26,2004/4/20 22:26,4.6,train
train_003294,record_003294.npz,HRSH14,2005/9/4 19:06,2005/9/4 19:06,4.3,train
train_003295,record_003295.npz,HRSH14,2006/9/26 7:03,2006/9/26 7:04,5.3,train
train_003296,record_003296.npz,HRSH14,2008/3/8 3:52,2008/3/8 3:52,4.1,train
train_003297,record_003297.npz,HRSH14,2009/1/25 2:33,2009/1/25 2:33,4.4,train
train_003298,record_003298.npz,HRSH14,2009/6/25 23:04,2009/6/25 23:04,4.7,train
train_003299,record_003299.npz,HRSH14,2009/7/18 5:16,2009/7/18 5:16,4.3,train
train_003300,record_003300.npz,HRSH14,2009/12/16 14:12,2009/12/16 14:13,4.6,train
train_003301,record_003301.npz,HRSH14,2010/2/21 11:49,2010/2/21 11:49,4.5,train
train_003302,record_003302.npz,HRSH14,2010/4/17 5:35,2010/4/17 5:35,4.3,train
train_003303,record_003303.npz,HRSH14,2010/5/13 20:01,2010/5/13 20:01,4.7,train
train_003304,record_003304.npz,HRSH14,2010/7/23 14:25,2010/7/23 14:25,4.4,train
train_003305,record_003305.npz,HRSH14,2010/10/6 13:51,2010/10/6 13:52,4.5,train
train_003306,record_003306.npz,HRSH14,2011/1/16 20:33,2011/1/16 20:33,4.5,train
train_003307,record_003307.npz,HRSH16,2002/9/16 10:10,2002/9/16 10:11,5.3,train
train_003308,record_003308.npz,HRSH16,2002/10/13 19:06,2002/10/13 19:07,4.7,train
train_003309,record_003309.npz,HRSH16,2002/10/23 6:22,2002/10/23 6:22,4.4,train
train_003310,record_003310.npz,HRSH16,2003/8/14 23:46,2003/8/14 23:46,4.6,train
train_003311,record_003311.npz,HRSH16,2004/4/20 22:26,2004/4/20 22:27,4.6,train
train_003312,record_003312.npz,HRSH16,2004/9/21 10:13,2004/9/21 10:13,4.2,train
train_003313,record_003313.npz,HRSH16,2005/1/2 12:30,2005/1/2 12:30,4.2,train
train_003314,record_003314.npz,HRSH16,2005/5/27 3:17,2005/5/27 3:17,4.7,train
train_003315,record_003315.npz,HRSH16,2005/9/4 19:06,2005/9/4 19:07,4.3,train
train_003316,record_003316.npz,HRSH16,2007/4/26 9:03,2007/4/26 9:03,5.3,train
train_003317,record_003317.npz,HRSH16,2007/5/13 8:14,2007/5/13 8:14,4.6,train
train_003318,record_003318.npz,HRSH16,2008/3/8 3:52,2008/3/8 3:52,4.1,train
train_003319,record_003319.npz,HRSH16,2009/1/25 2:33,2009/1/25 2:34,4.4,train
train_003320,record_003320.npz,HRSH16,2009/7/18 5:16,2009/7/18 5:17,4.3,train
train_003321,record_003321.npz,HRSH16,2009/12/16 14:12,2009/12/16 14:13,4.6,train
train_003322,record_003322.npz,HRSH16,2010/2/21 11:49,2010/2/21 11:50,4.5,train
train_003323,record_003323.npz,HRSH16,2010/4/17 5:35,2010/4/17 5:35,4.3,train
train_003324,record_003324.npz,HRSH16,2010/5/13 20:01,2010/5/13 20:02,4.7,train
train_003325,record_003325.npz,HRSH16,2010/7/23 14:25,2010/7/23 14:26,4.4,train
train_003326,record_003326.npz,HRSH16,2010/10/6 13:51,2010/10/6 13:52,4.5,train
train_003327,record_003327.npz,HRSH16,2011/1/16 20:33,2011/1/16 20:33,4.5,train
train_003328,record_003328.npz,HRSH17,2008/3/8 3:52,2008/3/8 3:52,4.1,train
train_003329,record_003329.npz,HRSH17,2008/5/20 14:41,2008/5/20 14:42,4.2,train
train_003330,record_003330.npz,HRSH17,2009/1/25 2:33,2009/1/25 2:33,4.4,train
train_003331,record_003331.npz,HRSH17,2009/6/25 23:04,2009/6/25 23:04,4.7,train
train_003332,record_003332.npz,HRSH17,2009/7/18 5:16,2009/7/18 5:16,4.3,train
train_003333,record_003333.npz,HRSH17,2009/12/16 14:12,2009/12/16 14:13,4.6,train
train_003334,record_003334.npz,HRSH17,2010/2/21 11:49,2010/2/21 11:49,4.5,train
train_003335,record_003335.npz,HRSH17,2010/4/17 5:35,2010/4/17 5:35,4.3,train
train_003336,record_003336.npz,HRSH17,2010/10/6 13:51,2010/10/6 13:52,4.5,train
train_003337,record_003337.npz,HRSH18,2002/3/25 22:58,2002/3/25 22:58,4.7,train
train_003338,record_003338.npz,HRSH18,2004/9/21 10:13,2004/9/21 10:13,4.2,train
train_003339,record_003339.npz,HRSH18,2007/4/26 9:03,2007/4/26 9:03,5.3,train
train_003340,record_003340.npz,HRSH18,2008/3/8 3:52,2008/3/8 3:52,4.1,train
train_003341,record_003341.npz,HRSH18,2009/1/25 2:33,2009/1/25 2:34,4.4,train
train_003342,record_003342.npz,HRSH18,2009/6/14 19:17,2009/6/14 19:18,4.2,train
train_003343,record_003343.npz,HRSH18,2009/7/18 5:16,2009/7/18 5:17,4.3,train
train_003344,record_003344.npz,HRSH18,2009/12/16 14:12,2009/12/16 14:13,4.6,train
train_003345,record_003345.npz,HRSH18,2010/2/21 11:49,2010/2/21 11:49,4.5,train
train_003346,record_003346.npz,HRSH18,2010/4/17 5:35,2010/4/17 5:35,4.3,train
train_003347,record_003347.npz,HRSH18,2010/5/13 20:01,2010/5/13 20:01,4.7,train
train_003348,record_003348.npz,HRSH18,2010/7/23 14:25,2010/7/23 14:26,4.4,train
train_003349,record_003349.npz,HRSH18,2010/10/6 13:51,2010/10/6 13:52,4.5,train
train_003350,record_003350.npz,HRSH18,2011/1/16 20:33,2011/1/16 20:33,4.5,train
train_003351,record_003351.npz,HYGH02,2000/10/6 13:30,2000/10/6 13:30,7.3,train
train_003352,record_003352.npz,HYGH02,2001/1/12 8:00,2001/1/12 8:00,5.4,train
train_003353,record_003353.npz,HYGH02,2001/1/14 8:55,2001/1/14 8:55,4.1,train
train_003354,record_003354.npz,HYGH02,2001/1/15 23:20,2001/1/15 23:20,4.4,train
train_003355,record_003355.npz,HYGH02,2001/3/24 15:28,2001/3/24 15:28,6.4,train
train_003356,record_003356.npz,HYGH02,2002/3/6 7:12,2002/3/6 7:13,4.5,train
train_003357,record_003357.npz,HYGH02,2002/9/16 10:10,2002/9/16 10:11,5.3,train
train_003358,record_003358.npz,HYGH02,2003/12/13 12:32,2003/12/13 12:32,4.6,train
train_003359,record_003359.npz,HYGH02,2009/2/18 6:47,2009/2/18 6:48,5.2,train
train_003360,record_003360.npz,HYGH02,2011/1/16 20:33,2011/1/16 20:33,4.5,train
train_003361,record_003361.npz,HYGH02,2011/2/21 15:46,2011/2/21 15:46,4.8,train
train_003362,record_003362.npz,HYGH03,2000/10/6 13:30,2000/10/6 13:30,7.3,train
train_003363,record_003363.npz,HYGH03,2000/10/8 13:17,2000/10/8 13:18,5.5,train
train_003364,record_003364.npz,HYGH03,2000/10/8 20:51,2000/10/8 20:51,5,train
train_003365,record_003365.npz,HYGH03,2001/1/14 8:55,2001/1/14 8:55,4.1,train
train_003366,record_003366.npz,HYGH03,2002/3/6 7:12,2002/3/6 7:13,4.5,train
train_003367,record_003367.npz,HYGH03,2008/4/17 0:58,2008/4/17 0:58,4.1,train
train_003368,record_003368.npz,HYGH03,2010/7/21 6:19,2010/7/21 6:19,5.1,train
train_003369,record_003369.npz,HYGH04,2000/10/6 13:30,2000/10/6 13:30,7.3,train
train_003370,record_003370.npz,HYGH04,2001/8/25 22:21,2001/8/25 22:21,5.1,train
train_003371,record_003371.npz,HYGH04,2007/8/31 23:36,2007/8/31 23:37,4.4,train
train_003372,record_003372.npz,HYGH04,2008/4/17 0:58,2008/4/17 0:58,4.1,train
train_003373,record_003373.npz,HYGH05,2000/10/6 13:30,2000/10/6 13:30,7.3,train
train_003374,record_003374.npz,HYGH05,2001/1/12 8:00,2001/1/12 8:00,5.4,train
train_003375,record_003375.npz,HYGH05,2001/3/24 15:28,2001/3/24 15:28,6.4,train
train_003376,record_003376.npz,HYGH05,2001/8/10 15:42,2001/8/10 15:43,4.3,train
train_003377,record_003377.npz,HYGH05,2001/8/25 22:21,2001/8/25 22:21,5.1,train
train_003378,record_003378.npz,HYGH05,2002/9/16 10:10,2002/9/16 10:11,5.3,train
train_003379,record_003379.npz,HYGH05,2003/12/13 12:32,2003/12/13 12:32,4.6,train
train_003380,record_003380.npz,HYGH05,2005/5/27 3:17,2005/5/27 3:17,4.7,train
train_003381,record_003381.npz,HYGH05,1999/7/16 2:59,1999/7/16 2:59,4.4,train
train_003382,record_003382.npz,HYGH05,1999/8/21 5:33,1999/8/21 5:33,5.4,train
train_003383,record_003383.npz,HYGH06,2000/10/6 13:30,2000/10/6 13:30,7.3,train
train_003384,record_003384.npz,HYGH06,2001/1/12 8:00,2001/1/12 8:00,5.4,train
train_003385,record_003385.npz,HYGH06,2001/3/24 15:28,2001/3/24 15:28,6.4,train
train_003386,record_003386.npz,HYGH06,2002/3/6 7:12,2002/3/6 7:13,4.5,train
train_003387,record_003387.npz,HYGH06,1999/7/19 5:14,1999/7/19 5:15,4.1,train
train_003388,record_003388.npz,HYGH06,1999/8/21 5:33,1999/8/21 5:33,5.4,train
train_003389,record_003389.npz,HYGH07,2000/4/15 2:41,2000/4/15 2:41,4.8,train
train_003390,record_003390.npz,HYGH07,2000/4/28 11:42,2000/4/28 11:42,4.2,train
train_003391,record_003391.npz,HYGH07,2000/5/16 4:09,2000/5/16 4:09,4.3,train
train_003392,record_003392.npz,HYGH07,2000/6/5 9:54,2000/6/5 9:55,4.7,train
train_003393,record_003393.npz,HYGH07,2000/10/6 13:30,2000/10/6 13:30,7.3,train
train_003394,record_003394.npz,HYGH07,2001/1/12 8:00,2001/1/12 8:00,5.4,train
train_003395,record_003395.npz,HYGH07,2001/1/20 5:20,2001/1/20 5:20,4.7,train
train_003396,record_003396.npz,HYGH07,2001/1/20 5:27,2001/1/20 5:27,4.1,train
train_003397,record_003397.npz,HYGH07,2001/1/20 7:24,2001/1/20 7:24,4.5,train
train_003398,record_003398.npz,HYGH07,2001/1/24 0:03,2001/1/24 0:03,4.2,train
train_003399,record_003399.npz,HYGH07,2003/4/1 12:11,2003/4/1 12:12,4.1,train
train_003400,record_003400.npz,HYGH07,2003/12/13 12:32,2003/12/13 12:32,4.6,train
train_003401,record_003401.npz,HYGH07,2005/2/14 0:22,2005/2/14 0:22,4.1,train
train_003402,record_003402.npz,HYGH07,2008/4/17 0:58,2008/4/17 0:58,4.1,train
train_003403,record_003403.npz,HYGH08,2000/5/16 4:09,2000/5/16 4:09,4.3,train
train_003404,record_003404.npz,HYGH08,2001/1/12 8:00,2001/1/12 8:00,5.4,train
train_003405,record_003405.npz,HYGH08,2001/1/14 8:55,2001/1/14 8:55,4.1,train
train_003406,record_003406.npz,HYGH08,2001/1/20 5:27,2001/1/20 5:27,4.1,train
train_003407,record_003407.npz,HYGH08,2001/1/20 7:24,2001/1/20 7:24,4.5,train
train_003408,record_003408.npz,HYGH08,2001/8/25 22:21,2001/8/25 22:21,5.1,train
train_003409,record_003409.npz,HYGH08,2002/7/16 20:09,2002/7/16 20:09,4.2,train
train_003410,record_003410.npz,HYGH08,2002/8/18 9:01,2002/8/18 9:01,4.5,train
train_003411,record_003411.npz,HYGH08,2002/9/16 10:10,2002/9/16 10:11,5.3,train
train_003412,record_003412.npz,HYGH08,2003/2/6 2:37,2003/2/6 2:37,4.5,train
train_003413,record_003413.npz,HYGH08,2008/4/17 0:58,2008/4/17 0:58,4.1,train
train_003414,record_003414.npz,HYGH08,2008/8/8 4:35,2008/8/8 4:35,4.2,train
train_003415,record_003415.npz,HYGH08,2008/8/30 18:28,2008/8/30 18:28,4.2,train
train_003416,record_003416.npz,HYGH08,2008/10/1 9:25,2008/10/1 9:25,4.4,train
train_003417,record_003417.npz,HYGH08,2009/2/18 6:47,2009/2/18 6:47,5.2,train
train_003418,record_003418.npz,HYGH08,2010/7/21 6:19,2010/7/21 6:19,5.1,train
train_003419,record_003419.npz,HYGH08,2011/2/21 15:46,2011/2/21 15:46,4.8,train
train_003420,record_003420.npz,HYGH08,1999/1/11 9:10,1999/1/11 9:11,4.3,train
train_003421,record_003421.npz,HYGH08,1999/3/16 16:43,1999/3/16 16:43,4.9,train
train_003422,record_003422.npz,HYGH08,1999/8/21 5:33,1999/8/21 5:33,5.4,train
train_003423,record_003423.npz,HYGH08,1999/10/30 6:25,1999/10/30 6:26,4.5,train
train_003424,record_003424.npz,HYGH09,2000/5/16 4:09,2000/5/16 4:09,4.3,train
train_003425,record_003425.npz,HYGH09,2000/10/6 13:30,2000/10/6 13:30,7.3,train
train_003426,record_003426.npz,HYGH09,2001/1/12 8:00,2001/1/12 8:00,5.4,train
train_003427,record_003427.npz,HYGH09,2001/8/25 22:21,2001/8/25 22:21,5.1,train
train_003428,record_003428.npz,HYGH09,2003/2/6 2:37,2003/2/6 2:37,4.5,train
train_003429,record_003429.npz,HYGH09,2008/4/17 0:58,2008/4/17 0:58,4.1,train
train_003430,record_003430.npz,HYGH09,2008/8/8 4:35,2008/8/8 4:35,4.2,train
train_003431,record_003431.npz,HYGH09,2008/8/30 18:28,2008/8/30 18:28,4.2,train
train_003432,record_003432.npz,HYGH09,2008/10/1 9:25,2008/10/1 9:25,4.4,train
train_003433,record_003433.npz,HYGH09,2009/2/18 6:47,2009/2/18 6:47,5.2,train
train_003434,record_003434.npz,HYGH09,2010/7/21 6:19,2010/7/21 6:19,5.1,train
train_003435,record_003435.npz,HYGH09,2011/2/21 15:46,2011/2/21 15:46,4.8,train
train_003436,record_003436.npz,HYGH10,2000/5/16 4:09,2000/5/16 4:09,4.3,train
train_003437,record_003437.npz,HYGH10,2000/10/6 13:30,2000/10/6 13:30,7.3,train
train_003438,record_003438.npz,HYGH10,2001/1/12 8:00,2001/1/12 8:00,5.4,train
train_003439,record_003439.npz,HYGH10,2001/8/10 15:42,2001/8/10 15:42,4.3,train
train_003440,record_003440.npz,HYGH10,2003/2/6 2:37,2003/2/6 2:37,4.5,train
train_003441,record_003441.npz,HYGH10,2003/10/8 23:35,2003/10/8 23:35,4.2,train
train_003442,record_003442.npz,HYGH10,2005/2/14 0:22,2005/2/14 0:22,4.1,train
train_003443,record_003443.npz,HYGH10,2010/11/29 15:52,2010/11/29 15:53,4.1,train
train_003444,record_003444.npz,HYGH10,2011/1/16 20:33,2011/1/16 20:33,4.5,train
train_003445,record_003445.npz,HYGH10,2011/2/21 15:46,2011/2/21 15:46,4.8,train
train_003446,record_003446.npz,HYGH11,2000/5/16 4:09,2000/5/16 4:09,4.3,train
train_003447,record_003447.npz,HYGH11,2000/10/6 13:30,2000/10/6 13:30,7.3,train
train_003448,record_003448.npz,HYGH11,2001/1/12 8:00,2001/1/12 8:00,5.4,train
train_003449,record_003449.npz,HYGH11,2001/1/14 8:55,2001/1/14 8:55,4.1,train
train_003450,record_003450.npz,HYGH11,2001/1/15 23:20,2001/1/15 23:20,4.4,train
train_003451,record_003451.npz,HYGH11,2001/1/20 5:20,2001/1/20 5:20,4.7,train
train_003452,record_003452.npz,HYGH11,2010/7/21 6:19,2010/7/21 6:19,5.1,train
train_003453,record_003453.npz,HYGH11,2011/2/21 15:46,2011/2/21 15:46,4.8,train
train_003454,record_003454.npz,HYGH11,1999/8/21 5:33,1999/8/21 5:33,5.4,train
train_003455,record_003455.npz,HYGH12,2000/8/27 13:13,2000/8/27 13:13,4.1,train
train_003456,record_003456.npz,HYGH12,2000/10/6 13:30,2000/10/6 13:30,7.3,train
train_003457,record_003457.npz,HYGH12,2001/1/12 8:00,2001/1/12 8:00,5.4,train
train_003458,record_003458.npz,HYGH12,2001/3/24 15:28,2001/3/24 15:28,6.4,train
train_003459,record_003459.npz,HYGH12,2003/2/6 2:37,2003/2/6 2:37,4.5,train
train_003460,record_003460.npz,HYGH12,2007/1/22 2:16,2007/1/22 2:17,4.5,train
train_003461,record_003461.npz,HYGH12,2009/2/18 6:47,2009/2/18 6:47,5.2,train
train_003462,record_003462.npz,HYGH12,2010/7/21 6:19,2010/7/21 6:19,5.1,train
train_003463,record_003463.npz,HYGH12,2011/1/16 20:33,2011/1/16 20:33,4.5,train
train_003464,record_003464.npz,HYGH12,1999/3/16 16:43,1999/3/16 16:43,4.9,train
train_003465,record_003465.npz,HYGH12,1999/7/19 5:14,1999/7/19 5:15,4.1,train
train_003466,record_003466.npz,HYGH12,1999/8/21 5:33,1999/8/21 5:33,5.4,train
train_003467,record_003467.npz,HYGH12,1999/10/30 6:25,1999/10/30 6:26,4.5,train
train_003468,record_003468.npz,HYGH14,2001/1/12 8:00,2001/1/12 8:00,5.4,train
train_003469,record_003469.npz,HYGH14,2002/7/16 20:09,2002/7/16 20:09,4.2,train
train_003470,record_003470.npz,HYGH14,2002/8/18 9:01,2002/8/18 9:01,4.5,train
train_003471,record_003471.npz,HYGH14,2002/9/16 10:10,2002/9/16 10:11,5.3,train
train_003472,record_003472.npz,HYGH14,2003/2/6 2:37,2003/2/6 2:37,4.5,train
train_003473,record_003473.npz,HYGH14,2008/4/17 0:58,2008/4/17 0:58,4.1,train
train_003474,record_003474.npz,HYGH14,2008/8/8 4:35,2008/8/8 4:35,4.2,train
train_003475,record_003475.npz,HYGH14,2008/8/30 18:28,2008/8/30 18:28,4.2,train
train_003476,record_003476.npz,HYGH14,2008/10/1 9:25,2008/10/1 9:25,4.4,train
train_003477,record_003477.npz,HYGH14,2009/2/18 6:47,2009/2/18 6:47,5.2,train
train_003478,record_003478.npz,HYGH15,2002/9/16 10:10,2002/9/16 10:11,5.3,train
train_003479,record_003479.npz,HYGH15,2008/4/17 0:58,2008/4/17 0:58,4.1,train
train_003480,record_003480.npz,HYGH15,2008/8/30 18:28,2008/8/30 18:28,4.2,train
train_003481,record_003481.npz,HYGH15,2009/2/18 6:47,2009/2/18 6:47,5.2,train
train_003482,record_003482.npz,HYMH01,2005/12/13 6:01,2005/12/13 6:01,5.5,train
train_003483,record_003483.npz,HYMH01,2008/9/22 16:32,2008/9/22 16:32,5.6,train
train_003484,record_003484.npz,HYMH01,2009/7/11 0:01,2009/7/11 0:01,4.7,train
train_003485,record_003485.npz,HYMH01,2009/10/5 9:35,2009/10/5 9:35,4.7,train
train_003486,record_003486.npz,HYMH03,2001/10/17 0:49,2001/10/17 0:49,4.5,train
train_003487,record_003487.npz,HYMH03,2002/4/4 8:42,2002/4/4 8:42,5.3,train
train_003488,record_003488.npz,HYMH03,2002/4/21 6:30,2002/4/21 6:31,4.7,train
train_003489,record_003489.npz,HYMH03,2007/7/10 13:15,2007/7/10 13:15,4.5,train
train_003490,record_003490.npz,HYMH03,2007/8/22 16:26,2007/8/22 16:26,5.4,train
train_003491,record_003491.npz,HYMH03,2008/1/13 2:11,2008/1/13 2:11,4.1,train
train_003492,record_003492.npz,HYMH03,2008/4/29 14:26,2008/4/29 14:26,5.7,train
train_003493,record_003493.npz,HYMH03,2008/9/22 16:32,2008/9/22 16:32,5.6,train
train_003494,record_003494.npz,HYMH03,2009/7/11 0:01,2009/7/11 0:01,4.7,train
train_003495,record_003495.npz,HYMH03,2009/10/5 9:35,2009/10/5 9:35,4.7,train
train_003496,record_003496.npz,HYMH03,2010/3/14 10:59,2010/3/14 10:59,4.3,train
train_003497,record_003497.npz,HYMH03,2010/6/28 6:03,2010/6/28 6:03,5.1,train
train_003498,record_003498.npz,IBRH11,2001/3/6 14:32,2001/3/6 14:32,4.6,train
train_003499,record_003499.npz,IBRH11,2001/5/31 8:59,2001/5/31 8:59,4.5,train
train_003500,record_003500.npz,IBRH11,2001/7/6 3:57,2001/7/6 3:57,4.5,train
train_003501,record_003501.npz,IBRH11,2001/7/20 6:02,2001/7/20 6:02,4.8,train
train_003502,record_003502.npz,IBRH11,2001/9/4 23:54,2001/9/4 23:55,5.2,train
train_003503,record_003503.npz,IBRH11,2001/9/25 4:35,2001/9/25 4:35,4.3,train
train_003504,record_003504.npz,IBRH11,2001/9/25 4:57,2001/9/25 4:57,4.5,train
train_003505,record_003505.npz,IBRH11,2001/10/18 6:30,2001/10/18 6:30,4.3,train
train_003506,record_003506.npz,IBRH11,2001/10/28 12:24,2001/10/28 12:25,4.3,train
train_003507,record_003507.npz,IBRH11,2002/1/6 18:35,2002/1/6 18:35,4.2,train
train_003508,record_003508.npz,IBRH11,2002/2/5 19:57,2002/2/5 19:57,4.4,train
train_003509,record_003509.npz,IBRH11,2002/2/12 22:44,2002/2/12 22:44,5.5,train
train_003510,record_003510.npz,IBRH11,2002/2/25 22:14,2002/2/25 22:14,4.7,train
train_003511,record_003511.npz,IBRH11,2002/3/16 16:23,2002/3/16 16:24,4.4,train
train_003512,record_003512.npz,IBRH11,2002/3/17 3:01,2002/3/17 3:01,4.1,train
train_003513,record_003513.npz,IBRH11,2002/6/14 11:42,2002/6/14 11:42,4.9,train
train_003514,record_003514.npz,IBRH11,2002/7/13 21:45,2002/7/13 21:46,4.8,train
train_003515,record_003515.npz,IBRH11,2002/7/27 17:59,2002/7/27 17:59,4.5,train
train_003516,record_003516.npz,IBRH11,2002/12/23 5:31,2002/12/23 5:31,4.1,train
train_003517,record_003517.npz,IBRH11,2003/1/9 13:14,2003/1/9 13:14,4.7,train
train_003518,record_003518.npz,IBRH11,2003/1/31 17:53,2003/1/31 17:53,4.4,train
train_003519,record_003519.npz,IBRH11,2003/2/16 12:03,2003/2/16 12:04,5,train
train_003520,record_003520.npz,IBRH11,2003/3/13 12:13,2003/3/13 12:13,4.8,train
train_003521,record_003521.npz,IBRH11,2003/4/8 4:17,2003/4/8 4:17,4.6,train
train_003522,record_003522.npz,IBRH11,2003/4/21 10:18,2003/4/21 10:18,4.6,train
train_003523,record_003523.npz,IBRH11,2003/5/6 23:48,2003/5/6 23:48,4.3,train
train_003524,record_003524.npz,IBRH11,2003/5/12 0:57,2003/5/12 0:57,5.2,train
train_003525,record_003525.npz,IBRH11,2003/6/9 18:59,2003/6/9 18:59,4.6,train
train_003526,record_003526.npz,IBRH11,2003/8/4 20:57,2003/8/4 20:57,4.9,train
train_003527,record_003527.npz,IBRH11,2003/9/20 12:55,2003/9/20 12:55,5.8,train
train_003528,record_003528.npz,IBRH12,2003/2/14 10:54,2003/2/14 10:54,4.7,train
train_003529,record_003529.npz,IBRH12,2003/2/16 12:03,2003/2/16 12:04,5,train
train_003530,record_003530.npz,IBRH12,2003/5/6 23:48,2003/5/6 23:49,4.3,train
train_003531,record_003531.npz,IBRH12,2003/6/9 18:59,2003/6/9 18:59,4.6,train
train_003532,record_003532.npz,IBRH12,2003/6/16 18:34,2003/6/16 18:34,5,train
train_003533,record_003533.npz,IBRH12,2003/8/4 20:57,2003/8/4 20:57,4.9,train
train_003534,record_003534.npz,IBRH12,2003/11/15 3:44,2003/11/15 3:44,5.8,train
train_003535,record_003535.npz,IBRH12,2004/1/23 18:01,2004/1/23 18:01,5.3,train
train_003536,record_003536.npz,IBRH12,2004/3/11 11:35,2004/3/11 11:35,5.3,train
train_003537,record_003537.npz,IBRH12,2004/4/4 8:02,2004/4/4 8:02,5.8,train
train_003538,record_003538.npz,IBRH12,2004/5/8 9:10,2004/5/8 9:10,4.1,train
train_003539,record_003539.npz,IBRH12,2004/8/19 20:40,2004/8/19 20:41,5,train
train_003540,record_003540.npz,IBRH12,2004/10/6 23:40,2004/10/6 23:40,5.7,train
train_003541,record_003541.npz,IBRH12,2004/10/11 5:27,2004/10/11 5:27,4.4,train
train_003542,record_003542.npz,IBRH12,2004/10/23 17:56,2004/10/23 17:56,6.8,train
train_003543,record_003543.npz,IBRH12,2004/10/23 18:03,2004/10/23 18:03,6.3,train
train_003544,record_003544.npz,IBRH12,2004/10/23 18:34,2004/10/23 18:34,6.5,train
train_003545,record_003545.npz,IBRH12,2004/10/27 10:40,2004/10/27 10:41,6.1,train
train_003546,record_003546.npz,IBRH12,2004/12/9 2:15,2004/12/9 2:15,4.2,train
train_003547,record_003547.npz,IBRH12,2005/1/1 5:14,2005/1/1 5:14,5,train
train_003548,record_003548.npz,IBRH12,2005/2/16 4:46,2005/2/16 4:46,5.4,train
train_003549,record_003549.npz,IBRH12,2005/4/4 2:57,2005/4/4 2:57,5.3,train
train_003550,record_003550.npz,IBRH12,2005/5/14 0:14,2005/5/14 0:14,4.4,train
train_003551,record_003551.npz,IBRH12,2005/10/19 20:44,2005/10/19 20:44,6.3,train
train_003552,record_003552.npz,IBRH12,2005/10/22 22:12,2005/10/22 22:13,5.6,train
train_003553,record_003553.npz,IBRH12,2005/12/28 18:46,2005/12/28 18:46,4.8,train
train_003554,record_003554.npz,IBRH12,2007/7/16 10:13,2007/7/16 10:13,6.8,train
train_003555,record_003555.npz,IBRH12,2007/11/11 19:49,2007/11/11 19:49,4.3,train
train_003556,record_003556.npz,IBRH12,2007/11/12 9:20,2007/11/12 9:20,4.1,train
train_003557,record_003557.npz,IBRH13,2003/2/14 10:54,2003/2/14 10:54,4.7,train
train_003558,record_003558.npz,IBRH13,2003/2/16 12:03,2003/2/16 12:04,5,train
train_003559,record_003559.npz,IBRH13,2003/4/21 10:18,2003/4/21 10:18,4.6,train
train_003560,record_003560.npz,IBRH13,2003/6/9 18:59,2003/6/9 18:59,4.6,train
train_003561,record_003561.npz,IBRH13,2003/8/4 20:57,2003/8/4 20:57,4.9,train
train_003562,record_003562.npz,IBRH13,2003/11/15 3:44,2003/11/15 3:44,5.8,train
train_003563,record_003563.npz,IBRH13,2004/1/23 18:01,2004/1/23 18:01,5.3,train
train_003564,record_003564.npz,IBRH13,2004/3/11 11:35,2004/3/11 11:35,5.3,train
train_003565,record_003565.npz,IBRH13,2004/4/4 8:02,2004/4/4 8:02,5.8,train
train_003566,record_003566.npz,IBRH13,2004/7/10 20:07,2004/7/10 20:07,4.7,train
train_003567,record_003567.npz,IBRH13,2004/8/19 20:40,2004/8/19 20:40,5,train
train_003568,record_003568.npz,IBRH13,2004/10/23 17:56,2004/10/23 17:56,6.8,train
train_003569,record_003569.npz,IBRH13,2004/10/23 18:34,2004/10/23 18:34,6.5,train
train_003570,record_003570.npz,IBRH13,2004/10/27 10:40,2004/10/27 10:41,6.1,train
train_003571,record_003571.npz,IBRH13,2004/12/9 2:15,2004/12/9 2:15,4.2,train
train_003572,record_003572.npz,IBRH13,2005/1/1 5:14,2005/1/1 5:14,5,train
train_003573,record_003573.npz,IBRH13,2005/4/1 13:44,2005/4/1 13:44,4.1,train
train_003574,record_003574.npz,IBRH13,2005/4/3 17:41,2005/4/3 17:42,4.5,train
train_003575,record_003575.npz,IBRH13,2005/4/4 2:57,2005/4/4 2:57,5.3,train
train_003576,record_003576.npz,IBRH13,2005/4/11 7:22,2005/4/11 7:22,6.1,train
train_003577,record_003577.npz,IBRH13,2005/6/24 22:08,2005/6/24 22:08,4.5,train
train_003578,record_003578.npz,IBRH13,2005/7/23 16:35,2005/7/23 16:35,6,train
train_003579,record_003579.npz,IBRH13,2005/10/19 20:44,2005/10/19 20:44,6.3,train
train_003580,record_003580.npz,IBRH13,2005/10/22 22:12,2005/10/22 22:12,5.6,train
train_003581,record_003581.npz,IBRH13,2005/12/28 18:46,2005/12/28 18:46,4.8,train
train_003582,record_003582.npz,IBRH13,2006/4/10 9:21,2006/4/10 9:21,4.7,train
train_003583,record_003583.npz,IBRH13,2007/10/17 22:33,2007/10/17 22:33,4.1,train
train_003584,record_003584.npz,IBRH13,2007/11/12 9:20,2007/11/12 9:20,4.1,train
train_003585,record_003585.npz,IBRH13,2007/11/26 22:51,2007/11/26 22:51,6,train
train_003586,record_003586.npz,IBRH14,2003/2/14 10:54,2003/2/14 10:54,4.7,train
train_003587,record_003587.npz,IBRH14,2003/2/16 12:03,2003/2/16 12:04,5,train
train_003588,record_003588.npz,IBRH14,2003/4/21 10:18,2003/4/21 10:18,4.6,train
train_003589,record_003589.npz,IBRH14,2003/5/11 16:28,2003/5/11 16:29,4.5,train
train_003590,record_003590.npz,IBRH14,2003/6/9 18:59,2003/6/9 18:59,4.6,train
train_003591,record_003591.npz,IBRH14,2003/6/16 18:34,2003/6/16 18:34,5,train
train_003592,record_003592.npz,IBRH14,2003/7/26 7:13,2003/7/26 7:14,6.2,train
train_003593,record_003593.npz,IBRH14,2003/8/4 20:57,2003/8/4 20:57,4.9,train
train_003594,record_003594.npz,IBRH14,2003/11/15 3:44,2003/11/15 3:44,5.8,train
train_003595,record_003595.npz,IBRH14,2004/4/4 8:02,2004/4/4 8:02,5.8,train
train_003596,record_003596.npz,IBRH14,2004/5/8 9:10,2004/5/8 9:10,4.1,train
train_003597,record_003597.npz,IBRH14,2004/10/6 23:40,2004/10/6 23:40,5.7,train
train_003598,record_003598.npz,IBRH14,2004/10/23 17:56,2004/10/23 17:56,6.8,train
train_003599,record_003599.npz,IBRH14,2005/1/1 5:14,2005/1/1 5:14,5,train
train_003600,record_003600.npz,IBRH14,2005/4/1 13:44,2005/4/1 13:44,4.1,train
train_003601,record_003601.npz,IBRH14,2005/4/4 2:57,2005/4/4 2:57,5.3,train
train_003602,record_003602.npz,IBRH14,2005/4/11 7:22,2005/4/11 7:22,6.1,train
train_003603,record_003603.npz,IBRH14,2005/7/23 16:35,2005/7/23 16:35,6,train
train_003604,record_003604.npz,IBRH14,2005/10/19 20:44,2005/10/19 20:44,6.3,train
train_003605,record_003605.npz,IBRH14,2005/10/22 22:12,2005/10/22 22:13,5.6,train
train_003606,record_003606.npz,IBRH14,2005/12/28 18:46,2005/12/28 18:46,4.8,train
train_003607,record_003607.npz,IBRH14,2007/10/17 22:33,2007/10/17 22:33,4.1,train
train_003608,record_003608.npz,IBRH14,2007/11/11 19:49,2007/11/11 19:49,4.3,train
train_003609,record_003609.npz,IBRH14,2007/11/12 9:20,2007/11/12 9:20,4.1,train
train_003610,record_003610.npz,IBRH14,2007/11/26 22:51,2007/11/26 22:51,6,train
train_003611,record_003611.npz,IBRH14,2007/11/30 18:37,2007/11/30 18:37,4.7,train
train_003612,record_003612.npz,IBRH14,2008/1/16 2:55,2008/1/16 2:55,4.7,train
train_003613,record_003613.npz,IBRH14,2008/2/2 13:07,2008/2/2 13:07,4.3,train
train_003614,record_003614.npz,IBRH14,2008/2/9 7:07,2008/2/9 7:07,4.9,train
train_003615,record_003615.npz,IBRH15,2003/2/14 10:54,2003/2/14 10:54,4.7,train
train_003616,record_003616.npz,IBRH15,2003/2/16 12:03,2003/2/16 12:04,5,train
train_003617,record_003617.npz,IBRH15,2003/3/13 12:13,2003/3/13 12:13,4.8,train
train_003618,record_003618.npz,IBRH15,2003/4/21 10:18,2003/4/21 10:18,4.6,train
train_003619,record_003619.npz,IBRH15,2003/5/6 23:48,2003/5/6 23:49,4.3,train
train_003620,record_003620.npz,IBRH15,2003/6/9 18:59,2003/6/9 18:59,4.6,train
train_003621,record_003621.npz,IBRH15,2003/8/4 20:57,2003/8/4 20:57,4.9,train
train_003622,record_003622.npz,IBRH15,2003/8/18 18:59,2003/8/18 18:59,4.6,train
train_003623,record_003623.npz,IBRH15,2003/11/15 3:44,2003/11/15 3:44,5.8,train
train_003624,record_003624.npz,IBRH15,2004/3/11 11:35,2004/3/11 11:35,5.3,train
train_003625,record_003625.npz,IBRH15,2004/4/4 8:02,2004/4/4 8:02,5.8,train
train_003626,record_003626.npz,IBRH15,2004/5/8 9:10,2004/5/8 9:10,4.1,train
train_003627,record_003627.npz,IBRH15,2004/5/29 12:47,2004/5/29 12:47,5.9,train
train_003628,record_003628.npz,IBRH15,2004/6/3 18:44,2004/6/3 18:44,4.1,train
train_003629,record_003629.npz,IBRH15,2004/7/10 20:07,2004/7/10 20:07,4.7,train
train_003630,record_003630.npz,IBRH15,2004/7/20 11:46,2004/7/20 11:46,4.1,train
train_003631,record_003631.npz,IBRH15,2004/8/6 3:23,2004/8/6 3:23,4.6,train
train_003632,record_003632.npz,IBRH15,2004/8/19 20:40,2004/8/19 20:41,5,train
train_003633,record_003633.npz,IBRH15,2004/9/1 11:49,2004/9/1 11:49,5.6,train
train_003634,record_003634.npz,IBRH15,2004/10/6 23:40,2004/10/6 23:40,5.7,train
train_003635,record_003635.npz,IBRH15,2004/10/23 17:56,2004/10/23 17:56,6.8,train
train_003636,record_003636.npz,IBRH15,2004/10/23 18:34,2004/10/23 18:34,6.5,train
train_003637,record_003637.npz,IBRH15,2005/1/1 5:14,2005/1/1 5:14,5,train
train_003638,record_003638.npz,IBRH15,2005/2/8 11:29,2005/2/8 11:29,4.8,train
train_003639,record_003639.npz,IBRH15,2005/2/16 4:46,2005/2/16 4:46,5.4,train
train_003640,record_003640.npz,IBRH15,2005/2/23 21:59,2005/2/23 21:59,4.4,train
train_003641,record_003641.npz,IBRH15,2005/4/4 2:57,2005/4/4 2:57,5.3,train
train_003642,record_003642.npz,IBRH15,2005/4/11 7:22,2005/4/11 7:22,6.1,train
train_003643,record_003643.npz,IBRH15,2005/5/8 15:04,2005/5/8 15:04,4.5,train
train_003644,record_003644.npz,IBRH15,2005/5/14 0:14,2005/5/14 0:14,4.4,train
train_003645,record_003645.npz,IBRH16,2003/4/21 10:18,2003/4/21 10:18,4.6,train
train_003646,record_003646.npz,IBRH16,2003/6/9 18:59,2003/6/9 18:59,4.6,train
train_003647,record_003647.npz,IBRH16,2003/6/16 18:34,2003/6/16 18:34,5,train
train_003648,record_003648.npz,IBRH16,2003/8/4 20:57,2003/8/4 20:57,4.9,train
train_003649,record_003649.npz,IBRH16,2003/11/15 3:44,2003/11/15 3:44,5.8,train
train_003650,record_003650.npz,IBRH16,2004/1/23 18:01,2004/1/23 18:01,5.3,train
train_003651,record_003651.npz,IBRH16,2004/3/11 11:35,2004/3/11 11:35,5.3,train
train_003652,record_003652.npz,IBRH16,2004/4/4 8:02,2004/4/4 8:02,5.8,train
train_003653,record_003653.npz,IBRH16,2004/6/3 18:44,2004/6/3 18:44,4.1,train
train_003654,record_003654.npz,IBRH16,2004/10/6 23:40,2004/10/6 23:40,5.7,train
train_003655,record_003655.npz,IBRH16,2004/10/7 22:01,2004/10/7 22:01,4.4,train
train_003656,record_003656.npz,IBRH16,2004/12/9 2:15,2004/12/9 2:15,4.2,train
train_003657,record_003657.npz,IBRH16,2005/1/1 5:14,2005/1/1 5:14,5,train
train_003658,record_003658.npz,IBRH16,2005/2/16 4:46,2005/2/16 4:46,5.4,train
train_003659,record_003659.npz,IBRH16,2005/4/4 2:57,2005/4/4 2:57,5.3,train
train_003660,record_003660.npz,IBRH16,2005/5/8 15:04,2005/5/8 15:04,4.5,train
train_003661,record_003661.npz,IBRH16,2005/5/14 0:14,2005/5/14 0:14,4.4,train
train_003662,record_003662.npz,IBRH16,2005/5/15 15:55,2005/5/15 15:55,4.8,train
train_003663,record_003663.npz,IBRH16,2005/7/28 19:15,2005/7/28 19:15,5,train
train_003664,record_003664.npz,IBRH16,2005/10/16 16:05,2005/10/16 16:05,5.1,train
train_003665,record_003665.npz,IBRH16,2005/10/19 20:44,2005/10/19 20:44,6.3,train
train_003666,record_003666.npz,IBRH16,2005/10/22 22:12,2005/10/22 22:13,5.6,train
train_003667,record_003667.npz,IBRH16,2005/11/12 6:02,2005/11/12 6:02,4.6,train
train_003668,record_003668.npz,IBRH16,2005/12/28 18:46,2005/12/28 18:46,4.8,train
train_003669,record_003669.npz,IBRH16,2006/4/2 20:46,2006/4/2 20:47,4.3,train
train_003670,record_003670.npz,IBRH16,2006/4/20 12:40,2006/4/20 12:40,4.3,train
train_003671,record_003671.npz,IBRH16,2007/1/4 0:40,2007/1/4 0:40,4.2,train
train_003672,record_003672.npz,IBRH16,2007/6/2 14:43,2007/6/2 14:43,4.6,train
train_003673,record_003673.npz,IBRH16,2007/6/23 23:53,2007/6/23 23:53,4.2,train
train_003674,record_003674.npz,IBRH16,2007/11/30 18:37,2007/11/30 18:37,4.7,train
train_003675,record_003675.npz,IBRH17,2003/5/6 23:48,2003/5/6 23:48,4.3,train
train_003676,record_003676.npz,IBRH17,2003/5/11 16:28,2003/5/11 16:29,4.5,train
train_003677,record_003677.npz,IBRH17,2003/5/12 0:57,2003/5/12 0:57,5.2,train
train_003678,record_003678.npz,IBRH17,2003/5/12 0:59,2003/5/12 0:59,4.6,train
train_003679,record_003679.npz,IBRH17,2003/5/17 23:33,2003/5/17 23:33,5.1,train
train_003680,record_003680.npz,IBRH17,2003/6/9 18:59,2003/6/9 18:59,4.6,train
train_003681,record_003681.npz,IBRH17,2003/8/4 20:57,2003/8/4 20:57,4.9,train
train_003682,record_003682.npz,IBRH17,2003/9/20 12:55,2003/9/20 12:55,5.8,train
train_003683,record_003683.npz,IBRH17,2003/11/15 3:44,2003/11/15 3:44,5.8,train
train_003684,record_003684.npz,IBRH17,2004/3/11 11:35,2004/3/11 11:35,5.3,train
train_003685,record_003685.npz,IBRH17,2004/4/4 8:02,2004/4/4 8:02,5.8,train
train_003686,record_003686.npz,IBRH17,2004/7/20 11:46,2004/7/20 11:46,4.1,train
train_003687,record_003687.npz,IBRH17,2004/10/6 23:40,2004/10/6 23:40,5.7,train
train_003688,record_003688.npz,IBRH17,2004/10/23 17:56,2004/10/23 17:56,6.8,train
train_003689,record_003689.npz,IBRH17,2004/10/23 18:34,2004/10/23 18:34,6.5,train
train_003690,record_003690.npz,IBRH17,2005/1/1 5:14,2005/1/1 5:14,5,train
train_003691,record_003691.npz,IBRH17,2005/2/8 11:29,2005/2/8 11:29,4.8,train
train_003692,record_003692.npz,IBRH17,2005/2/16 4:46,2005/2/16 4:46,5.4,train
train_003693,record_003693.npz,IBRH17,2005/4/11 7:22,2005/4/11 7:22,6.1,train
train_003694,record_003694.npz,IBRH17,2005/5/14 0:14,2005/5/14 0:14,4.4,train
train_003695,record_003695.npz,IBRH17,2005/6/20 1:15,2005/6/20 1:15,5.6,train
train_003696,record_003696.npz,IBRH17,2005/7/23 16:35,2005/7/23 16:35,6,train
train_003697,record_003697.npz,IBRH17,2005/7/28 19:15,2005/7/28 19:15,5,train
train_003698,record_003698.npz,IBRH17,2005/10/16 16:05,2005/10/16 16:05,5.1,train
train_003699,record_003699.npz,IBRH17,2005/10/19 20:44,2005/10/19 20:44,6.3,train
train_003700,record_003700.npz,IBRH17,2005/11/12 6:02,2005/11/12 6:02,4.6,train
train_003701,record_003701.npz,IBRH17,2005/12/2 21:54,2005/12/2 21:54,4.2,train
train_003702,record_003702.npz,IBRH17,2005/12/28 18:46,2005/12/28 18:46,4.8,train
train_003703,record_003703.npz,IBRH17,2006/1/14 15:30,2006/1/14 15:30,4.3,train
train_003704,record_003704.npz,IBRH17,2006/4/20 12:40,2006/4/20 12:40,4.3,train
train_003705,record_003705.npz,IBRH18,2003/6/9 18:59,2003/6/9 18:59,4.6,train
train_003706,record_003706.npz,IBRH18,2003/8/4 20:57,2003/8/4 20:57,4.9,train
train_003707,record_003707.npz,IBRH18,2003/8/21 0:08,2003/8/21 0:08,4.1,train
train_003708,record_003708.npz,IBRH18,2003/11/8 10:22,2003/11/8 10:22,4.1,train
train_003709,record_003709.npz,IBRH18,2003/11/15 3:44,2003/11/15 3:44,5.8,train
train_003710,record_003710.npz,IBRH18,2004/3/11 11:35,2004/3/11 11:35,5.3,train
train_003711,record_003711.npz,IBRH18,2004/4/4 8:02,2004/4/4 8:02,5.8,train
train_003712,record_003712.npz,IBRH18,2004/7/10 20:07,2004/7/10 20:07,4.7,train
train_003713,record_003713.npz,IBRH18,2004/7/20 11:46,2004/7/20 11:46,4.1,train
train_003714,record_003714.npz,IBRH18,2004/10/6 23:40,2004/10/6 23:40,5.7,train
train_003715,record_003715.npz,IBRH18,2004/10/7 22:01,2004/10/7 22:01,4.4,train
train_003716,record_003716.npz,IBRH18,2004/10/23 17:56,2004/10/23 17:56,6.8,train
train_003717,record_003717.npz,IBRH18,2005/1/1 5:14,2005/1/1 5:14,5,train
train_003718,record_003718.npz,IBRH18,2005/2/16 4:46,2005/2/16 4:46,5.4,train
train_003719,record_003719.npz,IBRH18,2005/4/4 2:57,2005/4/4 2:57,5.3,train
train_003720,record_003720.npz,IBRH18,2005/4/11 7:22,2005/4/11 7:22,6.1,train
train_003721,record_003721.npz,IBRH18,2005/5/8 15:04,2005/5/8 15:05,4.5,train
train_003722,record_003722.npz,IBRH18,2005/5/14 0:14,2005/5/14 0:14,4.4,train
train_003723,record_003723.npz,IBRH18,2005/5/19 10:14,2005/5/19 10:14,5.4,train
train_003724,record_003724.npz,IBRH18,2005/6/20 1:15,2005/6/20 1:15,5.6,train
train_003725,record_003725.npz,IBRH18,2005/6/24 22:08,2005/6/24 22:08,4.5,train
train_003726,record_003726.npz,IBRH18,2005/6/27 4:16,2005/6/27 4:16,4.2,train
train_003727,record_003727.npz,IBRH18,2005/6/27 5:02,2005/6/27 5:02,4.1,train
train_003728,record_003728.npz,IBRH18,2005/7/11 7:27,2005/7/11 7:27,4.7,train
train_003729,record_003729.npz,IBRH18,2005/7/23 16:35,2005/7/23 16:35,6,train
train_003730,record_003730.npz,IBRH18,2005/7/28 19:15,2005/7/28 19:15,5,train
train_003731,record_003731.npz,IBRH18,2005/8/4 15:37,2005/8/4 15:38,4.4,train
train_003732,record_003732.npz,IBRH18,2005/8/8 0:06,2005/8/8 0:06,5.6,train
train_003733,record_003733.npz,IBRH18,2005/8/8 8:44,2005/8/8 8:44,4.1,train
train_003734,record_003734.npz,IBRH19,2004/6/3 18:44,2004/6/3 18:44,4.1,train
train_003735,record_003735.npz,IBRH19,2004/7/10 20:07,2004/7/10 20:07,4.7,train
train_003736,record_003736.npz,IBRH19,2004/11/4 8:57,2004/11/4 8:58,5.2,train
train_003737,record_003737.npz,IBRH19,2004/11/8 11:16,2004/11/8 11:16,5.9,train
train_003738,record_003738.npz,IBRH19,2004/11/8 11:32,2004/11/8 11:32,5.1,train
train_003739,record_003739.npz,IBRH19,2004/11/9 4:16,2004/11/9 4:16,5,train
train_003740,record_003740.npz,IBRH19,2005/1/1 5:14,2005/1/1 5:14,5,train
train_003741,record_003741.npz,IBRH19,2005/2/8 11:29,2005/2/8 11:29,4.8,train
train_003742,record_003742.npz,IBRH19,2005/2/16 4:46,2005/2/16 4:46,5.4,train
train_003743,record_003743.npz,IBRH19,2005/2/23 21:59,2005/2/23 21:59,4.4,train
train_003744,record_003744.npz,IBRH19,2005/4/11 7:22,2005/4/11 7:22,6.1,train
train_003745,record_003745.npz,IBRH19,2005/5/8 15:04,2005/5/8 15:04,4.5,train
train_003746,record_003746.npz,IBRH19,2005/5/14 0:14,2005/5/14 0:14,4.4,train
train_003747,record_003747.npz,IBRH19,2005/5/15 15:55,2005/5/15 15:55,4.8,train
train_003748,record_003748.npz,IBRH19,2005/6/20 1:15,2005/6/20 1:15,5.6,train
train_003749,record_003749.npz,IBRH19,2005/7/23 16:35,2005/7/23 16:35,6,train
train_003750,record_003750.npz,IBRH19,2005/7/28 19:15,2005/7/28 19:15,5,train
train_003751,record_003751.npz,IBRH19,2005/8/17 9:30,2005/8/17 9:30,4.1,train
train_003752,record_003752.npz,IBRH19,2005/9/7 13:23,2005/9/7 13:23,4.1,train
train_003753,record_003753.npz,IBRH19,2005/9/11 5:06,2005/9/11 5:07,4.5,train
train_003754,record_003754.npz,IBRH19,2005/9/20 20:39,2005/9/20 20:40,4.3,train
train_003755,record_003755.npz,IBRH19,2005/10/16 16:05,2005/10/16 16:05,5.1,train
train_003756,record_003756.npz,IBRH19,2005/10/19 20:44,2005/10/19 20:44,6.3,train
train_003757,record_003757.npz,IBRH19,2005/10/22 22:12,2005/10/22 22:13,5.6,train
train_003758,record_003758.npz,IBRH19,2005/10/31 2:32,2005/10/31 2:32,4.2,train
train_003759,record_003759.npz,IBRH19,2005/11/12 6:02,2005/11/12 6:02,4.6,train
train_003760,record_003760.npz,IBRH19,2005/11/16 6:17,2005/11/16 6:18,4.8,train
train_003761,record_003761.npz,IBRH19,2005/11/17 10:53,2005/11/17 10:53,4.7,train
train_003762,record_003762.npz,IBRH19,2005/11/26 2:12,2005/11/26 2:13,4.1,train
train_003763,record_003763.npz,IBRH20,2006/9/7 3:06,2006/9/7 3:06,5.1,train
train_003764,record_003764.npz,IBRH20,2006/9/7 10:57,2006/9/7 10:57,4.6,train
train_003765,record_003765.npz,IBRH20,2006/10/14 6:38,2006/10/14 6:38,5.1,train
train_003766,record_003766.npz,IBRH20,2006/10/18 7:53,2006/10/18 7:53,4.2,train
train_003767,record_003767.npz,IBRH20,2006/12/4 6:08,2006/12/4 6:08,4.5,train
train_003768,record_003768.npz,IBRH20,2006/12/9 12:29,2006/12/9 12:29,4.2,train
train_003769,record_003769.npz,IBRH20,2006/12/31 8:30,2006/12/31 8:30,4.9,train
train_003770,record_003770.npz,IBRH20,2007/1/10 19:19,2007/1/10 19:19,4.3,train
train_003771,record_003771.npz,IBRH20,2007/2/4 20:59,2007/2/4 20:59,4.3,train
train_003772,record_003772.npz,IBRH20,2007/3/14 22:40,2007/3/14 22:39,4.7,train
train_003773,record_003773.npz,IBRH20,2007/3/22 10:29,2007/3/22 10:29,4.2,train
train_003774,record_003774.npz,IBRH20,2007/4/14 5:42,2007/4/14 5:42,4.6,train
train_003775,record_003775.npz,IBRH20,2007/5/8 21:01,2007/5/8 21:01,4.5,train
train_003776,record_003776.npz,IBRH20,2007/6/1 7:29,2007/6/1 7:29,4.5,train
train_003777,record_003777.npz,IBRH20,2007/6/2 14:43,2007/6/2 14:43,4.6,train
train_003778,record_003778.npz,IBRH20,2007/6/4 13:34,2007/6/4 13:34,4.4,train
train_003779,record_003779.npz,IBRH20,2007/6/23 23:53,2007/6/23 23:53,4.2,train
train_003780,record_003780.npz,IBRH20,2007/8/16 4:15,2007/8/16 4:15,5.3,train
train_003781,record_003781.npz,IBRH20,2007/8/16 7:47,2007/8/16 7:47,4.4,train
train_003782,record_003782.npz,IBRH20,2007/8/16 8:20,2007/8/16 8:20,4.9,train
train_003783,record_003783.npz,IBRH20,2007/8/16 8:32,2007/8/16 8:32,4.4,train
train_003784,record_003784.npz,IBRH20,2007/8/16 9:22,2007/8/16 9:22,4.7,train
train_003785,record_003785.npz,IBRH20,2007/8/17 0:22,2007/8/17 0:22,4.4,train
train_003786,record_003786.npz,IBRH20,2007/8/18 4:14,2007/8/18 4:14,4.8,train
train_003787,record_003787.npz,IBRH20,2007/8/18 16:55,2007/8/18 16:55,5.2,train
train_003788,record_003788.npz,IBRH20,2007/8/18 17:07,2007/8/18 17:07,4.3,train
train_003789,record_003789.npz,IBRH20,2007/9/21 7:54,2007/9/21 7:54,5.1,train
train_003790,record_003790.npz,IBRH20,2007/11/26 22:51,2007/11/26 22:52,6,train
train_003791,record_003791.npz,IBUH01,2002/8/29 18:04,2002/8/29 18:04,4.6,train
train_003792,record_003792.npz,IBUH01,2002/10/19 5:26,2002/10/19 5:27,4.3,train
train_003793,record_003793.npz,IBUH01,2003/1/7 3:27,2003/1/7 3:27,4.6,train
train_003794,record_003794.npz,IBUH01,2003/2/3 4:25,2003/2/3 4:25,4.3,train
train_003795,record_003795.npz,IBUH01,2003/2/24 2:00,2003/2/24 2:00,4.6,train
train_003796,record_003796.npz,IBUH01,2003/11/24 21:18,2003/11/24 21:18,5.3,train
train_003797,record_003797.npz,IBUH01,2004/6/11 3:12,2004/6/11 3:12,5.2,train
train_003798,record_003798.npz,IBUH01,2004/7/4 21:31,2004/7/4 21:31,4.9,train
train_003799,record_003799.npz,IBUH01,2007/4/19 0:07,2007/4/19 0:07,5.6,train
train_003800,record_003800.npz,IBUH01,2007/11/27 19:22,2007/11/27 19:22,4.3,train
train_003801,record_003801.npz,IBUH01,2007/12/28 10:51,2007/12/28 10:52,4.3,train
train_003802,record_003802.npz,IBUH01,2008/1/2 1:20,2008/1/2 1:20,4.2,train
train_003803,record_003803.npz,IBUH01,2008/1/23 4:34,2008/1/23 4:35,4.9,train
train_003804,record_003804.npz,IBUH01,2008/3/3 17:06,2008/3/3 17:06,4.3,train
train_003805,record_003805.npz,IBUH01,2008/4/29 14:26,2008/4/29 14:26,5.7,train
train_003806,record_003806.npz,IBUH01,2008/5/14 3:00,2008/5/14 3:00,4.2,train
train_003807,record_003807.npz,IBUH01,2008/6/26 8:37,2008/6/26 8:37,5.4,train
train_003808,record_003808.npz,IBUH01,2008/8/9 9:54,2008/8/9 9:54,4.5,train
train_003809,record_003809.npz,IBUH01,2008/9/1 14:41,2008/9/1 14:41,4.5,train
train_003810,record_003810.npz,IBUH01,2008/9/2 17:17,2008/9/2 17:17,4.2,train
train_003811,record_003811.npz,IBUH01,2008/10/16 20:49,2008/10/16 20:49,4.2,train
train_003812,record_003812.npz,IBUH01,2008/11/15 4:14,2008/11/15 4:15,4.1,train
train_003813,record_003813.npz,IBUH01,2009/1/11 14:57,2009/1/11 14:57,4.7,train
train_003814,record_003814.npz,IBUH01,2009/1/11 21:53,2009/1/11 21:53,4.5,train
train_003815,record_003815.npz,IBUH01,2009/2/28 9:36,2009/2/28 9:36,5.3,train
train_003816,record_003816.npz,IBUH02,2002/7/28 20:31,2002/7/28 20:31,4.8,train
train_003817,record_003817.npz,IBUH02,2002/10/14 23:13,2002/10/14 23:13,5.9,train
train_003818,record_003818.npz,IBUH02,2003/9/26 6:08,2003/9/26 6:08,7.1,train
train_003819,record_003819.npz,IBUH02,2004/6/11 3:12,2004/6/11 3:12,5.2,train
train_003820,record_003820.npz,IBUH02,2007/2/17 9:03,2007/2/17 9:03,6.2,train
train_003821,record_003821.npz,IBUH02,2007/4/19 0:07,2007/4/19 0:07,5.6,train
train_003822,record_003822.npz,IBUH02,2007/6/23 7:20,2007/6/23 7:20,4.9,train
train_003823,record_003823.npz,IBUH02,2008/1/2 1:20,2008/1/2 1:20,4.2,train
train_003824,record_003824.npz,IBUH02,2008/1/23 4:34,2008/1/23 4:35,4.9,train
train_003825,record_003825.npz,IBUH02,2008/3/3 17:06,2008/3/3 17:07,4.3,train
train_003826,record_003826.npz,IBUH02,2008/5/10 9:01,2008/5/10 9:01,4.8,train
train_003827,record_003827.npz,IBUH02,2008/6/26 8:37,2008/6/26 8:37,5.4,train
train_003828,record_003828.npz,IBUH02,2008/8/9 9:54,2008/8/9 9:54,4.5,train
train_003829,record_003829.npz,IBUH02,2008/9/1 14:41,2008/9/1 14:41,4.5,train
train_003830,record_003830.npz,IBUH02,2008/10/16 20:49,2008/10/16 20:49,4.2,train
train_003831,record_003831.npz,IBUH02,2008/11/15 4:14,2008/11/15 4:15,4.1,train
train_003832,record_003832.npz,IBUH02,2009/1/11 14:57,2009/1/11 14:57,4.7,train
train_003833,record_003833.npz,IBUH02,2009/1/11 21:53,2009/1/11 21:53,4.5,train
train_003834,record_003834.npz,IBUH02,2009/2/28 9:36,2009/2/28 9:36,5.3,train
train_003835,record_003835.npz,IBUH02,2009/3/7 23:33,2009/3/7 23:33,5.4,train
train_003836,record_003836.npz,IBUH02,2009/3/10 10:41,2009/3/10 10:41,4.1,train
train_003837,record_003837.npz,IBUH02,2009/4/5 17:00,2009/4/5 17:00,4.8,train
train_003838,record_003838.npz,IBUH02,2009/5/10 11:30,2009/5/10 11:30,4.2,train
train_003839,record_003839.npz,IBUH03,2001/8/14 5:11,2001/8/14 5:11,6.2,train
train_003840,record_003840.npz,IBUH03,2002/2/14 10:12,2002/2/14 10:12,5,train
train_003841,record_003841.npz,IBUH03,2002/4/4 8:42,2002/4/4 8:42,5.3,train
train_003842,record_003842.npz,IBUH03,2002/4/21 6:30,2002/4/21 6:31,4.7,train
train_003843,record_003843.npz,IBUH03,2002/6/17 15:31,2002/6/17 15:32,4.3,train
train_003844,record_003844.npz,IBUH03,2002/7/10 23:48,2002/7/10 23:49,4.8,train
train_003845,record_003845.npz,IBUH03,2002/7/28 20:31,2002/7/28 20:31,4.8,train
train_003846,record_003846.npz,IBUH03,2002/8/29 18:04,2002/8/29 18:04,4.6,train
train_003847,record_003847.npz,IBUH03,2002/9/26 19:12,2002/9/26 19:13,4.2,train
train_003848,record_003848.npz,IBUH03,2002/10/14 23:13,2002/10/14 23:13,5.9,train
train_003849,record_003849.npz,IBUH03,2002/10/19 5:26,2002/10/19 5:27,4.3,train
train_003850,record_003850.npz,IBUH03,2003/1/7 3:27,2003/1/7 3:27,4.6,train
train_003851,record_003851.npz,IBUH03,2003/1/13 13:38,2003/1/13 13:39,4.3,train
train_003852,record_003852.npz,IBUH03,2003/1/15 18:02,2003/1/15 18:02,4.5,train
train_003853,record_003853.npz,IBUH03,2003/2/3 4:25,2003/2/3 4:25,4.3,train
train_003854,record_003854.npz,IBUH03,2003/2/24 2:00,2003/2/24 2:00,4.6,train
train_003855,record_003855.npz,IBUH03,2003/9/26 6:08,2003/9/26 6:08,7.1,train
train_003856,record_003856.npz,IBUH03,2003/11/24 21:18,2003/11/24 21:18,5.3,train
train_003857,record_003857.npz,IBUH03,2004/7/4 21:31,2004/7/4 21:31,4.9,train
train_003858,record_003858.npz,IBUH03,2007/2/17 9:03,2007/2/17 9:03,6.2,train
train_003859,record_003859.npz,IBUH03,2007/4/19 0:07,2007/4/19 0:07,5.6,train
train_003860,record_003860.npz,IBUH04,2005/12/13 6:01,2005/12/13 6:01,5.5,train
train_003861,record_003861.npz,IBUH04,2007/11/27 19:22,2007/11/27 19:22,4.3,train
train_003862,record_003862.npz,IBUH04,2008/1/13 2:11,2008/1/13 2:11,4.1,train
train_003863,record_003863.npz,IBUH04,2008/4/29 14:26,2008/4/29 14:26,5.7,train
train_003864,record_003864.npz,IBUH04,2008/5/10 9:01,2008/5/10 9:01,4.8,train
train_003865,record_003865.npz,IBUH04,2008/6/26 8:37,2008/6/26 8:37,5.4,train
train_003866,record_003866.npz,IBUH04,2008/8/9 9:54,2008/8/9 9:55,4.5,train
train_003867,record_003867.npz,IBUH04,2008/9/1 14:41,2008/9/1 14:41,4.5,train
train_003868,record_003868.npz,IBUH04,2008/9/22 16:32,2008/9/22 16:32,5.6,train
train_003869,record_003869.npz,IBUH06,2001/4/29 10:40,2001/4/29 10:40,4.3,train
train_003870,record_003870.npz,IBUH06,2001/5/8 6:27,2001/5/8 6:28,4.6,train
train_003871,record_003871.npz,IBUH06,2001/6/21 13:24,2001/6/21 13:25,4.1,train
train_003872,record_003872.npz,IBUH06,2001/6/21 21:54,2001/6/21 21:55,4.4,train
train_003873,record_003873.npz,IBUH06,2001/8/24 18:48,2001/8/24 18:48,5.2,train
train_003874,record_003874.npz,IBUH06,2001/9/29 2:07,2001/9/29 2:07,4.2,train
train_003875,record_003875.npz,IBUH06,2001/10/12 0:09,2001/10/12 0:09,4.4,train
train_003876,record_003876.npz,IBUH06,2001/11/21 19:25,2001/11/21 19:26,4.5,train
train_003877,record_003877.npz,IBUH06,2002/1/23 12:09,2002/1/23 12:09,4.4,train
train_003878,record_003878.npz,IBUH06,2002/2/14 10:12,2002/2/14 10:12,5,train
train_003879,record_003879.npz,IBUH06,2002/4/4 8:42,2002/4/4 8:42,5.3,train
train_003880,record_003880.npz,IBUH06,2002/4/21 6:30,2002/4/21 6:30,4.7,train
train_003881,record_003881.npz,IBUH06,2002/5/30 14:08,2002/5/30 14:08,4.6,train
train_003882,record_003882.npz,IBUH06,2002/7/10 23:48,2002/7/10 23:49,4.8,train
train_003883,record_003883.npz,IBUH06,2002/7/28 20:31,2002/7/28 20:32,4.8,train
train_003884,record_003884.npz,IBUH06,2002/8/29 18:04,2002/8/29 18:04,4.6,train
train_003885,record_003885.npz,IBUH06,2002/9/26 19:12,2002/9/26 19:13,4.2,train
train_003886,record_003886.npz,IBUH06,2002/10/14 23:13,2002/10/14 23:13,5.9,train
train_003887,record_003887.npz,IBUH06,2002/10/19 5:26,2002/10/19 5:27,4.3,train
train_003888,record_003888.npz,IBUH06,2002/10/31 12:15,2002/10/31 12:16,4.1,train
train_003889,record_003889.npz,IBUH06,2003/1/6 13:43,2003/1/6 13:43,4.9,train
train_003890,record_003890.npz,IBUH06,2003/1/7 3:27,2003/1/7 3:28,4.6,train
train_003891,record_003891.npz,IBUH06,2003/1/13 13:38,2003/1/13 13:39,4.3,train
train_003892,record_003892.npz,IBUH06,2003/1/28 20:09,2003/1/28 20:10,4.5,train
train_003893,record_003893.npz,IBUH06,2003/2/3 4:25,2003/2/3 4:25,4.3,train
train_003894,record_003894.npz,IBUH06,2003/2/24 2:00,2003/2/24 2:00,4.6,train
train_003895,record_003895.npz,IBUH06,2007/4/19 0:07,2007/4/19 0:07,5.6,train
train_003896,record_003896.npz,IBUH07,2001/4/29 10:40,2001/4/29 10:40,4.3,train
train_003897,record_003897.npz,IBUH07,2001/5/8 6:27,2001/5/8 6:28,4.6,train
train_003898,record_003898.npz,IBUH07,2001/8/16 5:32,2001/8/16 5:33,4.5,train
train_003899,record_003899.npz,IBUH07,2001/11/21 19:25,2001/11/21 19:26,4.5,train
train_003900,record_003900.npz,IBUH07,2002/2/14 10:12,2002/2/14 10:12,5,train
train_003901,record_003901.npz,IBUH07,2002/4/4 8:42,2002/4/4 8:42,5.3,train
train_003902,record_003902.npz,IBUH07,2002/7/28 20:31,2002/7/28 20:32,4.8,train
train_003903,record_003903.npz,IBUH07,2003/11/24 21:18,2003/11/24 21:18,5.3,train
train_003904,record_003904.npz,IBUH07,2004/6/11 3:12,2004/6/11 3:12,5.2,train
train_003905,record_003905.npz,IBUH07,2004/11/27 7:42,2004/11/27 7:43,5.6,train
train_003906,record_003906.npz,IBUH07,2007/11/27 19:22,2007/11/27 19:22,4.3,train
train_003907,record_003907.npz,IBUH07,2007/12/28 10:51,2007/12/28 10:52,4.3,train
train_003908,record_003908.npz,IBUH07,2008/1/2 1:20,2008/1/2 1:20,4.2,train
train_003909,record_003909.npz,IBUH07,2008/1/13 2:11,2008/1/13 2:11,4.1,train
train_003910,record_003910.npz,IBUH07,2008/1/23 4:34,2008/1/23 4:35,4.9,train
train_003911,record_003911.npz,IBUH07,2008/4/29 14:26,2008/4/29 14:26,5.7,train
train_003912,record_003912.npz,IBUH07,2008/5/10 9:01,2008/5/10 9:01,4.8,train
train_003913,record_003913.npz,IBUH07,2008/6/26 8:37,2008/6/26 8:37,5.4,train
train_003914,record_003914.npz,IBUH07,2008/8/9 9:54,2008/8/9 9:54,4.5,train
train_003915,record_003915.npz,IBUH07,2008/9/1 14:41,2008/9/1 14:41,4.5,train
train_003916,record_003916.npz,IBUH07,2008/9/2 17:17,2008/9/2 17:17,4.2,train
train_003917,record_003917.npz,IBUH07,2008/10/16 20:49,2008/10/16 20:50,4.2,train
train_003918,record_003918.npz,IBUH07,2009/2/28 9:36,2009/2/28 9:36,5.3,train
train_003919,record_003919.npz,IKRH02,2002/6/17 15:31,2002/6/17 15:32,4.3,train
train_003920,record_003920.npz,IKRH02,2002/7/10 23:48,2002/7/10 23:49,4.8,train
train_003921,record_003921.npz,IKRH02,2002/7/28 20:31,2002/7/28 20:31,4.8,train
train_003922,record_003922.npz,IKRH02,2002/8/29 18:04,2002/8/29 18:04,4.6,train
train_003923,record_003923.npz,IKRH02,2004/6/11 3:12,2004/6/11 3:12,5.2,train
train_003924,record_003924.npz,IKRH02,2004/7/4 21:31,2004/7/4 21:31,4.9,train
train_003925,record_003925.npz,IKRH02,2007/11/27 19:22,2007/11/27 19:22,4.3,train
train_003926,record_003926.npz,IKRH02,2008/1/23 4:34,2008/1/23 4:35,4.9,train
train_003927,record_003927.npz,IKRH02,2008/6/26 8:37,2008/6/26 8:37,5.4,train
train_003928,record_003928.npz,IKRH02,2008/8/9 9:54,2008/8/9 9:55,4.5,train
train_003929,record_003929.npz,IKRH02,2008/9/1 14:41,2008/9/1 14:41,4.5,train
train_003930,record_003930.npz,IKRH02,2008/10/16 20:49,2008/10/16 20:49,4.2,train
train_003931,record_003931.npz,IKRH02,2009/1/11 21:53,2009/1/11 21:53,4.5,train
train_003932,record_003932.npz,IKRH02,2009/2/28 9:36,2009/2/28 9:36,5.3,train
train_003933,record_003933.npz,IKRH02,2009/4/5 17:00,2009/4/5 17:00,4.8,train
train_003934,record_003934.npz,IKRH02,2009/5/10 11:30,2009/5/10 11:30,4.2,train
train_003935,record_003935.npz,IKRH02,2009/5/26 19:31,2009/5/26 19:31,4.7,train
train_003936,record_003936.npz,IKRH02,2009/7/11 0:01,2009/7/11 0:01,4.7,train
train_003937,record_003937.npz,IKRH02,2009/9/8 1:24,2009/9/8 1:24,4.8,train
train_003938,record_003938.npz,IKRH02,2009/10/5 9:35,2009/10/5 9:35,4.7,train
train_003939,record_003939.npz,IKRH02,2009/10/10 17:43,2009/10/10 17:43,5.1,train
train_003940,record_003940.npz,IKRH02,2009/11/10 3:01,2009/11/10 3:02,4.4,train
train_003941,record_003941.npz,IKRH02,2009/12/30 4:23,2009/12/30 4:23,4.8,train
train_003942,record_003942.npz,IKRH02,2010/1/7 5:39,2010/1/7 5:40,4.1,train
train_003943,record_003943.npz,IKRH03,2003/11/24 21:18,2003/11/24 21:18,5.3,train
train_003944,record_003944.npz,IKRH03,2004/7/4 21:31,2004/7/4 21:31,4.9,train
train_003945,record_003945.npz,IKRH03,2007/4/19 0:07,2007/4/19 0:07,5.6,train
train_003946,record_003946.npz,IKRH03,2007/11/27 19:22,2007/11/27 19:22,4.3,train
train_003947,record_003947.npz,IKRH03,2008/1/23 4:34,2008/1/23 4:35,4.9,train
train_003948,record_003948.npz,IKRH03,2008/4/29 14:26,2008/4/29 14:26,5.7,train
train_003949,record_003949.npz,IKRH03,2008/5/10 9:01,2008/5/10 9:01,4.8,train
train_003950,record_003950.npz,IKRH03,2008/6/26 8:37,2008/6/26 8:37,5.4,train
train_003951,record_003951.npz,IKRH03,2008/8/9 9:54,2008/8/9 9:54,4.5,train
train_003952,record_003952.npz,IKRH03,2008/9/1 14:41,2008/9/1 14:41,4.5,train
train_003953,record_003953.npz,IKRH03,2009/1/11 14:57,2009/1/11 14:57,4.7,train
train_003954,record_003954.npz,IKRH03,2009/1/11 21:53,2009/1/11 21:53,4.5,train
train_003955,record_003955.npz,IKRH03,2009/2/28 9:36,2009/2/28 9:36,5.3,train
train_003956,record_003956.npz,IKRH03,2009/4/5 17:00,2009/4/5 17:00,4.8,train
train_003957,record_003957.npz,IKRH03,2009/5/10 11:30,2009/5/10 11:30,4.2,train
train_003958,record_003958.npz,IKRH03,2009/5/26 19:31,2009/5/26 19:31,4.7,train
train_003959,record_003959.npz,IKRH03,2009/7/11 0:01,2009/7/11 0:01,4.7,train
train_003960,record_003960.npz,IKRH03,2009/8/25 2:22,2009/8/25 2:23,4.5,train
train_003961,record_003961.npz,IKRH03,2009/9/8 1:24,2009/9/8 1:24,4.8,train
train_003962,record_003962.npz,IKRH03,2009/10/5 9:35,2009/10/5 9:35,4.7,train
train_003963,record_003963.npz,IKRH03,2009/10/10 17:43,2009/10/10 17:43,5.1,train
train_003964,record_003964.npz,IKRH03,2009/11/10 3:01,2009/11/10 3:02,4.4,train
train_003965,record_003965.npz,ISKH01,2000/2/29 19:15,2000/2/29 19:15,4.3,train
train_003966,record_003966.npz,ISKH01,2000/4/7 15:54,2000/4/7 15:54,4.1,train
train_003967,record_003967.npz,ISKH01,2000/6/7 6:16,2000/6/7 6:17,6.1,train
train_003968,record_003968.npz,ISKH01,2000/6/13 6:44,2000/6/13 6:45,4.3,train
train_003969,record_003969.npz,ISKH01,2000/6/22 20:36,2000/6/22 20:37,4.6,train
train_003970,record_003970.npz,ISKH01,2001/1/4 13:18,2001/1/4 13:18,5.1,train
train_003971,record_003971.npz,ISKH01,2001/6/13 2:52,2001/6/13 2:52,4.5,train
train_003972,record_003972.npz,ISKH01,2001/10/28 10:09,2001/10/28 10:09,4.1,train
train_003973,record_003973.npz,ISKH01,2002/11/17 13:48,2002/11/17 13:48,4.5,train
train_003974,record_003974.npz,ISKH01,2005/6/20 13:03,2005/6/20 13:03,5,train
train_003975,record_003975.npz,ISKH01,2007/3/25 9:42,2007/3/25 9:42,6.9,train
train_003976,record_003976.npz,ISKH01,2007/3/25 18:11,2007/3/25 18:11,5.3,train
train_003977,record_003977.npz,ISKH01,2007/3/28 8:08,2007/3/28 8:08,4.9,train
train_003978,record_003978.npz,ISKH01,2007/3/28 13:05,2007/3/28 13:05,4.7,train
train_003979,record_003979.npz,ISKH01,2007/7/16 10:13,2007/7/16 10:13,6.8,train
train_003980,record_003980.npz,ISKH01,2007/7/16 15:37,2007/7/16 15:38,5.8,train
train_003981,record_003981.npz,ISKH01,2010/5/1 18:20,2010/5/1 18:21,4.9,train
train_003982,record_003982.npz,ISKH01,2010/10/3 6:37,2010/10/3 6:38,4.5,train
train_003983,record_003983.npz,ISKH01,2010/10/3 6:52,2010/10/3 6:53,4.6,train
train_003984,record_003984.npz,ISKH01,2010/10/3 9:26,2010/10/3 9:27,4.7,train
train_003985,record_003985.npz,ISKH01,2011/2/27 2:19,2011/2/27 2:19,5,train
train_003986,record_003986.npz,ISKH01,2011/2/27 5:38,2011/2/27 5:38,5.5,train
train_003987,record_003987.npz,ISKH01,2011/3/12 3:59,2011/3/12 3:59,6.7,train
train_003988,record_003988.npz,ISKH01,2011/3/12 4:32,2011/3/12 4:32,5.9,train
train_003989,record_003989.npz,ISKH01,2011/3/12 5:42,2011/3/12 5:42,5.3,train
train_003990,record_003990.npz,ISKH02,2000/6/7 6:16,2000/6/7 6:17,6.1,train
train_003991,record_003991.npz,ISKH02,2003/9/30 12:23,2003/9/30 12:23,4.3,train
train_003992,record_003992.npz,ISKH02,2003/10/5 0:29,2003/10/5 0:30,4.5,train
train_003993,record_003993.npz,ISKH02,2003/10/12 15:19,2003/10/12 15:19,4.7,train
train_003994,record_003994.npz,ISKH02,2004/10/23 17:56,2004/10/23 17:56,6.8,train
train_003995,record_003995.npz,ISKH02,2004/10/23 18:03,2004/10/23 18:03,6.3,train
train_003996,record_003996.npz,ISKH02,2004/10/23 18:34,2004/10/23 18:34,6.5,train
train_003997,record_003997.npz,ISKH02,2007/3/25 9:42,2007/3/25 9:42,6.9,train
train_003998,record_003998.npz,ISKH02,2007/3/25 9:54,2007/3/25 9:54,4.5,train
train_003999,record_003999.npz,ISKH02,2007/3/28 8:08,2007/3/28 8:08,4.9,train
train_004000,record_004000.npz,ISKH02,2007/3/28 13:05,2007/3/28 13:05,4.7,train
train_004001,record_004001.npz,ISKH02,2007/6/11 3:45,2007/6/11 3:45,5,train
train_004002,record_004002.npz,ISKH02,2007/7/16 10:13,2007/7/16 10:13,6.8,train
train_004003,record_004003.npz,ISKH03,2000/6/7 6:16,2000/6/7 6:17,6.1,train
train_004004,record_004004.npz,ISKH03,2001/1/4 13:18,2001/1/4 13:18,5.1,train
train_004005,record_004005.npz,ISKH03,2004/10/23 18:03,2004/10/23 18:03,6.3,train
train_004006,record_004006.npz,ISKH03,2004/10/23 18:07,2004/10/23 18:08,5.7,train
train_004007,record_004007.npz,ISKH03,2004/10/23 18:12,2004/10/23 18:12,6,train
train_004008,record_004008.npz,ISKH03,2004/10/23 18:34,2004/10/23 18:34,6.5,train
train_004009,record_004009.npz,ISKH03,2004/10/23 18:36,2004/10/23 18:37,5.1,train
train_004010,record_004010.npz,ISKH03,2004/10/23 18:57,2004/10/23 18:58,5.3,train
train_004011,record_004011.npz,ISKH03,2004/10/23 19:36,2004/10/23 19:37,5.3,train
train_004012,record_004012.npz,ISKH03,2004/10/23 19:46,2004/10/23 19:46,5.7,train
train_004013,record_004013.npz,ISKH03,2004/10/23 23:34,2004/10/23 23:35,5.3,train
train_004014,record_004014.npz,ISKH03,2004/10/24 9:28,2004/10/24 9:28,4.8,train
train_004015,record_004015.npz,ISKH03,2004/10/25 6:05,2004/10/25 6:05,5.8,train
train_004016,record_004016.npz,ISKH03,2004/10/27 10:40,2004/10/27 10:41,6.1,train
train_004017,record_004017.npz,ISKH03,2004/11/4 8:57,2004/11/4 8:58,5.2,train
train_004018,record_004018.npz,ISKH03,2004/11/8 11:16,2004/11/8 11:16,5.9,train
train_004019,record_004019.npz,ISKH03,2005/2/26 21:53,2005/2/26 21:53,4.3,train
train_004020,record_004020.npz,ISKH03,2005/3/27 5:20,2005/3/27 5:21,4.1,train
train_004021,record_004021.npz,ISKH03,2006/12/26 5:17,2006/12/26 5:17,4.9,train
train_004022,record_004022.npz,ISKH03,2007/3/25 18:11,2007/3/25 18:11,5.3,train
train_004023,record_004023.npz,ISKH03,2007/3/26 7:16,2007/3/26 7:16,5.3,train
train_004024,record_004024.npz,ISKH03,2007/3/28 8:08,2007/3/28 8:08,4.9,train
train_004025,record_004025.npz,ISKH03,2007/7/16 10:13,2007/7/16 10:13,6.8,train
train_004026,record_004026.npz,ISKH03,2007/7/16 15:37,2007/7/16 15:38,5.8,train
train_004027,record_004027.npz,ISKH03,2008/1/26 4:33,2008/1/26 4:33,4.8,train
train_004028,record_004028.npz,ISKH03,2008/3/12 18:00,2008/3/12 18:00,4.1,train
train_004029,record_004029.npz,ISKH03,2008/3/17 7:00,2008/3/17 7:01,4.5,train
train_004030,record_004030.npz,ISKH03,2008/4/16 18:46,2008/4/16 18:46,4.1,train
train_004031,record_004031.npz,ISKH03,2009/5/12 19:40,2009/5/12 19:40,4.8,train
train_004032,record_004032.npz,ISKH04,2000/6/22 20:36,2000/6/22 20:36,4.6,train
train_004033,record_004033.npz,ISKH04,2004/10/23 17:56,2004/10/23 17:56,6.8,train
train_004034,record_004034.npz,ISKH04,2004/10/23 18:34,2004/10/23 18:34,6.5,train
train_004035,record_004035.npz,ISKH04,2007/5/11 2:12,2007/5/11 2:12,4.5,train
train_004036,record_004036.npz,ISKH04,2007/6/22 3:34,2007/6/22 3:34,4.6,train
train_004037,record_004037.npz,ISKH04,2007/7/16 10:13,2007/7/16 10:13,6.8,train
train_004038,record_004038.npz,ISKH04,2007/12/21 16:01,2007/12/21 16:01,4.2,train
train_004039,record_004039.npz,ISKH04,2008/3/17 7:00,2008/3/17 7:01,4.5,train
train_004040,record_004040.npz,ISKH04,2009/2/18 6:47,2009/2/18 6:47,5.2,train
train_004041,record_004041.npz,ISKH04,2009/5/12 19:40,2009/5/12 19:41,4.8,train
train_004042,record_004042.npz,ISKH05,2000/6/7 6:16,2000/6/7 6:17,6.1,train
train_004043,record_004043.npz,ISKH05,2007/3/26 7:16,2007/3/26 7:16,5.3,train
train_004044,record_004044.npz,ISKH05,2007/12/21 14:23,2007/12/21 14:23,4.5,train
train_004045,record_004045.npz,ISKH05,2007/12/21 16:01,2007/12/21 16:01,4.2,train
train_004046,record_004046.npz,ISKH05,2008/3/17 7:00,2008/3/17 7:01,4.5,train
train_004047,record_004047.npz,ISKH05,2008/4/16 18:46,2008/4/16 18:46,4.1,train
train_004048,record_004048.npz,ISKH05,2009/2/18 6:47,2009/2/18 6:47,5.2,train
train_004049,record_004049.npz,ISKH05,2010/10/3 9:26,2010/10/3 9:27,4.7,train
train_004050,record_004050.npz,ISKH05,2011/2/27 2:19,2011/2/27 2:19,5,train
train_004051,record_004051.npz,ISKH05,2011/2/27 5:38,2011/2/27 5:38,5.5,train
train_004052,record_004052.npz,ISKH05,2011/3/12 3:59,2011/3/12 3:59,6.7,train
train_004053,record_004053.npz,ISKH05,2011/3/12 4:32,2011/3/12 4:32,5.9,train
train_004054,record_004054.npz,ISKH06,2000/6/7 6:16,2000/6/7 6:17,6.1,train
train_004055,record_004055.npz,ISKH06,2007/3/25 18:11,2007/3/25 18:11,5.3,train
train_004056,record_004056.npz,ISKH06,2007/3/26 7:16,2007/3/26 7:16,5.3,train
train_004057,record_004057.npz,ISKH06,2007/5/2 20:44,2007/5/2 20:44,4.7,train
train_004058,record_004058.npz,ISKH06,2007/7/9 16:00,2007/7/9 16:00,4.2,train
train_004059,record_004059.npz,ISKH06,2007/7/16 10:13,2007/7/16 10:13,6.8,train
train_004060,record_004060.npz,ISKH06,2007/12/21 16:01,2007/12/21 16:01,4.2,train
train_004061,record_004061.npz,ISKH06,2008/1/26 4:33,2008/1/26 4:33,4.8,train
train_004062,record_004062.npz,ISKH06,2008/3/12 18:00,2008/3/12 18:00,4.1,train
train_004063,record_004063.npz,ISKH06,2008/3/17 7:00,2008/3/17 7:01,4.5,train
train_004064,record_004064.npz,ISKH06,2008/4/16 18:46,2008/4/16 18:46,4.1,train
train_004065,record_004065.npz,ISKH06,2009/2/18 6:47,2009/2/18 6:47,5.2,train
train_004066,record_004066.npz,ISKH06,2009/5/12 19:40,2009/5/12 19:41,4.8,train
train_004067,record_004067.npz,ISKH06,1999/11/7 3:34,1999/11/7 3:34,4.8,train
train_004068,record_004068.npz,ISKH08,2000/6/7 6:16,2000/6/7 6:17,6.1,train
train_004069,record_004069.npz,ISKH08,2006/10/3 22:42,2006/10/3 22:43,4.6,train
train_004070,record_004070.npz,ISKH08,2007/3/31 8:09,2007/3/31 8:09,4.4,train
train_004071,record_004071.npz,ISKH08,2007/7/16 10:13,2007/7/16 10:13,6.8,train
train_004072,record_004072.npz,ISKH08,2007/7/16 15:37,2007/7/16 15:38,5.8,train
train_004073,record_004073.npz,ISKH08,1999/11/7 3:34,1999/11/7 3:34,4.8,train
train_004074,record_004074.npz,ISKH09,2000/5/16 4:09,2000/5/16 4:10,4.3,train
train_004075,record_004075.npz,ISKH09,2000/6/5 9:54,2000/6/5 9:54,4.7,train
train_004076,record_004076.npz,ISKH09,2000/6/7 6:16,2000/6/7 6:17,6.1,train
train_004077,record_004077.npz,ISKH09,2000/6/13 6:44,2000/6/13 6:44,4.3,train
train_004078,record_004078.npz,ISKH09,2000/6/22 20:36,2000/6/22 20:36,4.6,train
train_004079,record_004079.npz,ISKH09,2004/10/5 8:33,2004/10/5 8:34,4.8,train
train_004080,record_004080.npz,ISKH09,2007/3/25 9:42,2007/3/25 9:42,6.9,train
train_004081,record_004081.npz,ISKH09,2007/12/21 14:23,2007/12/21 14:23,4.5,train
train_004082,record_004082.npz,ISKH09,2007/12/21 16:01,2007/12/21 16:01,4.2,train
train_004083,record_004083.npz,ISKH09,2008/1/26 4:33,2008/1/26 4:33,4.8,train
train_004084,record_004084.npz,ISKH09,2008/3/17 7:00,2008/3/17 7:01,4.5,train
train_004085,record_004085.npz,ISKH09,2008/4/16 18:46,2008/4/16 18:47,4.1,train
train_004086,record_004086.npz,ISKH09,2008/8/8 4:35,2008/8/8 4:35,4.2,train
train_004087,record_004087.npz,ISKH09,2008/8/30 18:28,2008/8/30 18:29,4.2,train
train_004088,record_004088.npz,ISKH09,2008/10/1 9:25,2008/10/1 9:25,4.4,train
train_004089,record_004089.npz,ISKH09,2009/2/18 6:47,2009/2/18 6:47,5.2,train
train_004090,record_004090.npz,ISKH09,2011/3/12 3:59,2011/3/12 3:59,6.7,train
train_004091,record_004091.npz,ISKH09,2011/3/12 4:32,2011/3/12 4:32,5.9,train
train_004092,record_004092.npz,IWTH01,2001/4/3 4:54,2001/4/3 4:54,5.4,train
train_004093,record_004093.npz,IWTH01,2001/8/14 5:11,2001/8/14 5:11,6.2,train
train_004094,record_004094.npz,IWTH01,2001/8/24 18:48,2001/8/24 18:48,5.2,train
train_004095,record_004095.npz,IWTH01,2001/11/12 20:30,2001/11/12 20:31,4.4,train
train_004096,record_004096.npz,IWTH01,2001/11/13 16:45,2001/11/13 16:45,4.7,train
train_004097,record_004097.npz,IWTH01,2001/12/2 22:02,2001/12/2 22:02,6.4,train
train_004098,record_004098.npz,IWTH01,2002/1/27 16:09,2002/1/27 16:09,5.3,train
train_004099,record_004099.npz,IWTH01,2002/2/14 10:12,2002/2/14 10:12,5,train
train_004100,record_004100.npz,IWTH01,2002/3/2 20:39,2002/3/2 20:39,4.8,train
train_004101,record_004101.npz,IWTH01,2002/3/7 4:19,2002/3/7 4:19,4.7,train
train_004102,record_004102.npz,IWTH01,2002/4/4 8:42,2002/4/4 8:42,5.3,train
train_004103,record_004103.npz,IWTH01,2002/5/12 10:29,2002/5/12 10:30,5.1,train
train_004104,record_004104.npz,IWTH01,2002/5/30 14:08,2002/5/30 14:08,4.6,train
train_004105,record_004105.npz,IWTH01,2002/6/21 23:15,2002/6/21 23:15,4.8,train
train_004106,record_004106.npz,IWTH01,2002/7/1 15:48,2002/7/1 15:48,4.3,train
train_004107,record_004107.npz,IWTH01,2002/7/3 18:57,2002/7/3 18:58,4.4,train
train_004108,record_004108.npz,IWTH01,2002/7/12 22:35,2002/7/12 22:35,4.4,train
train_004109,record_004109.npz,IWTH01,2002/7/30 1:19,2002/7/30 1:19,4.1,train
train_004110,record_004110.npz,IWTH01,2002/8/12 6:55,2002/8/12 6:55,5,train
train_004111,record_004111.npz,IWTH01,2002/8/23 11:19,2002/8/23 11:19,4.7,train
train_004112,record_004112.npz,IWTH01,2002/9/3 7:24,2002/9/3 7:25,4.2,train
train_004113,record_004113.npz,IWTH01,2002/9/16 0:25,2002/9/16 0:26,4.4,train
train_004114,record_004114.npz,IWTH01,2002/10/14 2:07,2002/10/14 2:07,4.1,train
train_004115,record_004115.npz,IWTH01,2002/10/14 23:13,2002/10/14 23:13,5.9,train
train_004116,record_004116.npz,IWTH01,2002/11/3 12:37,2002/11/3 12:38,6.1,train
train_004117,record_004117.npz,IWTH01,2003/1/6 13:43,2003/1/6 13:43,4.9,train
train_004118,record_004118.npz,IWTH02,2001/4/3 4:54,2001/4/3 4:54,5.4,train
train_004119,record_004119.npz,IWTH02,2001/8/14 5:11,2001/8/14 5:11,6.2,train
train_004120,record_004120.npz,IWTH02,2001/11/13 16:45,2001/11/13 16:45,4.7,train
train_004121,record_004121.npz,IWTH02,2001/12/2 22:02,2001/12/2 22:02,6.4,train
train_004122,record_004122.npz,IWTH02,2002/1/27 16:09,2002/1/27 16:09,5.3,train
train_004123,record_004123.npz,IWTH02,2002/3/2 20:39,2002/3/2 20:39,4.8,train
train_004124,record_004124.npz,IWTH02,2002/3/7 4:19,2002/3/7 4:19,4.7,train
train_004125,record_004125.npz,IWTH02,2002/4/4 8:42,2002/4/4 8:42,5.3,train
train_004126,record_004126.npz,IWTH02,2002/4/11 21:04,2002/4/11 21:04,4.7,train
train_004127,record_004127.npz,IWTH02,2002/5/12 10:29,2002/5/12 10:29,5.1,train
train_004128,record_004128.npz,IWTH02,2002/6/21 23:15,2002/6/21 23:15,4.8,train
train_004129,record_004129.npz,IWTH02,2002/7/1 15:48,2002/7/1 15:48,4.3,train
train_004130,record_004130.npz,IWTH02,2002/11/3 12:37,2002/11/3 12:38,6.1,train
train_004131,record_004131.npz,IWTH02,2003/5/26 18:24,2003/5/26 18:24,7,train
train_004132,record_004132.npz,IWTH02,2003/7/26 7:13,2003/7/26 7:14,6.2,train
train_004133,record_004133.npz,IWTH02,2004/2/4 15:08,2004/2/4 15:08,5.3,train
train_004134,record_004134.npz,IWTH02,2004/6/12 2:05,2004/6/12 2:05,4.6,train
train_004135,record_004135.npz,IWTH02,2004/8/10 15:13,2004/8/10 15:13,5.8,train
train_004136,record_004136.npz,IWTH02,2005/2/26 21:37,2005/2/26 21:38,5.7,train
train_004137,record_004137.npz,IWTH02,2005/7/30 17:50,2005/7/30 17:50,4.4,train
train_004138,record_004138.npz,IWTH02,2006/11/6 6:57,2006/11/6 6:57,4.4,train
train_004139,record_004139.npz,IWTH02,2007/11/7 20:05,2007/11/7 20:06,4.6,train
train_004140,record_004140.npz,IWTH02,2007/11/19 15:00,2007/11/19 15:00,4.2,train
train_004141,record_004141.npz,IWTH02,2007/12/25 23:04,2007/12/25 23:04,5.6,train
train_004142,record_004142.npz,IWTH02,2007/12/26 8:39,2007/12/26 8:39,4.6,train
train_004143,record_004143.npz,IWTH02,2008/1/11 8:00,2008/1/11 8:00,4.7,train
train_004144,record_004144.npz,IWTH02,2008/1/21 12:12,2008/1/21 12:13,4.3,train
train_004145,record_004145.npz,IWTH02,2008/3/23 15:54,2008/3/23 15:54,4.4,train
train_004146,record_004146.npz,IWTH02,2008/3/29 8:03,2008/3/29 8:03,4.6,train
train_004147,record_004147.npz,IWTH03,2001/4/3 4:54,2001/4/3 4:54,5.4,train
train_004148,record_004148.npz,IWTH03,2001/8/14 5:11,2001/8/14 5:11,6.2,train
train_004149,record_004149.npz,IWTH03,2001/11/13 16:45,2001/11/13 16:45,4.7,train
train_004150,record_004150.npz,IWTH03,2001/12/2 22:02,2001/12/2 22:02,6.4,train
train_004151,record_004151.npz,IWTH03,2002/1/27 16:09,2002/1/27 16:09,5.3,train
train_004152,record_004152.npz,IWTH03,2002/3/2 20:39,2002/3/2 20:38,4.8,train
train_004153,record_004153.npz,IWTH03,2002/3/7 4:19,2002/3/7 4:19,4.7,train
train_004154,record_004154.npz,IWTH03,2002/5/12 10:29,2002/5/12 10:29,5.1,train
train_004155,record_004155.npz,IWTH03,2002/6/21 23:15,2002/6/21 23:15,4.8,train
train_004156,record_004156.npz,IWTH03,2002/7/1 15:48,2002/7/1 15:48,4.3,train
train_004157,record_004157.npz,IWTH03,2002/7/12 22:35,2002/7/12 22:35,4.4,train
train_004158,record_004158.npz,IWTH03,2002/7/30 1:19,2002/7/30 1:19,4.1,train
train_004159,record_004159.npz,IWTH03,2002/8/5 5:57,2002/8/5 5:58,4.2,train
train_004160,record_004160.npz,IWTH03,2002/8/12 6:55,2002/8/12 6:56,5,train
train_004161,record_004161.npz,IWTH03,2002/8/23 11:19,2002/8/23 11:19,4.7,train
train_004162,record_004162.npz,IWTH03,2002/9/16 0:25,2002/9/16 0:26,4.4,train
train_004163,record_004163.npz,IWTH03,2002/10/14 2:07,2002/10/14 2:07,4.1,train
train_004164,record_004164.npz,IWTH03,2002/10/14 23:13,2002/10/14 23:13,5.9,train
train_004165,record_004165.npz,IWTH03,2002/11/3 12:37,2002/11/3 12:38,6.1,train
train_004166,record_004166.npz,IWTH03,2002/11/24 5:14,2002/11/24 5:14,4.3,train
train_004167,record_004167.npz,IWTH03,2002/12/1 19:48,2002/12/1 19:48,4.2,train
train_004168,record_004168.npz,IWTH03,2002/12/5 0:50,2002/12/5 0:51,5.2,train
train_004169,record_004169.npz,IWTH03,2002/12/5 0:53,2002/12/5 0:53,4.9,train
train_004170,record_004170.npz,IWTH03,2002/12/18 0:48,2002/12/18 0:48,4.6,train
train_004171,record_004171.npz,IWTH03,2003/1/5 18:51,2003/1/5 18:51,4.4,train
train_004172,record_004172.npz,IWTH03,2003/4/29 10:04,2003/4/29 10:05,4.8,train
train_004173,record_004173.npz,IWTH04,2001/4/3 4:54,2001/4/3 4:54,5.4,train
train_004174,record_004174.npz,IWTH04,2001/10/2 17:20,2001/10/2 17:20,5.4,train
train_004175,record_004175.npz,IWTH04,2001/11/13 16:45,2001/11/13 16:45,4.7,train
train_004176,record_004176.npz,IWTH04,2001/12/2 22:02,2001/12/2 22:02,6.4,train
train_004177,record_004177.npz,IWTH04,2001/12/14 21:00,2001/12/14 21:00,4.5,train
train_004178,record_004178.npz,IWTH04,2001/12/23 1:41,2001/12/23 1:41,4.5,train
train_004179,record_004179.npz,IWTH04,2002/1/27 16:09,2002/1/27 16:09,5.3,train
train_004180,record_004180.npz,IWTH04,2002/1/29 8:45,2002/1/29 8:45,4.8,train
train_004181,record_004181.npz,IWTH04,2002/2/13 18:54,2002/2/13 18:55,4.5,train
train_004182,record_004182.npz,IWTH04,2002/3/2 20:39,2002/3/2 20:40,4.8,train
train_004183,record_004183.npz,IWTH04,2002/3/7 4:19,2002/3/7 4:20,4.7,train
train_004184,record_004184.npz,IWTH04,2002/4/11 21:04,2002/4/11 21:04,4.7,train
train_004185,record_004185.npz,IWTH04,2002/4/21 9:10,2002/4/21 9:11,4.5,train
train_004186,record_004186.npz,IWTH04,2002/5/6 17:12,2002/5/6 17:12,5,train
train_004187,record_004187.npz,IWTH04,2002/5/12 10:29,2002/5/12 10:29,5.1,train
train_004188,record_004188.npz,IWTH04,2002/6/21 23:15,2002/6/21 23:15,4.8,train
train_004189,record_004189.npz,IWTH04,2002/7/1 15:48,2002/7/1 15:48,4.3,train
train_004190,record_004190.npz,IWTH04,2002/8/23 11:19,2002/8/23 11:19,4.7,train
train_004191,record_004191.npz,IWTH04,2002/9/9 4:09,2002/9/9 4:09,4.1,train
train_004192,record_004192.npz,IWTH04,2002/9/19 4:58,2002/9/19 4:58,4.1,train
train_004193,record_004193.npz,IWTH04,2002/10/25 5:00,2002/10/25 5:01,4.5,train
train_004194,record_004194.npz,IWTH04,2002/11/3 12:37,2002/11/3 12:37,6.1,train
train_004195,record_004195.npz,IWTH04,2002/11/4 4:14,2002/11/4 4:14,4.7,train
train_004196,record_004196.npz,IWTH04,2002/11/16 12:19,2002/11/16 12:20,4.2,train
train_004197,record_004197.npz,IWTH04,2002/11/24 5:14,2002/11/24 5:15,4.3,train
train_004198,record_004198.npz,IWTH04,2002/12/1 19:48,2002/12/1 19:48,4.2,train
train_004199,record_004199.npz,IWTH04,2002/12/2 8:02,2002/12/2 8:02,4.6,train
train_004200,record_004200.npz,IWTH04,2002/12/5 0:50,2002/12/5 0:50,5.2,train
train_004201,record_004201.npz,IWTH04,2002/12/5 0:53,2002/12/5 0:53,4.9,train
train_004202,record_004202.npz,IWTH05,2001/12/2 22:02,2001/12/2 22:02,6.4,train
train_004203,record_004203.npz,IWTH05,2002/1/27 16:09,2002/1/27 16:09,5.3,train
train_004204,record_004204.npz,IWTH05,2002/5/6 17:12,2002/5/6 17:12,5,train
train_004205,record_004205.npz,IWTH05,2002/5/12 10:29,2002/5/12 10:29,5.1,train
train_004206,record_004206.npz,IWTH05,2002/11/3 12:37,2002/11/3 12:37,6.1,train
train_004207,record_004207.npz,IWTH05,2002/12/2 8:02,2002/12/2 8:02,4.6,train
train_004208,record_004208.npz,IWTH05,2002/12/5 0:50,2002/12/5 0:50,5.2,train
train_004209,record_004209.npz,IWTH05,2002/12/5 0:53,2002/12/5 0:53,4.9,train
train_004210,record_004210.npz,IWTH05,2003/3/3 7:47,2003/3/3 7:47,5.3,train
train_004211,record_004211.npz,IWTH05,2003/5/26 18:24,2003/5/26 18:24,7,train
train_004212,record_004212.npz,IWTH05,2003/5/26 18:39,2003/5/26 18:38,4.7,train
train_004213,record_004213.npz,IWTH05,2003/5/26 18:48,2003/5/26 18:48,4.6,train
train_004214,record_004214.npz,IWTH05,2003/5/26 19:09,2003/5/26 19:08,4.6,train
train_004215,record_004215.npz,IWTH05,2003/5/26 22:07,2003/5/26 22:07,4.4,train
train_004216,record_004216.npz,IWTH05,2003/5/26 22:34,2003/5/26 22:34,4.8,train
train_004217,record_004217.npz,IWTH05,2003/5/26 23:48,2003/5/26 23:48,4.4,train
train_004218,record_004218.npz,IWTH05,2003/5/27 0:44,2003/5/27 0:44,4.9,train
train_004219,record_004219.npz,IWTH05,2003/5/27 7:41,2003/5/27 7:41,4.4,train
train_004220,record_004220.npz,IWTH05,2003/5/27 10:42,2003/5/27 10:42,4.2,train
train_004221,record_004221.npz,IWTH05,2003/5/28 6:24,2003/5/28 6:24,4.6,train
train_004222,record_004222.npz,IWTH05,2003/5/31 18:42,2003/5/31 18:42,4.7,train
train_004223,record_004223.npz,IWTH05,2003/6/1 5:38,2003/6/1 5:38,4.5,train
train_004224,record_004224.npz,IWTH05,2003/6/10 16:24,2003/6/10 16:24,4.9,train
train_004225,record_004225.npz,IWTH05,2003/6/28 20:19,2003/6/28 20:19,4.5,train
train_004226,record_004226.npz,IWTH05,2003/7/1 12:30,2003/7/1 12:30,4.2,train
train_004227,record_004227.npz,IWTH05,2003/7/18 12:32,2003/7/18 12:32,4.8,train
train_004228,record_004228.npz,IWTH05,2003/7/26 0:13,2003/7/26 0:13,5.5,train
train_004229,record_004229.npz,IWTH05,2003/7/26 7:13,2003/7/26 7:13,6.2,train
train_004230,record_004230.npz,IWTH05,2003/7/26 16:56,2003/7/26 16:56,5.3,train
train_004231,record_004231.npz,IWTH06,2001/4/3 4:54,2001/4/3 4:54,5.4,train
train_004232,record_004232.npz,IWTH06,2001/8/14 5:11,2001/8/14 5:11,6.2,train
train_004233,record_004233.npz,IWTH06,2001/12/2 22:02,2001/12/2 22:02,6.4,train
train_004234,record_004234.npz,IWTH06,2002/10/14 23:13,2002/10/14 23:13,5.9,train
train_004235,record_004235.npz,IWTH06,2003/5/26 18:24,2003/5/26 18:25,7,train
train_004236,record_004236.npz,IWTH06,2004/2/4 15:08,2004/2/4 15:08,5.3,train
train_004237,record_004237.npz,IWTH06,2004/8/10 15:13,2004/8/10 15:13,5.8,train
train_004238,record_004238.npz,IWTH06,2005/2/26 21:37,2005/2/26 21:38,5.7,train
train_004239,record_004239.npz,IWTH06,2006/3/12 7:06,2006/3/12 7:07,5,train
train_004240,record_004240.npz,IWTH06,2008/3/29 8:03,2008/3/29 8:03,4.6,train
train_004241,record_004241.npz,IWTH06,2008/4/29 14:26,2008/4/29 14:26,5.7,train
train_004242,record_004242.npz,IWTH06,2008/5/31 23:28,2008/5/31 23:28,5,train
train_004243,record_004243.npz,IWTH06,2008/6/14 8:43,2008/6/14 8:43,7.2,train
train_004244,record_004244.npz,IWTH06,2008/6/16 23:14,2008/6/16 23:15,5.3,train
train_004245,record_004245.npz,IWTH06,2008/6/17 21:31,2008/6/17 21:31,4.1,train
train_004246,record_004246.npz,IWTH06,2008/7/24 0:26,2008/7/24 0:26,6.8,train
train_004247,record_004247.npz,IWTH06,2008/7/24 11:28,2008/7/24 11:28,4.8,train
train_004248,record_004248.npz,IWTH06,2008/8/9 0:53,2008/8/9 0:53,5.4,train
train_004249,record_004249.npz,IWTH06,2008/10/9 2:52,2008/10/9 2:53,4.5,train
train_004250,record_004250.npz,IWTH06,2008/11/17 19:09,2008/11/17 19:10,4.3,train
train_004251,record_004251.npz,IWTH06,2008/12/19 15:53,2008/12/19 15:53,4.1,train
train_004252,record_004252.npz,IWTH06,2009/2/15 18:24,2009/2/15 18:24,5.9,train
train_004253,record_004253.npz,IWTH06,2009/4/25 22:54,2009/4/25 22:54,5,train
train_004254,record_004254.npz,IWTH06,2009/6/23 16:37,2009/6/23 16:37,5.6,train
train_004255,record_004255.npz,IWTH06,2009/8/12 17:51,2009/8/12 17:52,4.2,train
train_004256,record_004256.npz,IWTH06,2009/10/18 23:13,2009/10/18 23:13,4.2,train
train_004257,record_004257.npz,IWTH06,2010/9/13 14:48,2010/9/13 14:48,5.8,train
train_004258,record_004258.npz,IWTH06,2011/3/11 15:06,2011/3/11 15:02,6.4,train
train_004259,record_004259.npz,IWTH06,2011/3/11 15:09,2011/3/11 15:07,7.4,train
train_004260,record_004260.npz,IWTH06,2011/3/11 16:29,2011/3/11 16:29,6.5,train
train_004261,record_004261.npz,IWTH07,2001/4/3 4:54,2001/4/3 4:54,5.4,train
train_004262,record_004262.npz,IWTH07,2001/8/14 5:11,2001/8/14 5:11,6.2,train
train_004263,record_004263.npz,IWTH07,2001/12/2 22:02,2001/12/2 22:02,6.4,train
train_004264,record_004264.npz,IWTH07,2002/3/2 20:39,2002/3/2 20:38,4.8,train
train_004265,record_004265.npz,IWTH07,2002/10/14 23:13,2002/10/14 23:13,5.9,train
train_004266,record_004266.npz,IWTH07,2003/4/17 3:00,2003/4/17 3:00,5.4,train
train_004267,record_004267.npz,IWTH07,2003/5/26 18:24,2003/5/26 18:25,7,train
train_004268,record_004268.npz,IWTH07,2004/2/4 15:08,2004/2/4 15:08,5.3,train
train_004269,record_004269.npz,IWTH07,2004/8/10 15:13,2004/8/10 15:13,5.8,train
train_004270,record_004270.npz,IWTH07,2005/2/26 21:37,2005/2/26 21:37,5.7,train
train_004271,record_004271.npz,IWTH07,2005/7/30 17:50,2005/7/30 17:50,4.4,train
train_004272,record_004272.npz,IWTH07,2008/3/29 8:03,2008/3/29 8:03,4.6,train
train_004273,record_004273.npz,IWTH07,2008/4/29 14:26,2008/4/29 14:26,5.7,train
train_004274,record_004274.npz,IWTH07,2008/6/14 8:43,2008/6/14 8:44,7.2,train
train_004275,record_004275.npz,IWTH07,2008/6/14 9:52,2008/6/14 9:53,4.6,train
train_004276,record_004276.npz,IWTH07,2008/6/16 23:14,2008/6/16 23:15,5.3,train
train_004277,record_004277.npz,IWTH07,2008/7/24 0:26,2008/7/24 0:26,6.8,train
train_004278,record_004278.npz,IWTH07,2008/7/24 11:28,2008/7/24 11:28,4.8,train
train_004279,record_004279.npz,IWTH07,2008/8/9 0:53,2008/8/9 0:53,5.4,train
train_004280,record_004280.npz,IWTH07,2008/11/17 19:09,2008/11/17 19:10,4.3,train
train_004281,record_004281.npz,IWTH07,2008/12/19 15:53,2008/12/19 15:53,4.1,train
train_004282,record_004282.npz,IWTH07,2009/2/15 18:24,2009/2/15 18:24,5.9,train
train_004283,record_004283.npz,IWTH07,2009/4/6 11:31,2009/4/6 11:31,4.4,train
train_004284,record_004284.npz,IWTH07,2009/4/25 22:54,2009/4/25 22:54,5,train
train_004285,record_004285.npz,IWTH07,2009/6/9 11:07,2009/6/9 11:07,4.5,train
train_004286,record_004286.npz,IWTH07,2009/6/23 16:37,2009/6/23 16:37,5.6,train
train_004287,record_004287.npz,IWTH07,2009/8/12 17:51,2009/8/12 17:52,4.2,train
train_004288,record_004288.npz,IWTH07,2009/10/10 17:43,2009/10/10 17:43,5.1,train
train_004289,record_004289.npz,IWTH07,2009/10/18 23:13,2009/10/18 23:13,4.2,train
train_004290,record_004290.npz,IWTH08,2001/4/3 4:54,2001/4/3 4:54,5.4,train
train_004291,record_004291.npz,IWTH08,2003/5/26 18:24,2003/5/26 18:25,7,train
train_004292,record_004292.npz,IWTH08,2004/7/4 3:44,2004/7/4 3:44,4.5,train
train_004293,record_004293.npz,IWTH08,2004/8/10 15:13,2004/8/10 15:13,5.8,train
train_004294,record_004294.npz,IWTH08,2005/2/26 21:37,2005/2/26 21:37,5.7,train
train_004295,record_004295.npz,IWTH08,2005/7/30 17:50,2005/7/30 17:50,4.4,train
train_004296,record_004296.npz,IWTH08,2006/7/6 2:08,2006/7/6 2:08,5.4,train
train_004297,record_004297.npz,IWTH08,2007/12/23 18:53,2007/12/23 18:53,4.5,train
train_004298,record_004298.npz,IWTH08,2008/1/11 8:00,2008/1/11 8:01,4.7,train
train_004299,record_004299.npz,IWTH08,2008/1/21 12:12,2008/1/21 12:12,4.3,train
train_004300,record_004300.npz,IWTH08,2008/3/23 15:54,2008/3/23 15:54,4.4,train
train_004301,record_004301.npz,IWTH08,2008/3/29 8:03,2008/3/29 8:03,4.6,train
train_004302,record_004302.npz,IWTH08,2008/4/29 14:26,2008/4/29 14:26,5.7,train
train_004303,record_004303.npz,IWTH08,2008/5/10 9:01,2008/5/10 9:01,4.8,train
train_004304,record_004304.npz,IWTH08,2008/5/23 2:40,2008/5/23 2:40,4.3,train
train_004305,record_004305.npz,IWTH08,2008/5/31 23:28,2008/5/31 23:28,5,train
train_004306,record_004306.npz,IWTH08,2008/6/14 8:43,2008/6/14 8:44,7.2,train
train_004307,record_004307.npz,IWTH08,2008/6/14 8:46,2008/6/14 8:47,4.5,train
train_004308,record_004308.npz,IWTH08,2008/6/14 8:49,2008/6/14 8:49,4.5,train
train_004309,record_004309.npz,IWTH08,2008/6/14 9:00,2008/6/14 9:01,4.2,train
train_004310,record_004310.npz,IWTH08,2008/6/14 9:07,2008/6/14 9:07,4.8,train
train_004311,record_004311.npz,IWTH08,2008/6/14 9:20,2008/6/14 9:20,5.7,train
train_004312,record_004312.npz,IWTH08,2008/6/14 9:52,2008/6/14 9:53,4.6,train
train_004313,record_004313.npz,IWTH08,2008/6/14 10:00,2008/6/14 10:00,4.5,train
train_004314,record_004314.npz,IWTH08,2008/6/14 12:10,2008/6/14 12:11,4.7,train
train_004315,record_004315.npz,IWTH09,2001/4/3 4:54,2001/4/3 4:54,5.4,train
train_004316,record_004316.npz,IWTH09,2001/8/14 5:11,2001/8/14 5:11,6.2,train
train_004317,record_004317.npz,IWTH09,2001/8/24 18:48,2001/8/24 18:48,5.2,train
train_004318,record_004318.npz,IWTH09,2001/11/12 20:30,2001/11/12 20:31,4.4,train
train_004319,record_004319.npz,IWTH09,2001/11/13 16:45,2001/11/13 16:45,4.7,train
train_004320,record_004320.npz,IWTH09,2001/12/2 22:02,2001/12/2 22:02,6.4,train
train_004321,record_004321.npz,IWTH09,2002/1/27 16:09,2002/1/27 16:09,5.3,train
train_004322,record_004322.npz,IWTH09,2002/2/14 10:12,2002/2/14 10:13,5,train
train_004323,record_004323.npz,IWTH09,2002/3/2 20:39,2002/3/2 20:38,4.8,train
train_004324,record_004324.npz,IWTH09,2002/3/7 4:19,2002/3/7 4:19,4.7,train
train_004325,record_004325.npz,IWTH09,2002/4/4 8:42,2002/4/4 8:42,5.3,train
train_004326,record_004326.npz,IWTH09,2002/4/11 21:04,2002/4/11 21:04,4.7,train
train_004327,record_004327.npz,IWTH09,2002/4/21 6:30,2002/4/21 6:31,4.7,train
train_004328,record_004328.npz,IWTH09,2002/5/12 10:29,2002/5/12 10:29,5.1,train
train_004329,record_004329.npz,IWTH09,2002/5/30 14:08,2002/5/30 14:08,4.6,train
train_004330,record_004330.npz,IWTH09,2002/6/21 23:15,2002/6/21 23:15,4.8,train
train_004331,record_004331.npz,IWTH09,2002/7/1 15:48,2002/7/1 15:48,4.3,train
train_004332,record_004332.npz,IWTH09,2002/7/12 22:35,2002/7/12 22:35,4.4,train
train_004333,record_004333.npz,IWTH09,2002/7/30 1:19,2002/7/30 1:19,4.1,train
train_004334,record_004334.npz,IWTH09,2002/8/5 5:57,2002/8/5 5:58,4.2,train
train_004335,record_004335.npz,IWTH09,2002/8/23 11:19,2002/8/23 11:19,4.7,train
train_004336,record_004336.npz,IWTH09,2002/9/3 7:24,2002/9/3 7:25,4.2,train
train_004337,record_004337.npz,IWTH09,2002/9/16 0:25,2002/9/16 0:26,4.4,train
train_004338,record_004338.npz,IWTH09,2002/10/14 2:07,2002/10/14 2:07,4.1,train
train_004339,record_004339.npz,IWTH09,2002/10/14 23:13,2002/10/14 23:13,5.9,train
train_004340,record_004340.npz,IWTH11,2001/4/3 4:54,2001/4/3 4:54,5.4,train
train_004341,record_004341.npz,IWTH11,2001/8/14 5:11,2001/8/14 5:11,6.2,train
train_004342,record_004342.npz,IWTH11,2001/8/24 18:48,2001/8/24 18:48,5.2,train
train_004343,record_004343.npz,IWTH11,2001/11/13 16:45,2001/11/13 16:45,4.7,train
train_004344,record_004344.npz,IWTH11,2001/12/2 22:02,2001/12/2 22:02,6.4,train
train_004345,record_004345.npz,IWTH11,2002/1/27 16:09,2002/1/27 16:09,5.3,train
train_004346,record_004346.npz,IWTH11,2002/4/4 8:42,2002/4/4 8:42,5.3,train
train_004347,record_004347.npz,IWTH11,2002/5/12 10:29,2002/5/12 10:29,5.1,train
train_004348,record_004348.npz,IWTH11,2002/5/30 14:08,2002/5/30 14:08,4.6,train
train_004349,record_004349.npz,IWTH11,2002/6/21 23:15,2002/6/21 23:15,4.8,train
train_004350,record_004350.npz,IWTH11,2002/7/1 15:48,2002/7/1 15:48,4.3,train
train_004351,record_004351.npz,IWTH11,2002/7/12 22:35,2002/7/12 22:35,4.4,train
train_004352,record_004352.npz,IWTH11,2002/7/30 1:19,2002/7/30 1:19,4.1,train
train_004353,record_004353.npz,IWTH11,2002/8/12 6:55,2002/8/12 6:56,5,train
train_004354,record_004354.npz,IWTH11,2002/8/23 11:19,2002/8/23 11:19,4.7,train
train_004355,record_004355.npz,IWTH11,2002/9/16 0:25,2002/9/16 0:26,4.4,train
train_004356,record_004356.npz,IWTH11,2002/10/14 23:13,2002/10/14 23:13,5.9,train
train_004357,record_004357.npz,IWTH11,2002/11/3 12:37,2002/11/3 12:38,6.1,train
train_004358,record_004358.npz,IWTH11,2002/11/24 5:14,2002/11/24 5:14,4.3,train
train_004359,record_004359.npz,IWTH11,2002/12/1 19:48,2002/12/1 19:48,4.2,train
train_004360,record_004360.npz,IWTH11,2002/12/5 0:50,2002/12/5 0:51,5.2,train
train_004361,record_004361.npz,IWTH11,2002/12/5 0:53,2002/12/5 0:53,4.9,train
train_004362,record_004362.npz,IWTH11,2002/12/18 0:48,2002/12/18 0:48,4.6,train
train_004363,record_004363.npz,IWTH11,2003/1/6 13:43,2003/1/6 13:43,4.9,train
train_004364,record_004364.npz,IWTH11,2003/1/28 20:09,2003/1/28 20:10,4.5,train
train_004365,record_004365.npz,IWTH11,2003/5/26 18:24,2003/5/26 18:24,7,train
train_004366,record_004366.npz,IWTH11,2003/7/26 7:13,2003/7/26 7:14,6.2,train
train_004367,record_004367.npz,IWTH11,2004/2/4 15:08,2004/2/4 15:08,5.3,train
train_004368,record_004368.npz,IWTH12,2001/4/3 4:54,2001/4/3 4:54,5.4,train
train_004369,record_004369.npz,IWTH12,2001/7/18 7:47,2001/7/18 7:47,4.3,train
train_004370,record_004370.npz,IWTH12,2001/8/14 5:11,2001/8/14 5:11,6.2,train
train_004371,record_004371.npz,IWTH12,2001/8/24 18:48,2001/8/24 18:48,5.2,train
train_004372,record_004372.npz,IWTH12,2001/9/17 20:39,2001/9/17 20:40,4.1,train
train_004373,record_004373.npz,IWTH12,2001/11/12 20:30,2001/11/12 20:31,4.4,train
train_004374,record_004374.npz,IWTH12,2001/11/13 16:45,2001/11/13 16:45,4.7,train
train_004375,record_004375.npz,IWTH12,2001/12/2 22:02,2001/12/2 22:02,6.4,train
train_004376,record_004376.npz,IWTH12,2002/1/27 16:09,2002/1/27 16:09,5.3,train
train_004377,record_004377.npz,IWTH12,2002/2/14 10:12,2002/2/14 10:12,5,train
train_004378,record_004378.npz,IWTH12,2002/3/2 20:39,2002/3/2 20:38,4.8,train
train_004379,record_004379.npz,IWTH12,2002/3/7 4:19,2002/3/7 4:19,4.7,train
train_004380,record_004380.npz,IWTH12,2002/4/4 8:42,2002/4/4 8:42,5.3,train
train_004381,record_004381.npz,IWTH12,2002/4/21 6:30,2002/4/21 6:31,4.7,train
train_004382,record_004382.npz,IWTH12,2002/5/12 10:29,2002/5/12 10:29,5.1,train
train_004383,record_004383.npz,IWTH12,2002/7/1 15:48,2002/7/1 15:48,4.3,train
train_004384,record_004384.npz,IWTH12,2002/7/12 22:35,2002/7/12 22:35,4.4,train
train_004385,record_004385.npz,IWTH12,2002/7/30 1:19,2002/7/30 1:19,4.1,train
train_004386,record_004386.npz,IWTH12,2002/8/12 6:55,2002/8/12 6:56,5,train
train_004387,record_004387.npz,IWTH12,2002/8/23 11:19,2002/8/23 11:19,4.7,train
train_004388,record_004388.npz,IWTH12,2002/9/3 7:24,2002/9/3 7:25,4.2,train
train_004389,record_004389.npz,IWTH12,2002/9/16 0:25,2002/9/16 0:26,4.4,train
train_004390,record_004390.npz,IWTH12,2003/5/26 18:24,2003/5/26 18:24,7,train
train_004391,record_004391.npz,IWTH12,2003/7/26 7:13,2003/7/26 7:14,6.2,train
train_004392,record_004392.npz,IWTH12,2004/2/4 15:08,2004/2/4 15:08,5.3,train
train_004393,record_004393.npz,IWTH13,2001/4/3 4:54,2001/4/3 4:54,5.4,train
train_004394,record_004394.npz,IWTH13,2001/8/14 5:11,2001/8/14 5:11,6.2,train
train_004395,record_004395.npz,IWTH13,2001/11/13 16:45,2001/11/13 16:45,4.7,train
train_004396,record_004396.npz,IWTH13,2001/12/2 22:02,2001/12/2 22:02,6.4,train
train_004397,record_004397.npz,IWTH13,2002/1/27 16:09,2002/1/27 16:09,5.3,train
train_004398,record_004398.npz,IWTH13,2002/3/2 20:39,2002/3/2 20:38,4.8,train
train_004399,record_004399.npz,IWTH13,2002/3/7 4:19,2002/3/7 4:19,4.7,train
train_004400,record_004400.npz,IWTH13,2002/4/4 8:42,2002/4/4 8:42,5.3,train
train_004401,record_004401.npz,IWTH13,2002/5/12 10:29,2002/5/12 10:29,5.1,train
train_004402,record_004402.npz,IWTH13,2002/5/30 14:08,2002/5/30 14:08,4.6,train
train_004403,record_004403.npz,IWTH13,2002/6/21 23:15,2002/6/21 23:15,4.8,train
train_004404,record_004404.npz,IWTH13,2002/7/1 15:48,2002/7/1 15:48,4.3,train
train_004405,record_004405.npz,IWTH13,2002/7/12 22:35,2002/7/12 22:35,4.4,train
train_004406,record_004406.npz,IWTH13,2002/8/5 5:57,2002/8/5 5:58,4.2,train
train_004407,record_004407.npz,IWTH13,2002/8/12 6:55,2002/8/12 6:56,5,train
train_004408,record_004408.npz,IWTH13,2002/8/23 11:19,2002/8/23 11:19,4.7,train
train_004409,record_004409.npz,IWTH13,2002/9/3 7:24,2002/9/3 7:25,4.2,train
train_004410,record_004410.npz,IWTH13,2002/9/16 0:25,2002/9/16 0:26,4.4,train
train_004411,record_004411.npz,IWTH13,2002/10/14 2:07,2002/10/14 2:07,4.1,train
train_004412,record_004412.npz,IWTH13,2002/10/14 23:13,2002/10/14 23:13,5.9,train
train_004413,record_004413.npz,IWTH13,2002/11/3 12:37,2002/11/3 12:38,6.1,train
train_004414,record_004414.npz,IWTH13,2002/11/24 5:14,2002/11/24 5:15,4.3,train
train_004415,record_004415.npz,IWTH13,2002/12/1 19:48,2002/12/1 19:48,4.2,train
train_004416,record_004416.npz,IWTH13,2002/12/18 0:48,2002/12/18 0:48,4.6,train
train_004417,record_004417.npz,IWTH13,2003/1/5 18:51,2003/1/5 18:51,4.4,train
train_004418,record_004418.npz,IWTH13,2003/1/6 13:43,2003/1/6 13:43,4.9,train
train_004419,record_004419.npz,IWTH13,2003/4/29 10:04,2003/4/29 10:05,4.8,train
train_004420,record_004420.npz,IWTH14,2001/4/3 4:54,2001/4/3 4:54,5.4,train
train_004421,record_004421.npz,IWTH14,2001/12/2 22:02,2001/12/2 22:02,6.4,train
train_004422,record_004422.npz,IWTH14,2002/1/27 16:09,2002/1/27 16:09,5.3,train
train_004423,record_004423.npz,IWTH14,2002/5/12 10:29,2002/5/12 10:29,5.1,train
train_004424,record_004424.npz,IWTH14,2002/11/3 12:37,2002/11/3 12:38,6.1,train
train_004425,record_004425.npz,IWTH14,2003/5/26 18:24,2003/5/26 18:24,7,train
train_004426,record_004426.npz,IWTH14,2003/7/26 0:13,2003/7/26 0:13,5.5,train
train_004427,record_004427.npz,IWTH14,2003/7/26 7:13,2003/7/26 7:14,6.2,train
train_004428,record_004428.npz,IWTH14,2004/2/4 15:08,2004/2/4 15:08,5.3,train
train_004429,record_004429.npz,IWTH14,2004/6/12 2:05,2004/6/12 2:05,4.6,train
train_004430,record_004430.npz,IWTH14,2004/8/10 15:13,2004/8/10 15:13,5.8,train
train_004431,record_004431.npz,IWTH14,2005/8/16 11:46,2005/8/16 11:46,7.2,train
train_004432,record_004432.npz,IWTH14,2005/11/13 9:25,2005/11/13 9:25,4.3,train
train_004433,record_004433.npz,IWTH14,2006/11/6 6:57,2006/11/6 6:57,4.4,train
train_004434,record_004434.npz,IWTH14,2008/1/11 8:00,2008/1/11 8:00,4.7,train
train_004435,record_004435.npz,IWTH14,2008/3/23 15:54,2008/3/23 15:54,4.4,train
train_004436,record_004436.npz,IWTH14,2008/3/29 8:03,2008/3/29 8:03,4.6,train
train_004437,record_004437.npz,IWTH14,2008/4/11 5:33,2008/4/11 5:33,4.4,train
train_004438,record_004438.npz,IWTH14,2008/5/31 23:28,2008/5/31 23:28,5,train
train_004439,record_004439.npz,IWTH14,2008/6/2 0:58,2008/6/2 0:59,4.8,train
train_004440,record_004440.npz,IWTH14,2008/6/14 8:43,2008/6/14 8:43,7.2,train
train_004441,record_004441.npz,IWTH14,2008/6/14 8:49,2008/6/14 8:48,4.5,train
train_004442,record_004442.npz,IWTH14,2008/6/14 8:56,2008/6/14 8:57,4.4,train
train_004443,record_004443.npz,IWTH14,2008/6/14 9:00,2008/6/14 8:59,4.2,train
train_004444,record_004444.npz,IWTH14,2008/6/14 9:18,2008/6/14 9:18,4.3,train
train_004445,record_004445.npz,IWTH14,2008/6/14 9:20,2008/6/14 9:20,5.7,train
train_004446,record_004446.npz,IWTH14,2008/6/14 9:52,2008/6/14 9:53,4.6,train
train_004447,record_004447.npz,IWTH14,2008/6/14 10:00,2008/6/14 10:00,4.5,train
train_004448,record_004448.npz,IWTH15,2001/4/3 4:54,2001/4/3 4:54,5.4,train
train_004449,record_004449.npz,IWTH15,2001/7/18 7:47,2001/7/18 7:47,4.3,train
train_004450,record_004450.npz,IWTH15,2001/8/14 5:11,2001/8/14 5:11,6.2,train
train_004451,record_004451.npz,IWTH15,2001/8/24 18:48,2001/8/24 18:48,5.2,train
train_004452,record_004452.npz,IWTH15,2001/11/13 16:45,2001/11/13 16:45,4.7,train
train_004453,record_004453.npz,IWTH15,2001/12/2 22:02,2001/12/2 22:02,6.4,train
train_004454,record_004454.npz,IWTH15,2002/1/27 16:09,2002/1/27 16:09,5.3,train
train_004455,record_004455.npz,IWTH15,2002/3/2 20:39,2002/3/2 20:39,4.8,train
train_004456,record_004456.npz,IWTH15,2002/3/7 4:19,2002/3/7 4:19,4.7,train
train_004457,record_004457.npz,IWTH15,2002/4/11 21:04,2002/4/11 21:04,4.7,train
train_004458,record_004458.npz,IWTH15,2002/5/6 17:12,2002/5/6 17:12,5,train
train_004459,record_004459.npz,IWTH15,2002/5/12 10:29,2002/5/12 10:29,5.1,train
train_004460,record_004460.npz,IWTH15,2002/6/21 23:15,2002/6/21 23:15,4.8,train
train_004461,record_004461.npz,IWTH15,2002/7/1 15:48,2002/7/1 15:48,4.3,train
train_004462,record_004462.npz,IWTH15,2002/7/12 22:35,2002/7/12 22:35,4.4,train
train_004463,record_004463.npz,IWTH15,2002/7/30 1:19,2002/7/30 1:19,4.1,train
train_004464,record_004464.npz,IWTH15,2002/8/23 11:19,2002/8/23 11:19,4.7,train
train_004465,record_004465.npz,IWTH15,2002/9/9 4:09,2002/9/9 4:10,4.1,train
train_004466,record_004466.npz,IWTH15,2002/9/10 19:52,2002/9/10 19:52,4.1,train
train_004467,record_004467.npz,IWTH15,2002/11/3 12:37,2002/11/3 12:38,6.1,train
train_004468,record_004468.npz,IWTH15,2002/12/5 0:50,2002/12/5 0:51,5.2,train
train_004469,record_004469.npz,IWTH15,2002/12/5 0:53,2002/12/5 0:53,4.9,train
train_004470,record_004470.npz,IWTH15,2003/1/5 18:51,2003/1/5 18:51,4.4,train
train_004471,record_004471.npz,IWTH15,2003/1/6 13:43,2003/1/6 13:43,4.9,train
train_004472,record_004472.npz,IWTH15,2003/5/26 18:24,2003/5/26 18:24,7,train
train_004473,record_004473.npz,IWTH15,2003/5/26 22:34,2003/5/26 22:34,4.8,train
train_004474,record_004474.npz,IWTH15,2003/5/27 0:44,2003/5/27 0:44,4.9,train
train_004475,record_004475.npz,IWTH15,2003/5/31 18:42,2003/5/31 18:42,4.7,train
train_004476,record_004476.npz,IWTH15,2003/6/10 16:24,2003/6/10 16:24,4.9,train
train_004477,record_004477.npz,IWTH16,2001/4/3 4:54,2001/4/3 4:54,5.4,train
train_004478,record_004478.npz,IWTH16,2001/12/2 22:02,2001/12/2 22:02,6.4,train
train_004479,record_004479.npz,IWTH16,2002/1/27 16:09,2002/1/27 16:09,5.3,train
train_004480,record_004480.npz,IWTH16,2002/10/25 5:00,2002/10/25 5:00,4.5,train
train_004481,record_004481.npz,IWTH16,2002/11/3 12:37,2002/11/3 12:38,6.1,train
train_004482,record_004482.npz,IWTH16,2003/7/26 7:13,2003/7/26 7:13,6.2,train
train_004483,record_004483.npz,IWTH16,2004/2/4 15:08,2004/2/4 15:08,5.3,train
train_004484,record_004484.npz,IWTH16,2004/8/10 15:13,2004/8/10 15:13,5.8,train
train_004485,record_004485.npz,IWTH16,2005/2/26 21:37,2005/2/26 21:38,5.7,train
train_004486,record_004486.npz,IWTH16,2005/12/17 3:32,2005/12/17 3:32,6.1,train
train_004487,record_004487.npz,IWTH16,2006/3/12 7:06,2006/3/12 7:07,5,train
train_004488,record_004488.npz,IWTH16,2007/12/25 23:04,2007/12/25 23:05,5.6,train
train_004489,record_004489.npz,IWTH16,2007/12/26 8:39,2007/12/26 8:39,4.6,train
train_004490,record_004490.npz,IWTH16,2008/1/11 8:00,2008/1/11 8:00,4.7,train
train_004491,record_004491.npz,IWTH16,2008/3/23 15:54,2008/3/23 15:54,4.4,train
train_004492,record_004492.npz,IWTH16,2008/3/29 8:03,2008/3/29 8:03,4.6,train
train_004493,record_004493.npz,IWTH16,2008/4/11 5:33,2008/4/11 5:33,4.4,train
train_004494,record_004494.npz,IWTH16,2008/4/17 4:19,2008/4/17 4:20,5.8,train
train_004495,record_004495.npz,IWTH16,2008/5/29 1:42,2008/5/29 1:42,4.8,train
train_004496,record_004496.npz,IWTH16,2008/5/31 23:28,2008/5/31 23:29,5,train
train_004497,record_004497.npz,IWTH16,2008/6/2 0:58,2008/6/2 0:58,4.8,train
train_004498,record_004498.npz,IWTH16,2008/6/14 8:43,2008/6/14 8:43,7.2,train
train_004499,record_004499.npz,IWTH16,2008/6/14 8:49,2008/6/14 8:48,4.5,train
train_004500,record_004500.npz,IWTH16,2008/6/14 8:53,2008/6/14 8:53,4.1,train
train_004501,record_004501.npz,IWTH16,2008/6/14 8:56,2008/6/14 8:55,4.4,train
train_004502,record_004502.npz,IWTH16,2008/6/14 9:00,2008/6/14 9:00,4.2,train
train_004503,record_004503.npz,IWTH16,2008/6/14 9:07,2008/6/14 9:07,4.8,train
train_004504,record_004504.npz,IWTH16,2008/6/14 9:18,2008/6/14 9:18,4.3,train
train_004505,record_004505.npz,IWTH16,2008/6/14 9:20,2008/6/14 9:20,5.7,train
train_004506,record_004506.npz,IWTH16,2008/6/14 9:52,2008/6/14 9:52,4.6,train
train_004507,record_004507.npz,IWTH17,2001/4/3 4:54,2001/4/3 4:54,5.4,train
train_004508,record_004508.npz,IWTH17,2001/8/14 5:11,2001/8/14 5:11,6.2,train
train_004509,record_004509.npz,IWTH17,2001/11/13 16:45,2001/11/13 16:45,4.7,train
train_004510,record_004510.npz,IWTH17,2001/12/2 22:02,2001/12/2 22:02,6.4,train
train_004511,record_004511.npz,IWTH17,2002/1/27 16:09,2002/1/27 16:09,5.3,train
train_004512,record_004512.npz,IWTH17,2002/5/12 10:29,2002/5/12 10:29,5.1,train
train_004513,record_004513.npz,IWTH17,2002/11/3 12:37,2002/11/3 12:38,6.1,train
train_004514,record_004514.npz,IWTH17,2003/4/17 3:00,2003/4/17 3:00,5.4,train
train_004515,record_004515.npz,IWTH17,2003/4/29 10:04,2003/4/29 10:05,4.8,train
train_004516,record_004516.npz,IWTH17,2003/5/26 18:24,2003/5/26 18:24,7,train
train_004517,record_004517.npz,IWTH17,2003/5/27 0:44,2003/5/27 0:44,4.9,train
train_004518,record_004518.npz,IWTH17,2003/6/10 16:24,2003/6/10 16:24,4.9,train
train_004519,record_004519.npz,IWTH17,2003/7/26 7:13,2003/7/26 7:13,6.2,train
train_004520,record_004520.npz,IWTH17,2004/2/4 15:08,2004/2/4 15:08,5.3,train
train_004521,record_004521.npz,IWTH17,2004/8/10 15:13,2004/8/10 15:13,5.8,train
train_004522,record_004522.npz,IWTH17,2004/12/30 22:29,2004/12/30 22:30,5,train
train_004523,record_004523.npz,IWTH17,2005/2/26 21:37,2005/2/26 21:38,5.7,train
train_004524,record_004524.npz,IWTH17,2005/8/16 11:46,2005/8/16 11:46,7.2,train
train_004525,record_004525.npz,IWTH17,2005/12/17 3:32,2005/12/17 3:32,6.1,train
train_004526,record_004526.npz,IWTH17,2006/11/6 6:57,2006/11/6 6:57,4.4,train
train_004527,record_004527.npz,IWTH17,2007/3/31 22:32,2007/3/31 22:32,4.8,train
train_004528,record_004528.npz,IWTH17,2007/11/19 15:00,2007/11/19 15:00,4.2,train
train_004529,record_004529.npz,IWTH17,2007/12/25 23:04,2007/12/25 23:04,5.6,train
train_004530,record_004530.npz,IWTH17,2007/12/26 8:39,2007/12/26 8:39,4.6,train
train_004531,record_004531.npz,IWTH17,2008/1/11 8:00,2008/1/11 8:00,4.7,train
train_004532,record_004532.npz,IWTH17,2008/3/23 15:54,2008/3/23 15:54,4.4,train
train_004533,record_004533.npz,IWTH17,2008/3/29 8:03,2008/3/29 8:03,4.6,train
train_004534,record_004534.npz,IWTH17,2008/4/11 5:33,2008/4/11 5:33,4.4,train
train_004535,record_004535.npz,IWTH18,2001/11/13 16:45,2001/11/13 16:45,4.7,train
train_004536,record_004536.npz,IWTH18,2001/12/2 22:02,2001/12/2 22:02,6.4,train
train_004537,record_004537.npz,IWTH18,2002/1/27 16:09,2002/1/27 16:09,5.3,train
train_004538,record_004538.npz,IWTH18,2002/5/12 10:29,2002/5/12 10:29,5.1,train
train_004539,record_004539.npz,IWTH18,2002/11/3 12:37,2002/11/3 12:37,6.1,train
train_004540,record_004540.npz,IWTH18,2003/5/26 18:24,2003/5/26 18:24,7,train
train_004541,record_004541.npz,IWTH18,2003/5/27 0:44,2003/5/27 0:44,4.9,train
train_004542,record_004542.npz,IWTH18,2003/5/27 21:12,2003/5/27 21:12,4.4,train
train_004543,record_004543.npz,IWTH18,2003/6/10 16:24,2003/6/10 16:24,4.9,train
train_004544,record_004544.npz,IWTH18,2003/7/26 0:13,2003/7/26 0:13,5.5,train
train_004545,record_004545.npz,IWTH18,2003/7/26 7:13,2003/7/26 7:13,6.2,train
train_004546,record_004546.npz,IWTH18,2003/7/26 16:56,2003/7/26 16:57,5.3,train
train_004547,record_004547.npz,IWTH18,2003/8/22 22:44,2003/8/22 22:44,4.6,train
train_004548,record_004548.npz,IWTH18,2004/2/4 15:08,2004/2/4 15:08,5.3,train
train_004549,record_004549.npz,IWTH18,2004/8/10 15:13,2004/8/10 15:13,5.8,train
train_004550,record_004550.npz,IWTH18,2004/12/30 22:29,2004/12/30 22:30,5,train
train_004551,record_004551.npz,IWTH18,2005/5/21 7:01,2005/5/21 7:01,5.1,train
train_004552,record_004552.npz,IWTH18,2005/8/16 11:46,2005/8/16 11:46,7.2,train
train_004553,record_004553.npz,IWTH18,2005/11/13 9:25,2005/11/13 9:25,4.3,train
train_004554,record_004554.npz,IWTH18,2005/12/17 3:32,2005/12/17 3:32,6.1,train
train_004555,record_004555.npz,IWTH18,2006/4/22 23:36,2006/4/22 23:36,4.6,train
train_004556,record_004556.npz,IWTH18,2007/3/31 22:32,2007/3/31 22:32,4.8,train
train_004557,record_004557.npz,IWTH18,2007/11/19 15:00,2007/11/19 15:00,4.2,train
train_004558,record_004558.npz,IWTH18,2007/11/26 6:42,2007/11/26 6:42,4.2,train
train_004559,record_004559.npz,IWTH18,2007/12/25 23:04,2007/12/25 23:04,5.6,train
train_004560,record_004560.npz,IWTH18,2007/12/26 8:39,2007/12/26 8:39,4.6,train
train_004561,record_004561.npz,IWTH18,2008/1/11 8:00,2008/1/11 8:00,4.7,train
train_004562,record_004562.npz,IWTH18,2008/3/23 15:54,2008/3/23 15:54,4.4,train
train_004563,record_004563.npz,IWTH18,2008/3/29 8:03,2008/3/29 8:03,4.6,train
train_004564,record_004564.npz,IWTH18,2008/4/11 5:33,2008/4/11 5:33,4.4,train
train_004565,record_004565.npz,IWTH19,2001/4/3 4:54,2001/4/3 4:54,5.4,train
train_004566,record_004566.npz,IWTH19,2001/4/5 7:22,2001/4/5 7:22,4.3,train
train_004567,record_004567.npz,IWTH19,2001/5/25 8:39,2001/5/25 8:40,4.6,train
train_004568,record_004568.npz,IWTH19,2001/7/18 7:47,2001/7/18 7:47,4.3,train
train_004569,record_004569.npz,IWTH19,2001/11/13 16:45,2001/11/13 16:45,4.7,train
train_004570,record_004570.npz,IWTH19,2001/12/2 22:02,2001/12/2 22:02,6.4,train
train_004571,record_004571.npz,IWTH19,2001/12/14 21:00,2001/12/14 21:01,4.5,train
train_004572,record_004572.npz,IWTH19,2001/12/23 1:41,2001/12/23 1:41,4.5,train
train_004573,record_004573.npz,IWTH19,2002/1/27 16:09,2002/1/27 16:09,5.3,train
train_004574,record_004574.npz,IWTH19,2002/2/13 18:54,2002/2/13 18:55,4.5,train
train_004575,record_004575.npz,IWTH19,2002/3/2 20:39,2002/3/2 20:40,4.8,train
train_004576,record_004576.npz,IWTH19,2002/3/7 4:19,2002/3/7 4:20,4.7,train
train_004577,record_004577.npz,IWTH19,2002/4/21 9:10,2002/4/21 9:11,4.5,train
train_004578,record_004578.npz,IWTH19,2002/5/6 17:12,2002/5/6 17:12,5,train
train_004579,record_004579.npz,IWTH19,2002/5/12 10:29,2002/5/12 10:29,5.1,train
train_004580,record_004580.npz,IWTH19,2002/6/21 23:15,2002/6/21 23:15,4.8,train
train_004581,record_004581.npz,IWTH19,2002/7/1 15:48,2002/7/1 15:48,4.3,train
train_004582,record_004582.npz,IWTH19,2002/8/23 11:19,2002/8/23 11:19,4.7,train
train_004583,record_004583.npz,IWTH19,2002/8/24 8:22,2002/8/24 8:22,4.3,train
train_004584,record_004584.npz,IWTH19,2002/9/9 4:09,2002/9/9 4:10,4.1,train
train_004585,record_004585.npz,IWTH19,2002/10/25 5:00,2002/10/25 5:00,4.5,train
train_004586,record_004586.npz,IWTH19,2002/11/3 12:37,2002/11/3 12:38,6.1,train
train_004587,record_004587.npz,IWTH19,2002/11/4 4:14,2002/11/4 4:15,4.7,train
train_004588,record_004588.npz,IWTH19,2002/11/16 12:19,2002/11/16 12:20,4.2,train
train_004589,record_004589.npz,IWTH19,2002/12/1 19:48,2002/12/1 19:48,4.2,train
train_004590,record_004590.npz,IWTH19,2002/12/2 8:02,2002/12/2 8:03,4.6,train
train_004591,record_004591.npz,IWTH19,2002/12/5 0:50,2002/12/5 0:51,5.2,train
train_004592,record_004592.npz,IWTH19,2002/12/5 0:53,2002/12/5 0:53,4.9,train
train_004593,record_004593.npz,IWTH20,2001/11/13 16:45,2001/11/13 16:45,4.7,train
train_004594,record_004594.npz,IWTH20,2001/12/2 22:02,2001/12/2 22:02,6.4,train
train_004595,record_004595.npz,IWTH20,2002/5/6 17:12,2002/5/6 17:12,5,train
train_004596,record_004596.npz,IWTH20,2002/5/12 10:29,2002/5/12 10:29,5.1,train
train_004597,record_004597.npz,IWTH20,2002/11/3 12:37,2002/11/3 12:38,6.1,train
train_004598,record_004598.npz,IWTH20,2002/12/5 0:50,2002/12/5 0:51,5.2,train
train_004599,record_004599.npz,IWTH20,2003/3/3 7:47,2003/3/3 7:47,5.3,train
train_004600,record_004600.npz,IWTH20,2003/5/26 18:24,2003/5/26 18:24,7,train
train_004601,record_004601.npz,IWTH20,2003/5/26 18:39,2003/5/26 18:38,4.7,train
train_004602,record_004602.npz,IWTH20,2003/5/26 18:48,2003/5/26 18:48,4.6,train
train_004603,record_004603.npz,IWTH20,2003/5/26 19:09,2003/5/26 19:08,4.6,train
train_004604,record_004604.npz,IWTH20,2003/5/26 22:34,2003/5/26 22:34,4.8,train
train_004605,record_004605.npz,IWTH20,2003/5/27 0:44,2003/5/27 0:44,4.9,train
train_004606,record_004606.npz,IWTH20,2003/5/28 6:24,2003/5/28 6:24,4.6,train
train_004607,record_004607.npz,IWTH20,2003/5/31 18:42,2003/5/31 18:42,4.7,train
train_004608,record_004608.npz,IWTH20,2003/6/10 16:24,2003/6/10 16:24,4.9,train
train_004609,record_004609.npz,IWTH20,2003/6/28 20:19,2003/6/28 20:19,4.5,train
train_004610,record_004610.npz,IWTH20,2003/7/26 0:13,2003/7/26 0:13,5.5,train
train_004611,record_004611.npz,IWTH20,2003/7/26 7:13,2003/7/26 7:13,6.2,train
train_004612,record_004612.npz,IWTH20,2003/7/26 16:56,2003/7/26 16:57,5.3,train
train_004613,record_004613.npz,IWTH20,2003/7/28 4:08,2003/7/28 4:08,5,train
train_004614,record_004614.npz,IWTH20,2003/8/22 22:44,2003/8/22 22:44,4.6,train
train_004615,record_004615.npz,IWTH20,2003/10/4 8:11,2003/10/4 8:11,4.5,train
train_004616,record_004616.npz,IWTH20,2004/1/26 17:45,2004/1/26 17:45,4.3,train
train_004617,record_004617.npz,IWTH20,2004/2/4 15:08,2004/2/4 15:08,5.3,train
train_004618,record_004618.npz,IWTH20,2004/2/27 11:49,2004/2/27 11:49,4.6,train
train_004619,record_004619.npz,IWTH20,2004/2/29 5:33,2004/2/29 5:33,4.3,train
train_004620,record_004620.npz,IWTH20,2004/8/10 15:13,2004/8/10 15:13,5.8,train
train_004621,record_004621.npz,IWTH20,2004/9/24 20:44,2004/9/24 20:44,4.2,train
train_004622,record_004622.npz,IWTH20,2004/12/29 22:59,2004/12/29 22:59,5.5,train
train_004623,record_004623.npz,IWTH21,2000/7/30 1:22,2000/7/30 1:23,4.3,train
train_004624,record_004624.npz,IWTH21,2001/11/13 16:45,2001/11/13 16:45,4.7,train
train_004625,record_004625.npz,IWTH21,2001/12/2 22:02,2001/12/2 22:02,6.4,train
train_004626,record_004626.npz,IWTH21,2002/1/27 16:09,2002/1/27 16:09,5.3,train
train_004627,record_004627.npz,IWTH21,2002/5/12 10:29,2002/5/12 10:29,5.1,train
train_004628,record_004628.npz,IWTH21,2002/11/3 12:37,2002/11/3 12:37,6.1,train
train_004629,record_004629.npz,IWTH21,2002/11/24 5:14,2002/11/24 5:14,4.3,train
train_004630,record_004630.npz,IWTH21,2003/1/5 18:51,2003/1/5 18:51,4.4,train
train_004631,record_004631.npz,IWTH21,2003/5/26 18:24,2003/5/26 18:24,7,train
train_004632,record_004632.npz,IWTH21,2003/5/26 22:34,2003/5/26 22:34,4.8,train
train_004633,record_004633.npz,IWTH21,2003/5/27 0:44,2003/5/27 0:44,4.9,train
train_004634,record_004634.npz,IWTH21,2003/6/10 16:24,2003/6/10 16:24,4.9,train
train_004635,record_004635.npz,IWTH21,2003/7/26 0:13,2003/7/26 0:13,5.5,train
train_004636,record_004636.npz,IWTH21,2003/7/26 7:13,2003/7/26 7:13,6.2,train
train_004637,record_004637.npz,IWTH21,2003/8/22 22:44,2003/8/22 22:44,4.6,train
train_004638,record_004638.npz,IWTH21,2004/2/4 15:08,2004/2/4 15:08,5.3,train
train_004639,record_004639.npz,IWTH21,2004/8/10 15:13,2004/8/10 15:13,5.8,train
train_004640,record_004640.npz,IWTH21,2004/12/30 22:29,2004/12/30 22:30,5,train
train_004641,record_004641.npz,IWTH21,2005/5/21 7:01,2005/5/21 7:01,5.1,train
train_004642,record_004642.npz,IWTH21,2005/11/13 9:25,2005/11/13 9:25,4.3,train
train_004643,record_004643.npz,IWTH21,2005/12/17 3:32,2005/12/17 3:32,6.1,train
train_004644,record_004644.npz,IWTH21,2006/4/22 23:36,2006/4/22 23:36,4.6,train
train_004645,record_004645.npz,IWTH21,2007/3/31 22:32,2007/3/31 22:32,4.8,train
train_004646,record_004646.npz,IWTH21,2007/11/19 15:00,2007/11/19 15:00,4.2,train
train_004647,record_004647.npz,IWTH21,2008/1/11 8:00,2008/1/11 8:00,4.7,train
train_004648,record_004648.npz,IWTH21,2008/3/23 15:54,2008/3/23 15:54,4.4,train
train_004649,record_004649.npz,IWTH21,2008/3/29 8:03,2008/3/29 8:03,4.6,train
train_004650,record_004650.npz,IWTH21,2008/4/11 5:33,2008/4/11 5:33,4.4,train
train_004651,record_004651.npz,IWTH21,2008/5/31 23:28,2008/5/31 23:28,5,train
train_004652,record_004652.npz,IWTH21,2008/6/2 0:58,2008/6/2 0:58,4.8,train
train_004653,record_004653.npz,IWTH22,2001/11/13 16:45,2001/11/13 16:45,4.7,train
train_004654,record_004654.npz,IWTH22,2001/12/2 22:02,2001/12/2 22:02,6.4,train
train_004655,record_004655.npz,IWTH22,2002/1/27 16:09,2002/1/27 16:09,5.3,train
train_004656,record_004656.npz,IWTH22,2002/5/12 10:29,2002/5/12 10:29,5.1,train
train_004657,record_004657.npz,IWTH22,2002/11/3 12:37,2002/11/3 12:37,6.1,train
train_004658,record_004658.npz,IWTH22,2003/3/3 7:47,2003/3/3 7:47,5.3,train
train_004659,record_004659.npz,IWTH22,2003/5/26 18:24,2003/5/26 18:24,7,train
train_004660,record_004660.npz,IWTH22,2003/7/26 0:13,2003/7/26 0:13,5.5,train
train_004661,record_004661.npz,IWTH22,2003/7/26 7:13,2003/7/26 7:13,6.2,train
train_004662,record_004662.npz,IWTH22,2004/2/4 15:08,2004/2/4 15:08,5.3,train
train_004663,record_004663.npz,IWTH22,2004/8/10 15:13,2004/8/10 15:13,5.8,train
train_004664,record_004664.npz,IWTH22,2005/8/16 11:46,2005/8/16 11:46,7.2,train
train_004665,record_004665.npz,IWTH22,2005/12/17 3:32,2005/12/17 3:32,6.1,train
train_004666,record_004666.npz,IWTH22,2007/12/25 23:04,2007/12/25 23:04,5.6,train
train_004667,record_004667.npz,IWTH22,2007/12/26 8:39,2007/12/26 8:39,4.6,train
train_004668,record_004668.npz,IWTH22,2008/1/11 8:00,2008/1/11 8:00,4.7,train
train_004669,record_004669.npz,IWTH22,2008/3/23 15:54,2008/3/23 15:54,4.4,train
train_004670,record_004670.npz,IWTH22,2008/3/29 8:03,2008/3/29 8:03,4.6,train
train_004671,record_004671.npz,IWTH22,2008/4/11 5:33,2008/4/11 5:33,4.4,train
train_004672,record_004672.npz,IWTH22,2008/4/17 4:19,2008/4/17 4:20,5.8,train
train_004673,record_004673.npz,IWTH22,2008/5/29 1:42,2008/5/29 1:42,4.8,train
train_004674,record_004674.npz,IWTH22,2008/5/31 23:28,2008/5/31 23:28,5,train
train_004675,record_004675.npz,IWTH22,2008/6/2 0:58,2008/6/2 0:58,4.8,train
train_004676,record_004676.npz,IWTH22,2008/6/14 8:43,2008/6/14 8:43,7.2,train
train_004677,record_004677.npz,IWTH22,2008/6/14 8:49,2008/6/14 8:48,4.5,train
train_004678,record_004678.npz,IWTH22,2008/6/14 8:53,2008/6/14 8:52,4.1,train
train_004679,record_004679.npz,IWTH22,2008/6/14 8:56,2008/6/14 8:56,4.4,train
train_004680,record_004680.npz,IWTH22,2008/6/14 9:00,2008/6/14 9:00,4.2,train
train_004681,record_004681.npz,IWTH22,2008/6/14 9:07,2008/6/14 9:07,4.8,train
train_004682,record_004682.npz,IWTH22,2008/6/14 9:18,2008/6/14 9:17,4.3,train
train_004683,record_004683.npz,IWTH23,2001/4/5 7:22,2001/4/5 7:22,4.3,train
train_004684,record_004684.npz,IWTH23,2001/11/13 16:45,2001/11/13 16:45,4.7,train
train_004685,record_004685.npz,IWTH23,2001/12/2 22:02,2001/12/2 22:02,6.4,train
train_004686,record_004686.npz,IWTH23,2002/1/27 16:09,2002/1/27 16:09,5.3,train
train_004687,record_004687.npz,IWTH23,2002/5/12 10:29,2002/5/12 10:29,5.1,train
train_004688,record_004688.npz,IWTH23,2002/11/3 12:37,2002/11/3 12:37,6.1,train
train_004689,record_004689.npz,IWTH23,2002/12/5 0:50,2002/12/5 0:50,5.2,train
train_004690,record_004690.npz,IWTH23,2003/1/5 18:51,2003/1/5 18:51,4.4,train
train_004691,record_004691.npz,IWTH23,2003/3/3 7:47,2003/3/3 7:47,5.3,train
train_004692,record_004692.npz,IWTH23,2003/5/26 18:24,2003/5/26 18:24,7,train
train_004693,record_004693.npz,IWTH23,2003/5/26 18:39,2003/5/26 18:38,4.7,train
train_004694,record_004694.npz,IWTH23,2003/5/26 18:48,2003/5/26 18:48,4.6,train
train_004695,record_004695.npz,IWTH23,2003/5/26 19:09,2003/5/26 19:08,4.6,train
train_004696,record_004696.npz,IWTH23,2003/5/26 22:34,2003/5/26 22:34,4.8,train
train_004697,record_004697.npz,IWTH23,2003/5/27 0:44,2003/5/27 0:44,4.9,train
train_004698,record_004698.npz,IWTH23,2003/5/27 7:41,2003/5/27 7:41,4.4,train
train_004699,record_004699.npz,IWTH23,2003/5/27 21:12,2003/5/27 21:12,4.4,train
train_004700,record_004700.npz,IWTH23,2003/5/28 6:24,2003/5/28 6:24,4.6,train
train_004701,record_004701.npz,IWTH23,2003/5/31 18:42,2003/5/31 18:42,4.7,train
train_004702,record_004702.npz,IWTH23,2003/6/1 5:38,2003/6/1 5:38,4.5,train
train_004703,record_004703.npz,IWTH23,2003/6/10 16:24,2003/6/10 16:24,4.9,train
train_004704,record_004704.npz,IWTH23,2003/6/28 20:19,2003/6/28 20:19,4.5,train
train_004705,record_004705.npz,IWTH23,2003/7/18 12:32,2003/7/18 12:33,4.8,train
train_004706,record_004706.npz,IWTH23,2003/7/26 0:13,2003/7/26 0:13,5.5,train
train_004707,record_004707.npz,IWTH23,2003/7/26 7:13,2003/7/26 7:13,6.2,train
train_004708,record_004708.npz,IWTH23,2003/8/22 22:44,2003/8/22 22:44,4.6,train
train_004709,record_004709.npz,IWTH23,2003/8/27 21:05,2003/8/27 21:05,4.3,train
train_004710,record_004710.npz,IWTH23,2003/10/31 10:06,2003/10/31 10:06,6.8,train
train_004711,record_004711.npz,IWTH23,2004/1/26 17:45,2004/1/26 17:45,4.3,train
train_004712,record_004712.npz,IWTH23,2004/2/4 15:08,2004/2/4 15:08,5.3,train
train_004713,record_004713.npz,IWTH24,2001/12/2 22:02,2001/12/2 22:02,6.4,train
train_004714,record_004714.npz,IWTH24,2002/1/27 16:09,2002/1/27 16:09,5.3,train
train_004715,record_004715.npz,IWTH24,2002/5/12 10:29,2002/5/12 10:29,5.1,train
train_004716,record_004716.npz,IWTH24,2003/3/3 7:47,2003/3/3 7:47,5.3,train
train_004717,record_004717.npz,IWTH24,2003/5/26 18:24,2003/5/26 18:24,7,train
train_004718,record_004718.npz,IWTH24,2003/5/26 19:09,2003/5/26 19:08,4.6,train
train_004719,record_004719.npz,IWTH24,2003/6/10 16:24,2003/6/10 16:24,4.9,train
train_004720,record_004720.npz,IWTH24,2003/7/26 0:13,2003/7/26 0:13,5.5,train
train_004721,record_004721.npz,IWTH24,2003/7/26 7:13,2003/7/26 7:13,6.2,train
train_004722,record_004722.npz,IWTH24,2005/8/16 11:46,2005/8/16 11:46,7.2,train
train_004723,record_004723.npz,IWTH24,2005/12/2 22:13,2005/12/2 22:13,6.6,train
train_004724,record_004724.npz,IWTH24,2005/12/17 3:32,2005/12/17 3:32,6.1,train
train_004725,record_004725.npz,IWTH24,2006/7/1 8:28,2006/7/1 8:28,5.3,train
train_004726,record_004726.npz,IWTH24,2007/3/31 22:32,2007/3/31 22:32,4.8,train
train_004727,record_004727.npz,IWTH24,2007/12/25 23:04,2007/12/25 23:04,5.6,train
train_004728,record_004728.npz,IWTH24,2007/12/26 8:39,2007/12/26 8:39,4.6,train
train_004729,record_004729.npz,IWTH24,2008/1/11 8:00,2008/1/11 8:00,4.7,train
train_004730,record_004730.npz,IWTH24,2008/3/23 15:54,2008/3/23 15:55,4.4,train
train_004731,record_004731.npz,IWTH24,2008/3/29 8:03,2008/3/29 8:03,4.6,train
train_004732,record_004732.npz,IWTH24,2008/4/11 5:33,2008/4/11 5:33,4.4,train
train_004733,record_004733.npz,IWTH24,2008/4/17 4:19,2008/4/17 4:20,5.8,train
train_004734,record_004734.npz,IWTH24,2008/5/29 1:42,2008/5/29 1:42,4.8,train
train_004735,record_004735.npz,IWTH24,2008/5/31 23:28,2008/5/31 23:29,5,train
train_004736,record_004736.npz,IWTH24,2008/6/2 0:58,2008/6/2 0:58,4.8,train
train_004737,record_004737.npz,IWTH24,2008/6/14 9:20,2008/6/14 9:20,5.7,train
train_004738,record_004738.npz,IWTH24,2008/6/14 10:40,2008/6/14 10:39,4.8,train
train_004739,record_004739.npz,IWTH24,2008/6/14 19:12,2008/6/14 19:10,4.1,train
train_004740,record_004740.npz,IWTH24,2008/6/14 23:04,2008/6/14 23:04,4.1,train
train_004741,record_004741.npz,IWTH24,2008/6/15 6:02,2008/6/15 6:01,4.1,train
train_004742,record_004742.npz,IWTH24,2008/6/17 6:39,2008/6/17 6:39,4.1,train
train_004743,record_004743.npz,IWTH25,2001/11/13 16:45,2001/11/13 16:45,4.7,train
train_004744,record_004744.npz,IWTH25,2001/12/2 22:02,2001/12/2 22:02,6.4,train
train_004745,record_004745.npz,IWTH25,2002/1/27 16:09,2002/1/27 16:09,5.3,train
train_004746,record_004746.npz,IWTH25,2002/11/3 12:37,2002/11/3 12:38,6.1,train
train_004747,record_004747.npz,IWTH25,2003/5/26 18:24,2003/5/26 18:24,7,train
train_004748,record_004748.npz,IWTH25,2003/5/26 18:48,2003/5/26 18:48,4.6,train
train_004749,record_004749.npz,IWTH25,2003/5/26 22:34,2003/5/26 22:34,4.8,train
train_004750,record_004750.npz,IWTH25,2003/5/27 0:44,2003/5/27 0:44,4.9,train
train_004751,record_004751.npz,IWTH25,2003/6/10 16:24,2003/6/10 16:24,4.9,train
train_004752,record_004752.npz,IWTH25,2003/7/18 12:32,2003/7/18 12:33,4.8,train
train_004753,record_004753.npz,IWTH25,2003/7/26 0:13,2003/7/26 0:13,5.5,train
train_004754,record_004754.npz,IWTH25,2003/7/26 7:13,2003/7/26 7:13,6.2,train
train_004755,record_004755.npz,IWTH25,2003/10/4 8:11,2003/10/4 8:11,4.5,train
train_004756,record_004756.npz,IWTH25,2004/1/26 17:45,2004/1/26 17:45,4.3,train
train_004757,record_004757.npz,IWTH25,2004/2/29 5:33,2004/2/29 5:33,4.3,train
train_004758,record_004758.npz,IWTH25,2004/12/30 22:29,2004/12/30 22:30,5,train
train_004759,record_004759.npz,IWTH25,2005/8/16 11:46,2005/8/16 11:46,7.2,train
train_004760,record_004760.npz,IWTH25,2005/12/17 3:32,2005/12/17 3:32,6.1,train
train_004761,record_004761.npz,IWTH25,2006/4/22 23:36,2006/4/22 23:36,4.6,train
train_004762,record_004762.npz,IWTH25,2006/8/17 12:45,2006/8/17 12:45,4.3,train
train_004763,record_004763.npz,IWTH25,2007/3/31 22:32,2007/3/31 22:32,4.8,train
train_004764,record_004764.npz,IWTH25,2007/11/26 6:42,2007/11/26 6:42,4.2,train
train_004765,record_004765.npz,IWTH25,2007/12/25 23:04,2007/12/25 23:04,5.6,train
train_004766,record_004766.npz,IWTH25,2007/12/26 8:39,2007/12/26 8:39,4.6,train
train_004767,record_004767.npz,IWTH25,2008/1/11 8:00,2008/1/11 8:00,4.7,train
train_004768,record_004768.npz,IWTH25,2008/3/29 8:03,2008/3/29 8:03,4.6,train
train_004769,record_004769.npz,IWTH25,2008/4/11 5:33,2008/4/11 5:33,4.4,train
train_004770,record_004770.npz,IWTH25,2008/4/17 4:19,2008/4/17 4:20,5.8,train
train_004771,record_004771.npz,IWTH25,2008/5/31 23:28,2008/5/31 23:29,5,train
train_004772,record_004772.npz,IWTH25,2008/6/2 0:58,2008/6/2 0:58,4.8,train
train_004773,record_004773.npz,IWTH26,2001/7/18 7:47,2001/7/18 7:48,4.3,train
train_004774,record_004774.npz,IWTH26,2001/11/13 16:45,2001/11/13 16:45,4.7,train
train_004775,record_004775.npz,IWTH26,2001/12/2 22:02,2001/12/2 22:02,6.4,train
train_004776,record_004776.npz,IWTH26,2001/12/14 21:00,2001/12/14 21:01,4.5,train
train_004777,record_004777.npz,IWTH26,2001/12/23 1:41,2001/12/23 1:41,4.5,train
train_004778,record_004778.npz,IWTH26,2002/1/27 16:09,2002/1/27 16:09,5.3,train
train_004779,record_004779.npz,IWTH26,2002/1/29 8:42,2002/1/29 8:43,4.6,train
train_004780,record_004780.npz,IWTH26,2002/3/2 20:39,2002/3/2 20:40,4.8,train
train_004781,record_004781.npz,IWTH26,2002/5/6 17:12,2002/5/6 17:12,5,train
train_004782,record_004782.npz,IWTH26,2002/5/12 10:29,2002/5/12 10:29,5.1,train
train_004783,record_004783.npz,IWTH26,2002/11/3 12:37,2002/11/3 12:38,6.1,train
train_004784,record_004784.npz,IWTH26,2002/12/5 0:50,2002/12/5 0:51,5.2,train
train_004785,record_004785.npz,IWTH26,2002/12/5 0:53,2002/12/5 0:53,4.9,train
train_004786,record_004786.npz,IWTH26,2002/12/9 3:34,2002/12/9 3:34,4.6,train
train_004787,record_004787.npz,IWTH26,2003/1/5 18:51,2003/1/5 18:51,4.4,train
train_004788,record_004788.npz,IWTH26,2003/1/27 16:16,2003/1/27 16:17,4.7,train
train_004789,record_004789.npz,IWTH26,2003/2/16 12:03,2003/2/16 12:04,5,train
train_004790,record_004790.npz,IWTH26,2003/3/3 7:47,2003/3/3 7:47,5.3,train
train_004791,record_004791.npz,IWTH26,2003/5/26 18:24,2003/5/26 18:24,7,train
train_004792,record_004792.npz,IWTH26,2003/5/26 22:34,2003/5/26 22:34,4.8,train
train_004793,record_004793.npz,IWTH26,2003/6/10 16:24,2003/6/10 16:24,4.9,train
train_004794,record_004794.npz,IWTH26,2003/7/21 19:04,2003/7/21 19:04,4.5,train
train_004795,record_004795.npz,IWTH26,2003/7/26 0:13,2003/7/26 0:13,5.5,train
train_004796,record_004796.npz,IWTH26,2003/7/26 7:13,2003/7/26 7:13,6.2,train
train_004797,record_004797.npz,IWTH26,2003/7/26 7:52,2003/7/26 7:51,4.3,train
train_004798,record_004798.npz,IWTH26,2003/7/26 10:22,2003/7/26 10:22,4.8,train
train_004799,record_004799.npz,IWTH26,2003/7/26 16:56,2003/7/26 16:56,5.3,train
train_004800,record_004800.npz,IWTH26,2003/7/28 4:08,2003/7/28 4:08,5,train
train_004801,record_004801.npz,IWTH27,2002/11/3 12:37,2002/11/3 12:37,6.1,train
train_004802,record_004802.npz,IWTH27,2003/3/3 7:47,2003/3/3 7:47,5.3,train
train_004803,record_004803.npz,IWTH27,2003/5/26 18:24,2003/5/26 18:24,7,train
train_004804,record_004804.npz,IWTH27,2003/5/26 18:39,2003/5/26 18:39,4.7,train
train_004805,record_004805.npz,IWTH27,2003/5/26 18:48,2003/5/26 18:48,4.6,train
train_004806,record_004806.npz,IWTH27,2003/5/26 19:09,2003/5/26 19:08,4.6,train
train_004807,record_004807.npz,IWTH27,2003/5/26 22:34,2003/5/26 22:34,4.8,train
train_004808,record_004808.npz,IWTH27,2003/5/26 23:48,2003/5/26 23:48,4.4,train
train_004809,record_004809.npz,IWTH27,2003/5/27 0:44,2003/5/27 0:44,4.9,train
train_004810,record_004810.npz,IWTH27,2003/5/27 10:47,2003/5/27 10:47,4.4,train
train_004811,record_004811.npz,IWTH27,2003/5/31 18:42,2003/5/31 18:42,4.7,train
train_004812,record_004812.npz,IWTH27,2003/6/1 5:38,2003/6/1 5:38,4.5,train
train_004813,record_004813.npz,IWTH27,2003/6/10 16:24,2003/6/10 16:24,4.9,train
train_004814,record_004814.npz,IWTH27,2003/6/28 20:19,2003/6/28 20:19,4.5,train
train_004815,record_004815.npz,IWTH27,2003/7/18 12:32,2003/7/18 12:32,4.8,train
train_004816,record_004816.npz,IWTH27,2003/7/26 0:13,2003/7/26 0:13,5.5,train
train_004817,record_004817.npz,IWTH27,2003/7/26 7:13,2003/7/26 7:13,6.2,train
train_004818,record_004818.npz,IWTH27,2003/7/28 4:08,2003/7/28 4:08,5,train
train_004819,record_004819.npz,IWTH27,2003/8/22 22:44,2003/8/22 22:44,4.6,train
train_004820,record_004820.npz,IWTH27,2004/1/26 17:45,2004/1/26 17:45,4.3,train
train_004821,record_004821.npz,IWTH27,2004/2/4 15:08,2004/2/4 15:08,5.3,train
train_004822,record_004822.npz,IWTH27,2004/2/27 11:49,2004/2/27 11:49,4.6,train
train_004823,record_004823.npz,IWTH27,2004/6/28 11:23,2004/6/28 11:23,4.1,train
train_004824,record_004824.npz,IWTH27,2004/8/10 15:13,2004/8/10 15:13,5.8,train
train_004825,record_004825.npz,IWTH27,2004/12/30 22:29,2004/12/30 22:29,5,train
train_004826,record_004826.npz,IWTH27,2005/8/16 11:46,2005/8/16 11:46,7.2,train
train_004827,record_004827.npz,IWTH27,2005/10/9 18:14,2005/10/9 18:14,4.2,train
train_004828,record_004828.npz,IWTH27,2005/12/2 22:13,2005/12/2 22:13,6.6,train
train_004829,record_004829.npz,IWTH27,2005/12/8 13:05,2005/12/8 13:05,4.5,train
train_004830,record_004830.npz,IWTH27,2005/12/17 3:32,2005/12/17 3:32,6.1,train
train_004831,record_004831.npz,KGSH01,2004/12/12 14:28,2004/12/12 14:29,5.1,train
train_004832,record_004832.npz,KGSH05,2000/4/2 21:25,2000/4/2 21:25,4.5,train
train_004833,record_004833.npz,KGSH05,2000/6/8 9:32,2000/6/8 9:33,4.8,train
train_004834,record_004834.npz,KGSH05,2000/6/25 15:34,2000/6/25 15:35,5.9,train
train_004835,record_004835.npz,KGSH05,2001/6/13 9:59,2001/6/13 10:00,4.6,train
train_004836,record_004836.npz,KGSH05,2002/11/4 13:36,2002/11/4 13:36,5.7,train
train_004837,record_004837.npz,KGSH05,2007/12/23 2:48,2007/12/23 2:48,4.4,train
train_004838,record_004838.npz,KGSH05,2007/12/23 2:49,2007/12/23 2:49,4.8,train
train_004839,record_004839.npz,KGSH05,2008/3/3 21:41,2008/3/3 21:41,4.3,train
train_004840,record_004840.npz,KGSH05,2008/3/10 10:44,2008/3/10 10:44,5.1,train
train_004841,record_004841.npz,KGSH05,2008/12/13 21:32,2008/12/13 21:33,4.4,train
train_004842,record_004842.npz,KGSH05,2009/3/19 19:40,2009/3/19 19:40,4.3,train
train_004843,record_004843.npz,KGSH05,2009/4/5 18:36,2009/4/5 18:36,5.6,train
train_004844,record_004844.npz,KGSH05,2009/8/3 20:18,2009/8/3 20:18,4.7,train
train_004845,record_004845.npz,KGSH05,2009/8/5 12:51,2009/8/5 12:51,5,train
train_004846,record_004846.npz,KGSH05,2009/8/6 11:22,2009/8/6 11:22,4.3,train
train_004847,record_004847.npz,KGSH05,2009/9/3 22:26,2009/9/3 22:26,6,train
train_004848,record_004848.npz,KGSH05,2010/1/25 16:15,2010/1/25 16:15,5.4,train
train_004849,record_004849.npz,KGSH05,2011/2/7 4:40,2011/2/7 4:40,4.4,train
train_004850,record_004850.npz,KGSH05,2011/2/28 9:04,2011/2/28 9:04,4.6,train
train_004851,record_004851.npz,KGSH06,2000/6/8 9:32,2000/6/8 9:33,4.8,train
train_004852,record_004852.npz,KGSH06,2000/6/25 15:34,2000/6/25 15:35,5.9,train
train_004853,record_004853.npz,KGSH06,2003/4/12 13:28,2003/4/12 13:28,4.8,train
train_004854,record_004854.npz,KGSH06,2003/11/30 12:45,2003/11/30 12:45,4.8,train
train_004855,record_004855.npz,KGSH06,2010/6/13 17:58,2010/6/13 17:59,4.1,train
train_004856,record_004856.npz,KGSH06,2011/2/7 4:40,2011/2/7 4:40,4.4,train
train_004857,record_004857.npz,KGSH07,2000/6/8 9:32,2000/6/8 9:33,4.8,train
train_004858,record_004858.npz,KGSH07,2000/6/25 15:34,2000/6/25 15:35,5.9,train
train_004859,record_004859.npz,KGSH07,2002/11/4 13:36,2002/11/4 13:36,5.7,train
train_004860,record_004860.npz,KGSH07,2003/4/12 13:28,2003/4/12 13:28,4.8,train
train_004861,record_004861.npz,KGSH07,2003/11/30 12:45,2003/11/30 12:45,4.8,train
train_004862,record_004862.npz,KGSH07,2007/12/23 2:49,2007/12/23 2:49,4.8,train
train_004863,record_004863.npz,KGSH07,2008/3/3 21:41,2008/3/3 21:41,4.3,train
train_004864,record_004864.npz,KGSH07,2008/3/10 10:44,2008/3/10 10:44,5.1,train
train_004865,record_004865.npz,KGSH07,2008/12/13 21:32,2008/12/13 21:33,4.4,train
train_004866,record_004866.npz,KGSH07,2009/3/19 19:40,2009/3/19 19:40,4.3,train
train_004867,record_004867.npz,KGSH07,2009/4/5 18:36,2009/4/5 18:36,5.6,train
train_004868,record_004868.npz,KGSH07,2009/8/3 20:18,2009/8/3 20:18,4.7,train
train_004869,record_004869.npz,KGSH07,2009/8/6 11:22,2009/8/6 11:22,4.3,train
train_004870,record_004870.npz,KGSH07,2009/9/3 22:26,2009/9/3 22:26,6,train
train_004871,record_004871.npz,KGSH07,2010/1/25 16:15,2010/1/25 16:15,5.4,train
train_004872,record_004872.npz,KGSH09,2002/6/18 16:58,2002/6/18 16:58,4.5,train
train_004873,record_004873.npz,KGSH09,2008/3/3 21:41,2008/3/3 21:41,4.3,train
train_004874,record_004874.npz,KGSH09,2008/3/10 10:44,2008/3/10 10:44,5.1,train
train_004875,record_004875.npz,KGSH09,2008/12/13 21:32,2008/12/13 21:33,4.4,train
train_004876,record_004876.npz,KGSH09,2009/3/19 19:40,2009/3/19 19:40,4.3,train
train_004877,record_004877.npz,KGSH09,2009/4/5 18:36,2009/4/5 18:36,5.6,train
train_004878,record_004878.npz,KGSH09,2009/4/22 20:24,2009/4/22 20:24,4.8,train
train_004879,record_004879.npz,KGSH09,2009/8/3 20:18,2009/8/3 20:18,4.7,train
train_004880,record_004880.npz,KGSH09,2009/8/6 11:22,2009/8/6 11:22,4.3,train
train_004881,record_004881.npz,KGSH09,2009/9/3 22:26,2009/9/3 22:26,6,train
train_004882,record_004882.npz,KGSH09,2010/1/25 16:15,2010/1/25 16:15,5.4,train
train_004883,record_004883.npz,KGSH09,2010/6/13 17:58,2010/6/13 17:59,4.1,train
train_004884,record_004884.npz,KGSH09,2010/9/26 8:25,2010/9/26 8:25,4.4,train
train_004885,record_004885.npz,KGSH09,2011/2/4 18:11,2011/2/4 18:11,4.7,train
train_004886,record_004886.npz,KGSH09,2011/2/7 4:40,2011/2/7 4:40,4.4,train
train_004887,record_004887.npz,KGSH10,2001/9/12 17:32,2001/9/12 17:33,4.3,train
train_004888,record_004888.npz,KGSH10,2002/7/16 4:58,2002/7/16 4:58,4.4,train
train_004889,record_004889.npz,KGSH10,2009/3/19 19:40,2009/3/19 19:40,4.3,train
train_004890,record_004890.npz,KGSH10,2009/4/5 18:36,2009/4/5 18:36,5.6,train
train_004891,record_004891.npz,KGSH10,2009/4/22 20:24,2009/4/22 20:24,4.8,train
train_004892,record_004892.npz,KGSH10,2009/9/3 22:26,2009/9/3 22:26,6,train
train_004893,record_004893.npz,KGSH10,2010/1/25 16:15,2010/1/25 16:15,5.4,train
train_004894,record_004894.npz,KGSH10,2010/6/13 17:58,2010/6/13 17:59,4.1,train
train_004895,record_004895.npz,KGSH10,2011/2/4 18:11,2011/2/4 18:11,4.7,train
train_004896,record_004896.npz,KGSH10,2011/2/7 4:40,2011/2/7 4:40,4.4,train
train_004897,record_004897.npz,KGSH11,2000/6/25 15:34,2000/6/25 15:35,5.9,train
train_004898,record_004898.npz,KGSH11,2002/5/24 19:08,2002/5/24 19:09,4.4,train
train_004899,record_004899.npz,KGSH11,2002/6/18 16:58,2002/6/18 16:58,4.5,train
train_004900,record_004900.npz,KGSH11,2002/7/16 4:58,2002/7/16 4:58,4.4,train
train_004901,record_004901.npz,KGSH11,2002/7/16 20:57,2002/7/16 20:57,5.1,train
train_004902,record_004902.npz,KGSH11,2002/10/25 23:40,2002/10/25 23:41,5.1,train
train_004903,record_004903.npz,KGSH11,2010/1/25 16:15,2010/1/25 16:15,5.4,train
train_004904,record_004904.npz,KGSH11,2010/9/26 8:25,2010/9/26 8:25,4.4,train
train_004905,record_004905.npz,KGSH11,2011/2/4 18:11,2011/2/4 18:11,4.7,train
train_004906,record_004906.npz,KGSH11,2011/2/7 4:40,2011/2/7 4:40,4.4,train
train_004907,record_004907.npz,KGSH12,2005/11/22 0:36,2005/11/22 0:36,6,train
train_004908,record_004908.npz,KGSH12,2008/3/10 10:44,2008/3/10 10:44,5.1,train
train_004909,record_004909.npz,KGSH12,2008/4/22 18:07,2008/4/22 18:07,4.4,train
train_004910,record_004910.npz,KGSH12,2008/8/24 9:25,2008/8/24 9:26,4.5,train
train_004911,record_004911.npz,KGSH12,2009/3/19 19:40,2009/3/19 19:40,4.3,train
train_004912,record_004912.npz,KGSH12,2009/4/5 18:36,2009/4/5 18:36,5.6,train
train_004913,record_004913.npz,KGSH12,2009/7/28 5:30,2009/7/28 5:31,4.2,train
train_004914,record_004914.npz,KGSH12,2009/9/3 22:26,2009/9/3 22:26,6,train
train_004915,record_004915.npz,KGSH12,2010/1/25 16:15,2010/1/25 16:15,5.4,train
train_004916,record_004916.npz,KGSH12,2010/9/26 8:25,2010/9/26 8:25,4.4,train
train_004917,record_004917.npz,KGSH12,2011/2/4 18:11,2011/2/4 18:11,4.7,train
train_004918,record_004918.npz,KGSH12,2011/2/7 4:40,2011/2/7 4:40,4.4,train
train_004919,record_004919.npz,KGSH12,2011/2/28 9:04,2011/2/28 9:04,4.6,train
train_004920,record_004920.npz,KGSH13,2002/5/24 19:08,2002/5/24 19:08,4.4,train
train_004921,record_004921.npz,KGSH13,2002/6/18 16:58,2002/6/18 16:58,4.5,train
train_004922,record_004922.npz,KGSH13,2002/7/16 4:58,2002/7/16 4:58,4.4,train
train_004923,record_004923.npz,KGSH13,2002/7/16 20:57,2002/7/16 20:57,5.1,train
train_004924,record_004924.npz,KGSH13,2002/9/19 13:17,2002/9/19 13:17,4.1,train
train_004925,record_004925.npz,KGSH13,2002/10/25 23:40,2002/10/25 23:41,5.1,train
train_004926,record_004926.npz,KGSH13,2002/11/4 13:36,2002/11/4 13:36,5.7,train
train_004927,record_004927.npz,KGSH13,2003/11/30 12:45,2003/11/30 12:46,4.8,train
train_004928,record_004928.npz,KGSH13,2004/3/1 21:27,2004/3/1 21:28,4.6,train
train_004929,record_004929.npz,KGSH13,2004/11/4 5:28,2004/11/4 5:29,4.7,train
train_004930,record_004930.npz,KGSH13,2004/12/12 14:28,2004/12/12 14:29,5.1,train
train_004931,record_004931.npz,KGSH13,2004/12/12 15:58,2004/12/12 15:59,4.7,train
train_004932,record_004932.npz,KGSH13,2004/12/14 2:27,2004/12/14 2:27,5.3,train
train_004933,record_004933.npz,KGSH13,2004/12/22 11:56,2004/12/22 11:56,4.6,train
train_004934,record_004934.npz,KGSH13,2005/5/31 11:04,2005/5/31 11:04,5.8,train
train_004935,record_004935.npz,KGSH13,2005/11/22 0:36,2005/11/22 0:36,6,train
train_004936,record_004936.npz,KGSH13,2007/12/23 2:49,2007/12/23 2:48,4.8,train
train_004937,record_004937.npz,KGSH13,2008/3/3 21:41,2008/3/3 21:41,4.3,train
train_004938,record_004938.npz,KGSH13,2008/3/10 10:44,2008/3/10 10:44,5.1,train
train_004939,record_004939.npz,KGSH13,2008/8/24 9:25,2008/8/24 9:26,4.5,train
train_004940,record_004940.npz,KGSH13,2008/12/13 21:32,2008/12/13 21:33,4.4,train
train_004941,record_004941.npz,KGSH13,2009/3/19 19:40,2009/3/19 19:40,4.3,train
train_004942,record_004942.npz,KGSH13,2009/4/5 18:36,2009/4/5 18:36,5.6,train
train_004943,record_004943.npz,KGSH13,2009/7/28 5:30,2009/7/28 5:31,4.2,train
train_004944,record_004944.npz,KGSH13,2009/9/3 22:26,2009/9/3 22:26,6,train
train_004945,record_004945.npz,KGSH13,2010/1/25 16:15,2010/1/25 16:15,5.4,train
train_004946,record_004946.npz,KGWH01,2000/4/15 2:41,2000/4/15 2:41,4.8,train
train_004947,record_004947.npz,KGWH01,2000/7/17 8:00,2000/7/17 8:00,4.3,train
train_004948,record_004948.npz,KGWH01,2000/7/26 16:24,2000/7/26 16:24,4.1,train
train_004949,record_004949.npz,KGWH01,2000/10/6 13:30,2000/10/6 13:30,7.3,train
train_004950,record_004950.npz,KGWH01,2000/10/6 14:52,2000/10/6 14:53,4.4,train
train_004951,record_004951.npz,KGWH01,2000/10/7 4:59,2000/10/7 5:00,4.9,train
train_004952,record_004952.npz,KGWH01,2000/10/7 12:03,2000/10/7 12:04,4.2,train
train_004953,record_004953.npz,KGWH01,2000/10/8 13:17,2000/10/8 13:18,5.5,train
train_004954,record_004954.npz,KGWH01,2000/10/8 20:51,2000/10/8 20:51,5,train
train_004955,record_004955.npz,KGWH01,2000/10/10 21:58,2000/10/10 21:58,4.4,train
train_004956,record_004956.npz,KGWH01,2000/10/17 22:17,2000/10/17 22:17,4.2,train
train_004957,record_004957.npz,KGWH01,2000/12/19 6:18,2000/12/19 6:19,4.1,train
train_004958,record_004958.npz,KGWH01,2001/1/12 8:00,2001/1/12 8:00,5.4,train
train_004959,record_004959.npz,KGWH01,2001/1/20 5:20,2001/1/20 5:20,4.7,train
train_004960,record_004960.npz,KGWH01,2001/1/25 19:45,2001/1/25 19:45,4.4,train
train_004961,record_004961.npz,KGWH01,2001/2/8 14:12,2001/2/8 14:12,4.2,train
train_004962,record_004962.npz,KGWH01,2001/2/11 9:17,2001/2/11 9:18,4.3,train
train_004963,record_004963.npz,KGWH01,2001/3/24 15:28,2001/3/24 15:28,6.4,train
train_004964,record_004964.npz,KGWH01,2001/3/24 16:25,2001/3/24 16:25,4.2,train
train_004965,record_004965.npz,KGWH01,2001/3/25 19:19,2001/3/25 19:19,4.4,train
train_004966,record_004966.npz,KGWH01,2001/3/26 5:41,2001/3/26 5:41,5,train
train_004967,record_004967.npz,KGWH01,2001/4/3 21:14,2001/4/3 21:15,4.4,train
train_004968,record_004968.npz,KGWH01,2001/8/24 21:44,2001/8/24 21:45,4.3,train
train_004969,record_004969.npz,KGWH01,2001/8/25 22:21,2001/8/25 22:22,5.1,train
train_004970,record_004970.npz,KGWH01,2001/10/2 21:14,2001/10/2 21:15,4.6,train
train_004971,record_004971.npz,KGWH01,2002/1/24 16:08,2002/1/24 16:09,4.5,train
train_004972,record_004972.npz,KGWH01,2002/3/25 22:58,2002/3/25 22:58,4.7,train
train_004973,record_004973.npz,KGWH01,2002/4/6 1:57,2002/4/6 1:57,4.5,train
train_004974,record_004974.npz,KGWH01,2002/9/16 10:10,2002/9/16 10:11,5.3,train
train_004975,record_004975.npz,KGWH02,2000/1/13 8:02,2000/1/13 8:02,4.2,train
train_004976,record_004976.npz,KGWH02,2001/3/24 15:28,2001/3/24 15:28,6.4,train
train_004977,record_004977.npz,KGWH02,2002/3/25 22:58,2002/3/25 22:58,4.7,train
train_004978,record_004978.npz,KGWH02,2003/8/14 23:46,2003/8/14 23:46,4.6,train
train_004979,record_004979.npz,KGWH02,2005/5/27 3:17,2005/5/27 3:17,4.7,train
train_004980,record_004980.npz,KGWH02,2007/4/26 9:03,2007/4/26 9:03,5.3,train
train_004981,record_004981.npz,KGWH02,2008/3/8 3:52,2008/3/8 3:52,4.1,train
train_004982,record_004982.npz,KGWH02,2008/4/17 0:58,2008/4/17 0:59,4.1,train
train_004983,record_004983.npz,KGWH02,2008/8/24 5:45,2008/8/24 5:45,4.3,train
train_004984,record_004984.npz,KGWH02,2009/1/25 2:33,2009/1/25 2:34,4.4,train
train_004985,record_004985.npz,KGWH02,2009/6/14 19:17,2009/6/14 19:18,4.2,train
train_004986,record_004986.npz,KGWH02,2009/7/18 5:16,2009/7/18 5:17,4.3,train
train_004987,record_004987.npz,KGWH02,2009/7/22 23:51,2009/7/22 23:51,4.6,train
train_004988,record_004988.npz,KGWH02,2009/12/16 14:12,2009/12/16 14:13,4.6,train
train_004989,record_004989.npz,KGWH04,2002/9/16 10:10,2002/9/16 10:11,5.3,train
train_004990,record_004990.npz,KGWH04,2003/12/13 12:32,2003/12/13 12:32,4.6,train
train_004991,record_004991.npz,KGWH04,2005/5/27 3:17,2005/5/27 3:17,4.7,train
train_004992,record_004992.npz,KGWH04,2007/4/26 9:03,2007/4/26 9:03,5.3,train
train_004993,record_004993.npz,KGWH04,2008/3/8 3:52,2008/3/8 3:53,4.1,train
train_004994,record_004994.npz,KGWH04,2008/4/17 0:58,2008/4/17 0:58,4.1,train
train_004995,record_004995.npz,KGWH04,2010/7/21 6:19,2010/7/21 6:19,5.1,train
train_004996,record_004996.npz,KGWH04,2011/1/16 20:33,2011/1/16 20:33,4.5,train
train_004997,record_004997.npz,KGWH04,2011/2/21 15:46,2011/2/21 15:46,4.8,train
train_004998,record_004998.npz,KKWH01,2004/12/14 14:56,2004/12/14 14:56,6.1,train
train_004999,record_004999.npz,KKWH04,2004/12/14 14:56,2004/12/14 14:56,6.1,train
train_005000,record_005000.npz,KKWH07,2002/7/28 20:31,2002/7/28 20:31,4.8,train
train_005001,record_005001.npz,KKWH07,2009/2/28 9:36,2009/2/28 9:36,5.3,train
train_005002,record_005002.npz,KKWH08,2002/3/17 1:22,2002/3/17 1:23,4.6,train
train_005003,record_005003.npz,KKWH08,2002/12/1 18:57,2002/12/1 18:57,5.4,train
train_005004,record_005004.npz,KKWH08,2003/1/7 3:27,2003/1/7 3:27,4.6,train
train_005005,record_005005.npz,KKWH08,2003/3/16 14:35,2003/3/16 14:35,4.6,train
train_005006,record_005006.npz,KKWH08,2003/9/11 4:32,2003/9/11 4:32,4.9,train
train_005007,record_005007.npz,KKWH08,2003/9/26 4:50,2003/9/26 4:50,8,train
train_005008,record_005008.npz,KKWH08,2003/9/26 6:08,2003/9/26 6:07,7.1,train
train_005009,record_005009.npz,KKWH08,2003/9/29 11:37,2003/9/29 11:37,6.5,train
train_005010,record_005010.npz,KKWH08,2003/11/24 21:18,2003/11/24 21:18,5.3,train
train_005011,record_005011.npz,KKWH08,2007/2/17 9:03,2007/2/17 9:03,6.2,train
train_005012,record_005012.npz,KKWH08,2007/4/27 1:38,2007/4/27 1:38,5.2,train
train_005013,record_005013.npz,KKWH08,2007/12/10 16:23,2007/12/10 16:24,4.2,train
train_005014,record_005014.npz,KKWH08,2008/1/2 1:20,2008/1/2 1:20,4.2,train
train_005015,record_005015.npz,KKWH08,2008/1/23 4:34,2008/1/23 4:35,4.9,train
train_005016,record_005016.npz,KKWH08,2008/3/3 17:06,2008/3/3 17:06,4.3,train
train_005017,record_005017.npz,KKWH08,2008/4/29 14:26,2008/4/29 14:26,5.7,train
train_005018,record_005018.npz,KKWH08,2008/6/26 8:37,2008/6/26 8:37,5.4,train
train_005019,record_005019.npz,KKWH08,2008/7/13 3:17,2008/7/13 3:17,4.1,train
train_005020,record_005020.npz,KKWH08,2008/8/9 9:54,2008/8/9 9:54,4.5,train
train_005021,record_005021.npz,KKWH08,2008/8/29 23:41,2008/8/29 23:41,4.1,train
train_005022,record_005022.npz,KKWH08,2008/9/1 14:41,2008/9/1 14:41,4.5,train
train_005023,record_005023.npz,KKWH08,2008/9/2 17:17,2008/9/2 17:17,4.2,train
train_005024,record_005024.npz,KKWH08,2008/9/11 9:21,2008/9/11 9:21,7.1,train
train_005025,record_005025.npz,KKWH08,2008/9/11 9:32,2008/9/11 9:33,5.7,train
train_005026,record_005026.npz,KKWH08,2008/9/12 7:34,2008/9/12 7:35,5.2,train
train_005027,record_005027.npz,KKWH08,2008/9/15 16:53,2008/9/15 16:53,4.9,train
train_005028,record_005028.npz,KKWH08,2008/10/16 20:49,2008/10/16 20:49,4.2,train
train_005029,record_005029.npz,KKWH08,2008/10/31 4:18,2008/10/31 4:19,4.4,train
train_005030,record_005030.npz,KKWH08,2008/11/15 4:14,2008/11/15 4:15,4.1,train
train_005031,record_005031.npz,KKWH10,2004/12/14 14:56,2004/12/14 14:56,6.1,train
train_005032,record_005032.npz,KKWH11,2004/12/14 14:56,2004/12/14 14:56,6.1,train
train_005033,record_005033.npz,KKWH11,2009/1/11 21:53,2009/1/11 21:53,4.5,train
train_005034,record_005034.npz,KKWH11,2009/2/28 9:36,2009/2/28 9:36,5.3,train
train_005035,record_005035.npz,KKWH11,2010/8/14 13:25,2010/8/14 13:25,4.6,train
train_005036,record_005036.npz,KKWH12,2002/3/17 1:22,2002/3/17 1:23,4.6,train
train_005037,record_005037.npz,KKWH12,2002/7/28 20:31,2002/7/28 20:31,4.8,train
train_005038,record_005038.npz,KKWH12,2002/12/1 18:57,2002/12/1 18:57,5.4,train
train_005039,record_005039.npz,KKWH12,2007/4/19 0:07,2007/4/19 0:08,5.6,train
train_005040,record_005040.npz,KKWH12,2007/4/27 1:38,2007/4/27 1:38,5.2,train
train_005041,record_005041.npz,KKWH12,2008/1/23 4:34,2008/1/23 4:35,4.9,train
train_005042,record_005042.npz,KKWH12,2008/6/26 8:37,2008/6/26 8:37,5.4,train
train_005043,record_005043.npz,KKWH12,2008/7/13 3:17,2008/7/13 3:17,4.1,train
train_005044,record_005044.npz,KKWH12,2008/8/29 23:41,2008/8/29 23:41,4.1,train
train_005045,record_005045.npz,KKWH12,2008/9/1 14:41,2008/9/1 14:41,4.5,train
train_005046,record_005046.npz,KKWH12,2008/10/16 20:49,2008/10/16 20:49,4.2,train
train_005047,record_005047.npz,KKWH12,2008/11/15 4:14,2008/11/15 4:15,4.1,train
train_005048,record_005048.npz,KKWH12,2009/1/11 14:57,2009/1/11 14:57,4.7,train
train_005049,record_005049.npz,KKWH12,2009/1/11 21:53,2009/1/11 21:53,4.5,train
train_005050,record_005050.npz,KKWH12,2009/2/28 9:36,2009/2/28 9:36,5.3,train
train_005051,record_005051.npz,KKWH12,2009/3/20 15:52,2009/3/20 15:52,5,train
train_005052,record_005052.npz,KKWH12,2009/4/5 17:00,2009/4/5 17:00,4.8,train
train_005053,record_005053.npz,KKWH12,2009/5/10 11:30,2009/5/10 11:30,4.2,train
train_005054,record_005054.npz,KKWH12,2009/5/26 19:31,2009/5/26 19:31,4.7,train
train_005055,record_005055.npz,KKWH12,2009/9/8 1:24,2009/9/8 1:24,4.8,train
train_005056,record_005056.npz,KKWH12,2009/11/19 0:24,2009/11/19 0:24,4.2,train
train_005057,record_005057.npz,KKWH12,2010/1/15 3:46,2010/1/15 3:46,5,train
train_005058,record_005058.npz,KKWH12,2010/4/9 3:41,2010/4/9 3:42,4.8,train
train_005059,record_005059.npz,KKWH12,2010/8/14 13:25,2010/8/14 13:25,4.6,train
train_005060,record_005060.npz,KKWH13,2004/12/14 14:56,2004/12/14 14:56,6.1,train
train_005061,record_005061.npz,KKWH13,2004/12/14 15:01,2004/12/14 15:01,4.7,train
train_005062,record_005062.npz,KKWH13,2004/12/14 17:54,2004/12/14 17:55,4.8,train
train_005063,record_005063.npz,KKWH13,2008/6/26 8:37,2008/6/26 8:37,5.4,train
train_005064,record_005064.npz,KKWH13,2008/7/13 3:17,2008/7/13 3:17,4.1,train
train_005065,record_005065.npz,KKWH13,2008/9/1 14:41,2008/9/1 14:41,4.5,train
train_005066,record_005066.npz,KKWH13,2008/9/2 17:17,2008/9/2 17:17,4.2,train
train_005067,record_005067.npz,KKWH13,2008/10/16 20:49,2008/10/16 20:49,4.2,train
train_005068,record_005068.npz,KKWH13,2009/1/11 14:57,2009/1/11 14:57,4.7,train
train_005069,record_005069.npz,KKWH13,2009/1/11 21:53,2009/1/11 21:53,4.5,train
train_005070,record_005070.npz,KKWH13,2009/2/28 9:36,2009/2/28 9:36,5.3,train
train_005071,record_005071.npz,KKWH13,2009/5/10 11:30,2009/5/10 11:30,4.2,train
train_005072,record_005072.npz,KKWH13,2009/5/26 19:31,2009/5/26 19:31,4.7,train
train_005073,record_005073.npz,KKWH13,2009/7/11 0:01,2009/7/11 0:01,4.7,train
train_005074,record_005074.npz,KKWH13,2009/9/8 1:24,2009/9/8 1:24,4.8,train
train_005075,record_005075.npz,KKWH13,2010/1/15 3:46,2010/1/15 3:46,5,train
train_005076,record_005076.npz,KKWH13,2010/8/14 13:25,2010/8/14 13:25,4.6,train
train_005077,record_005077.npz,KKWH13,2010/10/14 22:59,2010/10/14 22:59,5.5,train
train_005078,record_005078.npz,KKWH13,2010/11/4 5:33,2010/11/4 5:34,4.4,train
train_005079,record_005079.npz,KKWH14,2001/4/23 9:04,2001/4/23 9:04,4.2,train
train_005080,record_005080.npz,KKWH14,2002/7/28 20:31,2002/7/28 20:31,4.8,train
train_005081,record_005081.npz,KKWH14,2007/12/10 16:23,2007/12/10 16:24,4.2,train
train_005082,record_005082.npz,KKWH14,2008/1/23 4:34,2008/1/23 4:35,4.9,train
train_005083,record_005083.npz,KKWH14,2008/6/26 8:37,2008/6/26 8:37,5.4,train
train_005084,record_005084.npz,KKWH14,2008/7/13 3:17,2008/7/13 3:17,4.1,train
train_005085,record_005085.npz,KKWH14,2008/8/9 9:54,2008/8/9 9:55,4.5,train
train_005086,record_005086.npz,KKWH14,2008/8/29 23:41,2008/8/29 23:41,4.1,train
train_005087,record_005087.npz,KKWH14,2008/9/1 14:41,2008/9/1 14:41,4.5,train
train_005088,record_005088.npz,KKWH14,2008/9/2 17:17,2008/9/2 17:17,4.2,train
train_005089,record_005089.npz,KKWH14,2008/10/16 20:49,2008/10/16 20:49,4.2,train
train_005090,record_005090.npz,KKWH14,2008/11/15 4:14,2008/11/15 4:15,4.1,train
train_005091,record_005091.npz,KKWH14,2009/1/11 14:57,2009/1/11 14:57,4.7,train
train_005092,record_005092.npz,KKWH14,2009/1/11 21:53,2009/1/11 21:53,4.5,train
train_005093,record_005093.npz,KKWH14,2009/2/28 9:36,2009/2/28 9:36,5.3,train
train_005094,record_005094.npz,KKWH14,2009/3/10 10:41,2009/3/10 10:41,4.1,train
train_005095,record_005095.npz,KKWH14,2009/3/20 15:52,2009/3/20 15:52,5,train
train_005096,record_005096.npz,KKWH14,2009/4/5 17:00,2009/4/5 17:00,4.8,train
train_005097,record_005097.npz,KKWH14,2009/5/10 11:30,2009/5/10 11:30,4.2,train
train_005098,record_005098.npz,KKWH14,2009/5/26 19:31,2009/5/26 19:31,4.7,train
train_005099,record_005099.npz,KKWH14,2009/6/5 12:30,2009/6/5 12:31,6.4,train
train_005100,record_005100.npz,KKWH14,2009/7/11 0:01,2009/7/11 0:01,4.7,train
train_005101,record_005101.npz,KKWH14,2009/8/25 2:22,2009/8/25 2:23,4.5,train
train_005102,record_005102.npz,KKWH14,2009/9/8 1:24,2009/9/8 1:24,4.8,train
train_005103,record_005103.npz,KKWH14,2009/11/10 3:01,2009/11/10 3:02,4.4,train
train_005104,record_005104.npz,KKWH14,2009/12/28 9:13,2009/12/28 9:13,5,train
train_005105,record_005105.npz,KKWH14,2009/12/30 4:23,2009/12/30 4:23,4.8,train
train_005106,record_005106.npz,KKWH15,2009/1/11 14:57,2009/1/11 14:57,4.7,train
train_005107,record_005107.npz,KKWH15,2009/2/28 9:36,2009/2/28 9:36,5.3,train
train_005108,record_005108.npz,KKWH15,2009/4/5 17:00,2009/4/5 17:00,4.8,train
train_005109,record_005109.npz,KKWH15,2009/5/10 16:52,2009/5/10 16:53,4.3,train
train_005110,record_005110.npz,KKWH15,2009/11/19 0:24,2009/11/19 0:24,4.2,train
train_005111,record_005111.npz,KKWH15,2009/12/28 9:13,2009/12/28 9:13,5,train
train_005112,record_005112.npz,KKWH15,2010/1/15 3:46,2010/1/15 3:46,5,train
train_005113,record_005113.npz,KKWH15,2010/4/9 3:41,2010/4/9 3:42,4.8,train
train_005114,record_005114.npz,KKWH15,2010/8/14 13:25,2010/8/14 13:25,4.6,train
train_005115,record_005115.npz,KKWH15,2010/10/14 22:59,2010/10/14 22:59,5.5,train
train_005116,record_005116.npz,KMMH01,2000/6/8 9:32,2000/6/8 9:32,4.8,train
train_005117,record_005117.npz,KMMH01,2005/4/20 6:11,2005/4/20 6:11,5.8,train
train_005118,record_005118.npz,KMMH01,2008/3/10 10:44,2008/3/10 10:44,5.1,train
train_005119,record_005119.npz,KMMH01,2009/1/25 2:33,2009/1/25 2:33,4.4,train
train_005120,record_005120.npz,KMMH01,2009/4/5 18:36,2009/4/5 18:36,5.6,train
train_005121,record_005121.npz,KMMH01,2009/6/25 23:04,2009/6/25 23:04,4.7,train
train_005122,record_005122.npz,KMMH01,2009/7/18 5:16,2009/7/18 5:16,4.3,train
train_005123,record_005123.npz,KMMH01,2009/8/3 20:18,2009/8/3 20:18,4.7,train
train_005124,record_005124.npz,KMMH01,2009/8/5 12:51,2009/8/5 12:51,5,train
train_005125,record_005125.npz,KMMH01,2009/8/6 11:22,2009/8/6 11:22,4.3,train
train_005126,record_005126.npz,KMMH01,2009/10/29 2:37,2009/10/29 2:37,4.7,train
train_005127,record_005127.npz,KMMH01,2010/5/13 20:01,2010/5/13 20:01,4.7,train
train_005128,record_005128.npz,KMMH02,2000/6/8 9:32,2000/6/8 9:32,4.8,train
train_005129,record_005129.npz,KMMH02,2001/3/24 15:28,2001/3/24 15:28,6.4,train
train_005130,record_005130.npz,KMMH02,2001/4/25 23:40,2001/4/25 23:40,5.6,train
train_005131,record_005131.npz,KMMH02,2001/9/17 11:21,2001/9/17 11:22,4.7,train
train_005132,record_005132.npz,KMMH02,2002/3/8 22:02,2002/3/8 22:03,4.2,train
train_005133,record_005133.npz,KMMH02,2002/5/20 22:19,2002/5/20 22:20,4.2,train
train_005134,record_005134.npz,KMMH02,2002/11/4 13:36,2002/11/4 13:36,5.7,train
train_005135,record_005135.npz,KMMH02,2004/11/4 3:13,2004/11/4 3:13,4.2,train
train_005136,record_005136.npz,KMMH02,2005/4/20 6:11,2005/4/20 6:11,5.8,train
train_005137,record_005137.npz,KMMH02,2005/4/20 9:09,2005/4/20 9:10,5.1,train
train_005138,record_005138.npz,KMMH02,2005/6/3 4:16,2005/6/3 4:16,4.8,train
train_005139,record_005139.npz,KMMH02,2008/3/10 10:44,2008/3/10 10:44,5.1,train
train_005140,record_005140.npz,KMMH02,2008/5/1 5:51,2008/5/1 5:52,4.1,train
train_005141,record_005141.npz,KMMH02,2008/5/20 14:41,2008/5/20 14:42,4.2,train
train_005142,record_005142.npz,KMMH02,2009/1/25 2:33,2009/1/25 2:33,4.4,train
train_005143,record_005143.npz,KMMH02,2009/4/5 18:36,2009/4/5 18:36,5.6,train
train_005144,record_005144.npz,KMMH02,2009/6/25 23:04,2009/6/25 23:04,4.7,train
train_005145,record_005145.npz,KMMH02,2009/7/18 5:16,2009/7/18 5:16,4.3,train
train_005146,record_005146.npz,KMMH02,2009/8/3 20:18,2009/8/3 20:18,4.7,train
train_005147,record_005147.npz,KMMH02,2009/8/5 12:51,2009/8/5 12:51,5,train
train_005148,record_005148.npz,KMMH02,2009/10/29 2:37,2009/10/29 2:37,4.7,train
train_005149,record_005149.npz,KMMH02,2011/2/28 9:04,2011/2/28 9:05,4.6,train
train_005150,record_005150.npz,KMMH03,2000/2/28 19:30,2000/2/28 19:30,4.1,train
train_005151,record_005151.npz,KMMH03,2000/4/2 21:25,2000/4/2 21:25,4.5,train
train_005152,record_005152.npz,KMMH03,2000/6/2 21:26,2000/6/2 21:26,4.2,train
train_005153,record_005153.npz,KMMH03,2000/6/8 9:32,2000/6/8 9:32,4.8,train
train_005154,record_005154.npz,KMMH03,2004/11/4 3:13,2004/11/4 3:13,4.2,train
train_005155,record_005155.npz,KMMH03,2005/4/20 6:11,2005/4/20 6:11,5.8,train
train_005156,record_005156.npz,KMMH03,2009/4/5 18:36,2009/4/5 18:36,5.6,train
train_005157,record_005157.npz,KMMH03,2009/6/25 23:04,2009/6/25 23:04,4.7,train
train_005158,record_005158.npz,KMMH03,2009/8/3 20:18,2009/8/3 20:18,4.7,train
train_005159,record_005159.npz,KMMH03,2009/8/5 12:51,2009/8/5 12:51,5,train
train_005160,record_005160.npz,KMMH03,2009/8/6 11:22,2009/8/6 11:22,4.3,train
train_005161,record_005161.npz,KMMH04,2000/6/8 9:32,2000/6/8 9:32,4.8,train
train_005162,record_005162.npz,KMMH04,2001/4/25 23:40,2001/4/25 23:40,5.6,train
train_005163,record_005163.npz,KMMH04,2001/9/6 1:29,2001/9/6 1:29,4.3,train
train_005164,record_005164.npz,KMMH04,2002/5/6 18:45,2002/5/6 18:45,4.3,train
train_005165,record_005165.npz,KMMH04,2002/5/20 22:19,2002/5/20 22:19,4.2,train
train_005166,record_005166.npz,KMMH04,2002/7/16 4:58,2002/7/16 4:58,4.4,train
train_005167,record_005167.npz,KMMH04,2002/10/13 19:06,2002/10/13 19:06,4.7,train
train_005168,record_005168.npz,KMMH04,2002/11/4 13:36,2002/11/4 13:36,5.7,train
train_005169,record_005169.npz,KMMH04,2004/11/4 3:13,2004/11/4 3:13,4.2,train
train_005170,record_005170.npz,KMMH04,2005/4/20 6:11,2005/4/20 6:11,5.8,train
train_005171,record_005171.npz,KMMH04,2005/4/20 9:09,2005/4/20 9:10,5.1,train
train_005172,record_005172.npz,KMMH04,2005/6/3 4:16,2005/6/3 4:16,4.8,train
train_005173,record_005173.npz,KMMH04,2006/3/27 11:50,2006/3/27 11:50,5.5,train
train_005174,record_005174.npz,KMMH04,2006/6/12 5:01,2006/6/12 5:01,6.2,train
train_005175,record_005175.npz,KMMH04,2008/3/10 10:44,2008/3/10 10:44,5.1,train
train_005176,record_005176.npz,KMMH04,2008/5/1 5:51,2008/5/1 5:52,4.1,train
train_005177,record_005177.npz,KMMH04,2009/4/5 18:36,2009/4/5 18:36,5.6,train
train_005178,record_005178.npz,KMMH04,2009/7/18 5:16,2009/7/18 5:16,4.3,train
train_005179,record_005179.npz,KMMH04,2009/8/3 20:18,2009/8/3 20:18,4.7,train
train_005180,record_005180.npz,KMMH04,2009/8/5 12:51,2009/8/5 12:51,5,train
train_005181,record_005181.npz,KMMH04,2009/8/6 11:22,2009/8/6 11:22,4.3,train
train_005182,record_005182.npz,KMMH04,2009/10/29 2:37,2009/10/29 2:37,4.7,train
train_005183,record_005183.npz,KMMH04,1999/11/10 3:19,1999/11/10 3:19,4.1,train
train_005184,record_005184.npz,KMMH05,2001/3/24 15:28,2001/3/24 15:28,6.4,train
train_005185,record_005185.npz,KMMH05,2001/4/25 23:40,2001/4/25 23:40,5.6,train
train_005186,record_005186.npz,KMMH05,2002/3/8 22:02,2002/3/8 22:03,4.2,train
train_005187,record_005187.npz,KMMH05,2002/4/6 1:57,2002/4/6 1:57,4.5,train
train_005188,record_005188.npz,KMMH05,2002/5/6 18:45,2002/5/6 18:45,4.3,train
train_005189,record_005189.npz,KMMH05,2002/5/20 22:19,2002/5/20 22:20,4.2,train
train_005190,record_005190.npz,KMMH05,2002/7/16 4:58,2002/7/16 4:58,4.4,train
train_005191,record_005191.npz,KMMH05,2002/9/25 14:45,2002/9/25 14:45,4.5,train
train_005192,record_005192.npz,KMMH05,2002/10/13 19:06,2002/10/13 19:06,4.7,train
train_005193,record_005193.npz,KMMH05,2002/11/4 13:36,2002/11/4 13:36,5.7,train
train_005194,record_005194.npz,KMMH05,2006/3/27 11:50,2006/3/27 11:50,5.5,train
train_005195,record_005195.npz,KMMH05,2006/6/12 5:01,2006/6/12 5:01,6.2,train
train_005196,record_005196.npz,KMMH05,2006/9/26 7:03,2006/9/26 7:04,5.3,train
train_005197,record_005197.npz,KMMH05,2008/5/1 5:51,2008/5/1 5:52,4.1,train
train_005198,record_005198.npz,KMMH05,2009/1/25 2:33,2009/1/25 2:33,4.4,train
train_005199,record_005199.npz,KMMH05,2009/4/5 18:36,2009/4/5 18:36,5.6,train
train_005200,record_005200.npz,KMMH05,2009/6/14 19:17,2009/6/14 19:18,4.2,train
train_005201,record_005201.npz,KMMH05,2009/6/25 23:04,2009/6/25 23:04,4.7,train
train_005202,record_005202.npz,KMMH05,2009/7/18 5:16,2009/7/18 5:16,4.3,train
train_005203,record_005203.npz,KMMH05,2009/8/3 20:18,2009/8/3 20:18,4.7,train
train_005204,record_005204.npz,KMMH05,2009/8/5 12:51,2009/8/5 12:51,5,train
train_005205,record_005205.npz,KMMH05,2009/8/6 11:22,2009/8/6 11:22,4.3,train
train_005206,record_005206.npz,KMMH05,2009/10/29 2:37,2009/10/29 2:37,4.7,train
train_005207,record_005207.npz,KMMH05,2010/5/13 20:01,2010/5/13 20:01,4.7,train
train_005208,record_005208.npz,KMMH05,2010/8/10 21:24,2010/8/10 21:24,4.4,train
train_005209,record_005209.npz,KMMH05,2010/12/7 9:36,2010/12/7 9:36,4.1,train
train_005210,record_005210.npz,KMMH05,2011/2/28 9:04,2011/2/28 9:04,4.6,train
train_005211,record_005211.npz,KMMH06,2000/6/8 9:32,2000/6/8 9:32,4.8,train
train_005212,record_005212.npz,KMMH06,2002/11/4 13:36,2002/11/4 13:36,5.7,train
train_005213,record_005213.npz,KMMH06,2006/3/27 11:50,2006/3/27 11:50,5.5,train
train_005214,record_005214.npz,KMMH06,2008/3/10 10:44,2008/3/10 10:44,5.1,train
train_005215,record_005215.npz,KMMH06,2008/5/1 5:51,2008/5/1 5:52,4.1,train
train_005216,record_005216.npz,KMMH06,2008/5/11 4:19,2008/5/11 4:19,4.1,train
train_005217,record_005217.npz,KMMH06,2009/1/25 2:33,2009/1/25 2:33,4.4,train
train_005218,record_005218.npz,KMMH06,2009/4/5 18:36,2009/4/5 18:36,5.6,train
train_005219,record_005219.npz,KMMH06,2009/6/14 19:17,2009/6/14 19:18,4.2,train
train_005220,record_005220.npz,KMMH06,2009/6/25 23:04,2009/6/25 23:04,4.7,train
train_005221,record_005221.npz,KMMH06,2009/7/18 5:16,2009/7/18 5:16,4.3,train
train_005222,record_005222.npz,KMMH06,2009/8/3 20:18,2009/8/3 20:18,4.7,train
train_005223,record_005223.npz,KMMH06,2009/8/5 12:51,2009/8/5 12:51,5,train
train_005224,record_005224.npz,KMMH06,2009/8/6 11:22,2009/8/6 11:22,4.3,train
train_005225,record_005225.npz,KMMH06,2009/10/29 2:37,2009/10/29 2:37,4.7,train
train_005226,record_005226.npz,KMMH06,2010/5/13 20:01,2010/5/13 20:01,4.7,train
train_005227,record_005227.npz,KMMH06,2010/8/10 21:24,2010/8/10 21:24,4.4,train
train_005228,record_005228.npz,KMMH06,2010/12/7 9:36,2010/12/7 9:36,4.1,train
train_005229,record_005229.npz,KMMH06,2011/2/28 9:04,2011/2/28 9:04,4.6,train
train_005230,record_005230.npz,KMMH07,2000/4/2 21:25,2000/4/2 21:25,4.5,train
train_005231,record_005231.npz,KMMH07,2000/5/19 2:29,2000/5/19 2:30,4.4,train
train_005232,record_005232.npz,KMMH07,2000/6/2 21:26,2000/6/2 21:26,4.2,train
train_005233,record_005233.npz,KMMH07,2002/11/4 13:36,2002/11/4 13:36,5.7,train
train_005234,record_005234.npz,KMMH07,2008/3/10 10:44,2008/3/10 10:44,5.1,train
train_005235,record_005235.npz,KMMH07,2008/5/11 4:19,2008/5/11 4:19,4.1,train
train_005236,record_005236.npz,KMMH07,2011/2/28 9:04,2011/2/28 9:05,4.6,train
train_005237,record_005237.npz,KMMH08,2001/4/25 23:40,2001/4/25 23:40,5.6,train
train_005238,record_005238.npz,KMMH08,2001/9/6 1:29,2001/9/6 1:30,4.3,train
train_005239,record_005239.npz,KMMH08,2001/9/17 11:21,2001/9/17 11:22,4.7,train
train_005240,record_005240.npz,KMMH08,2002/11/4 13:36,2002/11/4 13:36,5.7,train
train_005241,record_005241.npz,KMMH08,2005/4/20 6:11,2005/4/20 6:11,5.8,train
train_005242,record_005242.npz,KMMH08,2005/5/31 11:04,2005/5/31 11:04,5.8,train
train_005243,record_005243.npz,KMMH08,2005/6/3 4:16,2005/6/3 4:16,4.8,train
train_005244,record_005244.npz,KMMH08,2006/6/12 5:01,2006/6/12 5:01,6.2,train
train_005245,record_005245.npz,KMMH08,2009/4/5 18:36,2009/4/5 18:36,5.6,train
train_005246,record_005246.npz,KMMH08,2009/7/28 5:30,2009/7/28 5:31,4.2,train
train_005247,record_005247.npz,KMMH08,2009/8/3 20:18,2009/8/3 20:18,4.7,train
train_005248,record_005248.npz,KMMH08,2009/8/5 12:51,2009/8/5 12:51,5,train
train_005249,record_005249.npz,KMMH09,2002/11/4 13:36,2002/11/4 13:36,5.7,train
train_005250,record_005250.npz,KMMH09,2004/11/21 9:27,2004/11/21 9:27,4.1,train
train_005251,record_005251.npz,KMMH09,2008/3/10 10:44,2008/3/10 10:44,5.1,train
train_005252,record_005252.npz,KMMH09,2008/5/11 4:19,2008/5/11 4:19,4.1,train
train_005253,record_005253.npz,KMMH09,2009/3/19 19:40,2009/3/19 19:40,4.3,train
train_005254,record_005254.npz,KMMH09,2009/4/5 18:36,2009/4/5 18:36,5.6,train
train_005255,record_005255.npz,KMMH09,2009/6/25 23:04,2009/6/25 23:04,4.7,train
train_005256,record_005256.npz,KMMH09,2009/8/3 20:18,2009/8/3 20:18,4.7,train
train_005257,record_005257.npz,KMMH09,2009/8/5 12:51,2009/8/5 12:51,5,train
train_005258,record_005258.npz,KMMH09,2009/8/6 11:22,2009/8/6 11:22,4.3,train
train_005259,record_005259.npz,KMMH09,2009/10/29 2:37,2009/10/29 2:37,4.7,train
train_005260,record_005260.npz,KMMH09,2010/1/25 16:15,2010/1/25 16:15,5.4,train
train_005261,record_005261.npz,KMMH09,2010/5/13 20:01,2010/5/13 20:01,4.7,train
train_005262,record_005262.npz,KMMH09,2010/8/10 21:24,2010/8/10 21:24,4.4,train
train_005263,record_005263.npz,KMMH09,2010/12/7 9:36,2010/12/7 9:36,4.1,train
train_005264,record_005264.npz,KMMH09,2011/2/28 9:04,2011/2/28 9:04,4.6,train
train_005265,record_005265.npz,KMMH10,2000/6/8 9:32,2000/6/8 9:32,4.8,train
train_005266,record_005266.npz,KMMH12,2000/6/8 9:32,2000/6/8 9:32,4.8,train
train_005267,record_005267.npz,KMMH12,2001/3/6 19:36,2001/3/6 19:36,4.3,train
train_005268,record_005268.npz,KMMH12,2001/4/25 23:40,2001/4/25 23:40,5.6,train
train_005269,record_005269.npz,KMMH12,2001/8/30 5:52,2001/8/30 5:52,4.6,train
train_005270,record_005270.npz,KMMH12,2001/9/17 11:21,2001/9/17 11:22,4.7,train
train_005271,record_005271.npz,KMMH12,2002/5/20 22:19,2002/5/20 22:19,4.2,train
train_005272,record_005272.npz,KMMH12,2002/11/4 13:36,2002/11/4 13:36,5.7,train
train_005273,record_005273.npz,KMMH12,2008/3/10 10:44,2008/3/10 10:44,5.1,train
train_005274,record_005274.npz,KMMH12,2008/5/11 4:19,2008/5/11 4:19,4.1,train
train_005275,record_005275.npz,KMMH12,2008/12/13 21:32,2008/12/13 21:33,4.4,train
train_005276,record_005276.npz,KMMH12,2009/4/5 18:36,2009/4/5 18:36,5.6,train
train_005277,record_005277.npz,KMMH12,2010/1/25 16:15,2010/1/25 16:15,5.4,train
train_005278,record_005278.npz,KMMH12,2011/2/7 4:40,2011/2/7 4:40,4.4,train
train_005279,record_005279.npz,KMMH12,2011/2/28 9:04,2011/2/28 9:04,4.6,train
train_005280,record_005280.npz,KMMH13,2000/2/28 19:30,2000/2/28 19:30,4.1,train
train_005281,record_005281.npz,KMMH13,2000/4/2 21:25,2000/4/2 21:25,4.5,train
train_005282,record_005282.npz,KMMH13,2000/5/17 12:04,2000/5/17 12:04,4.1,train
train_005283,record_005283.npz,KMMH13,2000/5/19 2:29,2000/5/19 2:30,4.4,train
train_005284,record_005284.npz,KMMH13,2000/5/23 8:56,2000/5/23 8:56,4.4,train
train_005285,record_005285.npz,KMMH13,2000/6/2 21:26,2000/6/2 21:26,4.2,train
train_005286,record_005286.npz,KMMH13,2000/6/8 9:32,2000/6/8 9:32,4.8,train
train_005287,record_005287.npz,KMMH13,2000/6/25 15:34,2000/6/25 15:35,5.9,train
train_005288,record_005288.npz,KMMH13,2001/4/25 23:40,2001/4/25 23:40,5.6,train
train_005289,record_005289.npz,KMMH13,2002/3/8 22:02,2002/3/8 22:03,4.2,train
train_005290,record_005290.npz,KMMH13,2002/11/4 13:36,2002/11/4 13:36,5.7,train
train_005291,record_005291.npz,KMMH13,2005/5/31 11:04,2005/5/31 11:04,5.8,train
train_005292,record_005292.npz,KMMH13,2005/6/3 4:16,2005/6/3 4:16,4.8,train
train_005293,record_005293.npz,KMMH13,2006/6/12 5:01,2006/6/12 5:01,6.2,train
train_005294,record_005294.npz,KMMH13,2009/4/5 18:36,2009/4/5 18:36,5.6,train
train_005295,record_005295.npz,KMMH14,2001/4/25 23:40,2001/4/25 23:40,5.6,train
train_005296,record_005296.npz,KMMH14,2002/11/4 13:36,2002/11/4 13:36,5.7,train
train_005297,record_005297.npz,KMMH14,2006/6/12 5:01,2006/6/12 5:01,6.2,train
train_005298,record_005298.npz,KMMH14,2008/3/10 10:44,2008/3/10 10:44,5.1,train
train_005299,record_005299.npz,KMMH14,2008/5/11 4:19,2008/5/11 4:19,4.1,train
train_005300,record_005300.npz,KMMH14,2009/3/19 19:40,2009/3/19 19:40,4.3,train
train_005301,record_005301.npz,KMMH14,2009/4/5 18:36,2009/4/5 18:36,5.6,train
train_005302,record_005302.npz,KMMH14,2009/6/25 23:04,2009/6/25 23:04,4.7,train
train_005303,record_005303.npz,KMMH14,2009/8/3 20:18,2009/8/3 20:18,4.7,train
train_005304,record_005304.npz,KMMH14,2009/8/5 12:51,2009/8/5 12:51,5,train
train_005305,record_005305.npz,KMMH14,2009/8/6 11:22,2009/8/6 11:22,4.3,train
train_005306,record_005306.npz,KMMH14,2009/10/29 2:37,2009/10/29 2:37,4.7,train
train_005307,record_005307.npz,KMMH14,2010/5/13 20:01,2010/5/13 20:01,4.7,train
train_005308,record_005308.npz,KMMH14,2011/2/28 9:04,2011/2/28 9:04,4.6,train
train_005309,record_005309.npz,KMMH15,2001/6/13 9:59,2001/6/13 10:00,4.6,train
train_005310,record_005310.npz,KMMH15,2008/3/3 21:41,2008/3/3 21:41,4.3,train
train_005311,record_005311.npz,KMMH15,2008/3/10 10:44,2008/3/10 10:44,5.1,train
train_005312,record_005312.npz,KMMH15,2008/5/11 4:19,2008/5/11 4:19,4.1,train
train_005313,record_005313.npz,KMMH15,2008/12/13 21:32,2008/12/13 21:33,4.4,train
train_005314,record_005314.npz,KMMH15,2009/3/19 19:40,2009/3/19 19:40,4.3,train
train_005315,record_005315.npz,KMMH15,2009/4/5 18:36,2009/4/5 18:36,5.6,train
train_005316,record_005316.npz,KMMH15,2009/8/5 12:51,2009/8/5 12:51,5,train
train_005317,record_005317.npz,KMMH15,2010/1/25 16:15,2010/1/25 16:15,5.4,train
train_005318,record_005318.npz,KMMH15,2011/2/7 4:40,2011/2/7 4:40,4.4,train
train_005319,record_005319.npz,KMMH16,2002/11/4 13:36,2002/11/4 13:36,5.7,train
train_005320,record_005320.npz,KMMH16,2004/11/4 3:13,2004/11/4 3:13,4.2,train
train_005321,record_005321.npz,KMMH16,2004/11/21 9:27,2004/11/21 9:27,4.1,train
train_005322,record_005322.npz,KMMH16,2005/3/25 21:03,2005/3/25 21:03,4.1,train
train_005323,record_005323.npz,KMMH16,2005/4/1 21:52,2005/4/1 21:52,4.3,train
train_005324,record_005324.npz,KMMH16,2005/4/20 6:11,2005/4/20 6:11,5.8,train
train_005325,record_005325.npz,KMMH16,2005/4/20 6:22,2005/4/20 6:23,4.7,train
train_005326,record_005326.npz,KMMH16,2005/4/20 9:09,2005/4/20 9:10,5.1,train
train_005327,record_005327.npz,KMMH16,2005/5/2 1:24,2005/5/2 1:24,5,train
train_005328,record_005328.npz,KMMH16,2005/5/31 11:04,2005/5/31 11:04,5.8,train
train_005329,record_005329.npz,KMMH16,2005/6/3 4:16,2005/6/3 4:16,4.8,train
train_005330,record_005330.npz,KMMH16,2006/3/27 11:50,2006/3/27 11:50,5.5,train
train_005331,record_005331.npz,KMMH16,2006/6/12 5:01,2006/6/12 5:01,6.2,train
train_005332,record_005332.npz,KMMH16,2006/9/26 7:03,2006/9/26 7:04,5.3,train
train_005333,record_005333.npz,KMMH16,2007/9/24 17:12,2007/9/24 17:13,4.1,train
train_005334,record_005334.npz,KMMH16,2008/3/10 10:44,2008/3/10 10:44,5.1,train
train_005335,record_005335.npz,KMMH16,2008/5/11 4:19,2008/5/11 4:19,4.1,train
train_005336,record_005336.npz,KMMH16,2009/4/5 18:36,2009/4/5 18:36,5.6,train
train_005337,record_005337.npz,KMMH16,2009/6/25 23:04,2009/6/25 23:04,4.7,train
train_005338,record_005338.npz,KMMH16,2009/7/18 5:16,2009/7/18 5:16,4.3,train
train_005339,record_005339.npz,KMMH16,2009/8/3 20:18,2009/8/3 20:18,4.7,train
train_005340,record_005340.npz,KMMH16,2009/8/5 12:51,2009/8/5 12:51,5,train
train_005341,record_005341.npz,KMMH16,2009/8/6 11:22,2009/8/6 11:22,4.3,train
train_005342,record_005342.npz,KMMH16,2009/10/29 2:37,2009/10/29 2:37,4.7,train
train_005343,record_005343.npz,KMMH16,2010/5/13 20:01,2010/5/13 20:01,4.7,train
train_005344,record_005344.npz,KMMH16,2011/2/28 9:04,2011/2/28 9:04,4.6,train
train_005345,record_005345.npz,KMMH17,2002/11/4 13:36,2002/11/4 13:36,5.7,train
train_005346,record_005346.npz,KMMH17,2005/1/15 15:42,2005/1/15 15:42,4.1,train
train_005347,record_005347.npz,KMMH17,2005/4/20 6:11,2005/4/20 6:11,5.8,train
train_005348,record_005348.npz,KMMH17,2005/4/20 9:09,2005/4/20 9:09,5.1,train
train_005349,record_005349.npz,KMMH17,2005/6/3 4:16,2005/6/3 4:16,4.8,train
train_005350,record_005350.npz,KMMH17,2006/2/4 0:12,2006/2/4 0:12,5.1,train
train_005351,record_005351.npz,KMMH17,2006/3/27 11:50,2006/3/27 11:50,5.5,train
train_005352,record_005352.npz,KMMH17,2006/6/12 5:01,2006/6/12 5:01,6.2,train
train_005353,record_005353.npz,KMMH17,2008/3/10 10:44,2008/3/10 10:45,5.1,train
train_005354,record_005354.npz,KMMH17,2009/4/5 18:36,2009/4/5 18:36,5.6,train
train_005355,record_005355.npz,KMMH17,2009/6/25 23:04,2009/6/25 23:04,4.7,train
train_005356,record_005356.npz,KMMH17,2009/8/3 20:18,2009/8/3 20:18,4.7,train
train_005357,record_005357.npz,KNGH18,2004/10/6 23:40,2004/10/6 23:40,5.7,train
train_005358,record_005358.npz,KNGH18,2007/10/1 2:21,2007/10/1 2:21,4.9,train
train_005359,record_005359.npz,KNGH18,2007/10/6 3:46,2007/10/6 3:46,4.2,train
train_005360,record_005360.npz,KNGH18,2007/11/30 18:37,2007/11/30 18:37,4.7,train
train_005361,record_005361.npz,KNGH18,2008/2/10 9:37,2008/2/10 9:37,5,train
train_005362,record_005362.npz,KNGH18,2008/3/2 18:33,2008/3/2 18:34,4.3,train
train_005363,record_005363.npz,KNGH18,2008/3/8 1:55,2008/3/8 1:55,5.2,train
train_005364,record_005364.npz,KNGH18,2008/3/9 6:13,2008/3/9 6:14,4.4,train
train_005365,record_005365.npz,KNGH18,2008/4/1 23:29,2008/4/1 23:29,4.7,train
train_005366,record_005366.npz,KNGH18,2008/4/4 19:02,2008/4/4 19:02,5,train
train_005367,record_005367.npz,KNGH18,2008/4/6 21:55,2008/4/6 21:56,4.3,train
train_005368,record_005368.npz,KNGH18,2008/4/10 9:54,2008/4/10 9:54,4.1,train
train_005369,record_005369.npz,KNGH18,2008/5/1 7:34,2008/5/1 7:34,4.6,train
train_005370,record_005370.npz,KNGH18,2008/5/9 7:43,2008/5/9 7:43,4.6,train
train_005371,record_005371.npz,KNGH18,2008/6/13 11:21,2008/6/13 11:21,4.7,train
train_005372,record_005372.npz,KNGH18,2008/6/22 12:48,2008/6/22 12:49,4.3,train
train_005373,record_005373.npz,KNGH18,2008/8/8 12:57,2008/8/8 12:57,4.6,train
train_005374,record_005374.npz,KNGH18,2008/8/20 15:13,2008/8/20 15:13,4.6,train
train_005375,record_005375.npz,KNGH18,2008/8/22 19:59,2008/8/22 20:00,5.2,train
train_005376,record_005376.npz,KNGH18,2008/9/21 7:17,2008/9/21 7:17,4.8,train
train_005377,record_005377.npz,KNGH18,2008/10/8 15:07,2008/10/8 15:08,4.7,train
train_005378,record_005378.npz,KNGH18,2008/11/22 21:13,2008/11/22 21:14,4.4,train
train_005379,record_005379.npz,KNGH18,2009/1/26 17:54,2009/1/26 17:54,4.4,train
train_005380,record_005380.npz,KNGH18,2009/2/17 4:54,2009/2/17 4:54,4.6,train
train_005381,record_005381.npz,KNGH18,2009/2/20 18:17,2009/2/20 18:17,4.4,train
train_005382,record_005382.npz,KNGH18,2009/6/6 14:52,2009/6/6 14:53,5.9,train
train_005383,record_005383.npz,KNGH18,2009/7/16 5:19,2009/7/16 5:19,4.2,train
train_005384,record_005384.npz,KNGH18,2009/8/11 5:07,2009/8/11 5:07,6.5,train
train_005385,record_005385.npz,KNGH19,2004/7/17 15:10,2004/7/17 15:10,5.5,train
train_005386,record_005386.npz,KNGH19,2006/4/21 2:50,2006/4/21 2:50,5.8,train
train_005387,record_005387.npz,KNGH19,2007/10/6 3:46,2007/10/6 3:46,4.2,train
train_005388,record_005388.npz,KNGH19,2008/2/10 9:37,2008/2/10 9:37,5,train
train_005389,record_005389.npz,KNGH19,2008/4/1 23:29,2008/4/1 23:29,4.7,train
train_005390,record_005390.npz,KNGH19,2008/4/4 19:02,2008/4/4 19:02,5,train
train_005391,record_005391.npz,KNGH19,2008/6/22 12:48,2008/6/22 12:49,4.3,train
train_005392,record_005392.npz,KNGH19,2008/8/8 12:57,2008/8/8 12:57,4.6,train
train_005393,record_005393.npz,KNGH19,2008/8/20 15:13,2008/8/20 15:14,4.6,train
train_005394,record_005394.npz,KNGH19,2008/8/22 19:59,2008/8/22 20:00,5.2,train
train_005395,record_005395.npz,KNGH19,2008/9/21 7:17,2008/9/21 7:17,4.8,train
train_005396,record_005396.npz,KNGH19,2008/10/8 15:07,2008/10/8 15:08,4.7,train
train_005397,record_005397.npz,KNGH19,2009/1/26 17:54,2009/1/26 17:54,4.4,train
train_005398,record_005398.npz,KNGH19,2009/2/17 4:54,2009/2/17 4:54,4.6,train
train_005399,record_005399.npz,KNGH19,2009/5/25 20:26,2009/5/25 20:26,4.7,train
train_005400,record_005400.npz,KNGH19,2009/8/11 5:07,2009/8/11 5:07,6.5,train
train_005401,record_005401.npz,KNGH19,2009/8/11 6:27,2009/8/11 6:27,4.4,train
train_005402,record_005402.npz,KNGH19,2009/8/11 18:09,2009/8/11 18:09,4.4,train
train_005403,record_005403.npz,KNGH19,2009/8/13 12:42,2009/8/13 12:43,4.3,train
train_005404,record_005404.npz,KNGH19,2009/8/13 18:11,2009/8/13 18:11,4.5,train
train_005405,record_005405.npz,KNGH19,2009/9/4 11:30,2009/9/4 11:31,4.5,train
train_005406,record_005406.npz,KNGH19,2009/11/14 4:23,2009/11/14 4:23,4.2,train
train_005407,record_005407.npz,KNGH19,2009/12/17 23:45,2009/12/17 23:45,5,train
train_005408,record_005408.npz,KNGH19,2009/12/18 2:30,2009/12/18 2:29,4.2,train
train_005409,record_005409.npz,KNGH19,2009/12/18 5:41,2009/12/18 5:41,5.1,train
train_005410,record_005410.npz,KNGH19,2009/12/18 8:45,2009/12/18 8:45,5.1,train
train_005411,record_005411.npz,KNGH20,2006/4/21 2:50,2006/4/21 2:50,5.8,train
train_005412,record_005412.npz,KNGH20,2007/10/6 3:46,2007/10/6 3:46,4.2,train
train_005413,record_005413.npz,KNGH20,2008/2/10 9:37,2008/2/10 9:37,5,train
train_005414,record_005414.npz,KNGH20,2008/3/8 1:55,2008/3/8 1:55,5.2,train
train_005415,record_005415.npz,KNGH20,2008/4/1 23:29,2008/4/1 23:29,4.7,train
train_005416,record_005416.npz,KNGH20,2008/4/4 19:02,2008/4/4 19:02,5,train
train_005417,record_005417.npz,KNGH20,2008/5/1 7:34,2008/5/1 7:34,4.6,train
train_005418,record_005418.npz,KNGH20,2008/5/9 7:43,2008/5/9 7:43,4.6,train
train_005419,record_005419.npz,KNGH20,2008/6/13 11:21,2008/6/13 11:21,4.7,train
train_005420,record_005420.npz,KNGH20,2008/7/15 21:37,2008/7/15 21:37,4.1,train
train_005421,record_005421.npz,KNGH20,2008/7/15 22:23,2008/7/15 22:23,4.3,train
train_005422,record_005422.npz,KNGH20,2008/8/8 12:57,2008/8/8 12:57,4.6,train
train_005423,record_005423.npz,KNGH20,2008/8/20 15:13,2008/8/20 15:14,4.6,train
train_005424,record_005424.npz,KNGH20,2008/8/22 19:59,2008/8/22 20:00,5.2,train
train_005425,record_005425.npz,KNGH20,2008/9/21 7:17,2008/9/21 7:17,4.8,train
train_005426,record_005426.npz,KNGH20,2008/10/8 15:07,2008/10/8 15:08,4.7,train
train_005427,record_005427.npz,KNGH20,2009/1/22 21:21,2009/1/22 21:21,4.7,train
train_005428,record_005428.npz,KNGH20,2009/1/26 17:54,2009/1/26 17:55,4.4,train
train_005429,record_005429.npz,KNGH20,2009/2/17 4:54,2009/2/17 4:54,4.6,train
train_005430,record_005430.npz,KNGH20,2009/5/25 20:26,2009/5/25 20:27,4.7,train
train_005431,record_005431.npz,KNGH20,2009/6/6 14:52,2009/6/6 14:53,5.9,train
train_005432,record_005432.npz,KNGH20,2009/8/11 5:07,2009/8/11 5:07,6.5,train
train_005433,record_005433.npz,KNGH20,2009/8/11 6:27,2009/8/11 6:27,4.4,train
train_005434,record_005434.npz,KNGH20,2009/8/11 18:09,2009/8/11 18:09,4.4,train
train_005435,record_005435.npz,KNGH20,2009/8/13 12:42,2009/8/13 12:43,4.3,train
train_005436,record_005436.npz,KNGH20,2009/8/13 18:11,2009/8/13 18:11,4.5,train
train_005437,record_005437.npz,KNGH21,2005/2/16 4:46,2005/2/16 4:46,5.4,train
train_005438,record_005438.npz,KNGH21,2005/4/11 7:22,2005/4/11 7:22,6.1,train
train_005439,record_005439.npz,KNGH21,2005/4/11 15:35,2005/4/11 15:35,4.4,train
train_005440,record_005440.npz,KNGH21,2005/4/12 13:09,2005/4/12 13:09,4.1,train
train_005441,record_005441.npz,KNGH21,2005/4/17 20:09,2005/4/17 20:09,4.4,train
train_005442,record_005442.npz,KNGH21,2005/5/7 4:52,2005/5/7 4:52,4.2,train
train_005443,record_005443.npz,KNGH21,2005/6/1 19:05,2005/6/1 19:06,4.1,train
train_005444,record_005444.npz,KNGH21,2005/6/1 19:39,2005/6/1 19:40,4.1,train
train_005445,record_005445.npz,KNGH21,2005/6/1 20:44,2005/6/1 20:44,4.3,train
train_005446,record_005446.npz,KNGH21,2005/6/9 9:28,2005/6/9 9:29,4.5,train
train_005447,record_005447.npz,KNGH21,2005/6/20 1:15,2005/6/20 1:15,5.6,train
train_005448,record_005448.npz,KNGH21,2005/7/23 16:35,2005/7/23 16:35,6,train
train_005449,record_005449.npz,KNGH21,2005/7/23 16:37,2005/7/23 16:37,4.5,train
train_005450,record_005450.npz,KNGH21,2005/7/23 16:42,2005/7/23 16:42,4.2,train
train_005451,record_005451.npz,KNGH21,2005/7/24 18:12,2005/7/24 18:13,4.5,train
train_005452,record_005452.npz,KNGH21,2005/7/28 19:15,2005/7/28 19:15,5,train
train_005453,record_005453.npz,KNGH21,2005/7/31 14:53,2005/7/31 14:53,4.4,train
train_005454,record_005454.npz,KNGH21,2005/8/7 1:05,2005/8/7 1:05,4.7,train
train_005455,record_005455.npz,KNGH21,2005/10/16 16:05,2005/10/16 16:06,5.1,train
train_005456,record_005456.npz,KNGH21,2005/10/19 20:44,2005/10/19 20:45,6.3,train
train_005457,record_005457.npz,KNGH21,2006/2/1 20:36,2006/2/1 20:36,5.1,train
train_005458,record_005458.npz,KNGH21,2006/4/21 2:50,2006/4/21 2:50,5.8,train
train_005459,record_005459.npz,KNGH21,2006/4/21 3:20,2006/4/21 3:20,4.5,train
train_005460,record_005460.npz,KNGH21,2006/4/21 23:17,2006/4/21 23:17,4.5,train
train_005461,record_005461.npz,KNGH21,2006/4/22 6:03,2006/4/22 6:03,4.2,train
train_005462,record_005462.npz,KNGH21,2006/4/30 13:10,2006/4/30 13:10,4.5,train
train_005463,record_005463.npz,KOCH01,2000/4/15 2:41,2000/4/15 2:41,4.8,train
train_005464,record_005464.npz,KOCH01,2000/4/28 11:42,2000/4/28 11:42,4.2,train
train_005465,record_005465.npz,KOCH01,2000/7/3 14:37,2000/7/3 14:37,4.2,train
train_005466,record_005466.npz,KOCH01,2000/7/26 16:24,2000/7/26 16:24,4.1,train
train_005467,record_005467.npz,KOCH01,2001/1/25 19:45,2001/1/25 19:45,4.4,train
train_005468,record_005468.npz,KOCH01,2001/2/8 14:12,2001/2/8 14:12,4.2,train
train_005469,record_005469.npz,KOCH01,2001/3/24 15:28,2001/3/24 15:28,6.4,train
train_005470,record_005470.npz,KOCH01,2002/2/4 6:02,2002/2/4 6:02,4.4,train
train_005471,record_005471.npz,KOCH01,2003/8/14 23:46,2003/8/14 23:46,4.6,train
train_005472,record_005472.npz,KOCH01,2007/4/26 9:03,2007/4/26 9:03,5.3,train
train_005473,record_005473.npz,KOCH01,1998/9/24 17:03,1998/9/24 17:03,4.2,train
train_005474,record_005474.npz,KOCH01,1998/11/22 9:14,1998/11/22 9:15,4.1,train
train_005475,record_005475.npz,KOCH01,1999/3/25 0:07,1999/3/25 0:08,4.3,train
train_005476,record_005476.npz,KOCH02,2000/4/15 2:41,2000/4/15 2:41,4.8,train
train_005477,record_005477.npz,KOCH02,2000/10/3 13:18,2000/10/3 13:18,4.2,train
train_005478,record_005478.npz,KOCH02,2000/10/6 13:30,2000/10/6 13:30,7.3,train
train_005479,record_005479.npz,KOCH02,2001/3/24 15:28,2001/3/24 15:28,6.4,train
train_005480,record_005480.npz,KOCH02,2001/3/26 5:41,2001/3/26 5:41,5,train
train_005481,record_005481.npz,KOCH02,2002/1/24 16:08,2002/1/24 16:09,4.5,train
train_005482,record_005482.npz,KOCH02,2002/3/25 22:58,2002/3/25 22:58,4.7,train
train_005483,record_005483.npz,KOCH02,2002/9/25 14:45,2002/9/25 14:45,4.5,train
train_005484,record_005484.npz,KOCH02,2005/5/27 3:17,2005/5/27 3:17,4.7,train
train_005485,record_005485.npz,KOCH02,2006/5/8 12:45,2006/5/8 12:45,4.2,train
train_005486,record_005486.npz,KOCH02,2007/4/26 9:03,2007/4/26 9:03,5.3,train
train_005487,record_005487.npz,KOCH02,2009/1/25 2:33,2009/1/25 2:34,4.4,train
train_005488,record_005488.npz,KOCH02,2009/7/18 5:16,2009/7/18 5:17,4.3,train
train_005489,record_005489.npz,KOCH02,2009/12/16 14:12,2009/12/16 14:13,4.6,train
train_005490,record_005490.npz,KOCH02,2010/4/17 5:35,2010/4/17 5:35,4.3,train
train_005491,record_005491.npz,KOCH02,2010/7/23 14:25,2010/7/23 14:25,4.4,train
train_005492,record_005492.npz,KOCH07,2001/3/24 15:28,2001/3/24 15:28,6.4,train
train_005493,record_005493.npz,KOCH07,2001/3/26 5:41,2001/3/26 5:41,5,train
train_005494,record_005494.npz,KOCH07,2001/4/3 21:14,2001/4/3 21:15,4.4,train
train_005495,record_005495.npz,KOCH07,2001/4/25 23:40,2001/4/25 23:40,5.6,train
train_005496,record_005496.npz,KOCH07,2001/8/24 21:44,2001/8/24 21:44,4.3,train
train_005497,record_005497.npz,KOCH07,2001/9/6 1:29,2001/9/6 1:29,4.3,train
train_005498,record_005498.npz,KOCH07,2002/3/25 22:58,2002/3/25 22:58,4.7,train
train_005499,record_005499.npz,KOCH07,2002/4/6 1:57,2002/4/6 1:57,4.5,train
train_005500,record_005500.npz,KOCH07,2002/10/13 19:06,2002/10/13 19:06,4.7,train
train_005501,record_005501.npz,KOCH07,2002/11/4 13:36,2002/11/4 13:36,5.7,train
train_005502,record_005502.npz,KOCH07,2007/4/26 9:03,2007/4/26 9:03,5.3,train
train_005503,record_005503.npz,KOCH07,2008/3/8 3:52,2008/3/8 3:52,4.1,train
train_005504,record_005504.npz,KOCH07,2009/1/25 2:33,2009/1/25 2:33,4.4,train
train_005505,record_005505.npz,KOCH07,2009/6/14 19:17,2009/6/14 19:18,4.2,train
train_005506,record_005506.npz,KOCH07,2009/7/18 5:16,2009/7/18 5:16,4.3,train
train_005507,record_005507.npz,KOCH07,2009/7/22 23:51,2009/7/22 23:51,4.6,train
train_005508,record_005508.npz,KOCH07,2009/8/5 12:51,2009/8/5 12:51,5,train
train_005509,record_005509.npz,KOCH07,2009/10/29 2:37,2009/10/29 2:37,4.7,train
train_005510,record_005510.npz,KOCH07,2009/12/16 14:12,2009/12/16 14:12,4.6,train
train_005511,record_005511.npz,KOCH07,2010/2/21 11:49,2010/2/21 11:50,4.5,train
train_005512,record_005512.npz,KOCH07,2010/4/17 5:35,2010/4/17 5:35,4.3,train
train_005513,record_005513.npz,KOCH07,2010/5/13 20:01,2010/5/13 20:01,4.7,train
train_005514,record_005514.npz,KOCH07,2010/7/23 14:25,2010/7/23 14:25,4.4,train
train_005515,record_005515.npz,KOCH07,2010/8/10 21:24,2010/8/10 21:24,4.4,train
train_005516,record_005516.npz,KOCH07,2010/10/6 13:51,2010/10/6 13:51,4.5,train
train_005517,record_005517.npz,KOCH07,2011/1/16 20:33,2011/1/16 20:33,4.5,train
train_005518,record_005518.npz,KOCH08,2002/11/4 13:36,2002/11/4 13:36,5.7,train
train_005519,record_005519.npz,KOCH08,2006/3/27 11:50,2006/3/27 11:50,5.5,train
train_005520,record_005520.npz,KOCH08,2007/4/26 9:03,2007/4/26 9:03,5.3,train
train_005521,record_005521.npz,KOCH08,2009/1/25 2:33,2009/1/25 2:33,4.4,train
train_005522,record_005522.npz,KOCH08,2009/4/5 18:36,2009/4/5 18:36,5.6,train
train_005523,record_005523.npz,KOCH08,2009/6/14 19:17,2009/6/14 19:18,4.2,train
train_005524,record_005524.npz,KOCH08,2009/7/18 5:16,2009/7/18 5:16,4.3,train
train_005525,record_005525.npz,KOCH08,2009/7/22 23:51,2009/7/22 23:51,4.6,train
train_005526,record_005526.npz,KOCH08,2009/8/5 12:51,2009/8/5 12:51,5,train
train_005527,record_005527.npz,KOCH08,2009/10/29 2:37,2009/10/29 2:37,4.7,train
train_005528,record_005528.npz,KOCH08,2009/12/16 14:12,2009/12/16 14:13,4.6,train
train_005529,record_005529.npz,KOCH08,2010/4/17 5:35,2010/4/17 5:35,4.3,train
train_005530,record_005530.npz,KOCH08,2010/7/23 14:25,2010/7/23 14:25,4.4,train
train_005531,record_005531.npz,KOCH08,2010/8/10 21:24,2010/8/10 21:24,4.4,train
train_005532,record_005532.npz,KOCH08,2010/10/6 13:51,2010/10/6 13:52,4.5,train
train_005533,record_005533.npz,KOCH08,2011/2/28 9:04,2011/2/28 9:05,4.6,train
train_005534,record_005534.npz,KOCH10,2003/8/14 23:46,2003/8/14 23:46,4.6,train
train_005535,record_005535.npz,KOCH10,2005/5/27 3:17,2005/5/27 3:17,4.7,train
train_005536,record_005536.npz,KOCH10,2006/9/26 7:03,2006/9/26 7:04,5.3,train
train_005537,record_005537.npz,KOCH10,2007/4/26 9:03,2007/4/26 9:03,5.3,train
train_005538,record_005538.npz,KOCH10,2008/3/8 3:52,2008/3/8 3:52,4.1,train
train_005539,record_005539.npz,KOCH10,2009/7/22 23:51,2009/7/22 23:51,4.6,train
train_005540,record_005540.npz,KOCH10,2009/12/16 14:12,2009/12/16 14:13,4.6,train
train_005541,record_005541.npz,KOCH10,2010/4/17 5:35,2010/4/17 5:35,4.3,train
train_005542,record_005542.npz,KOCH10,2010/7/23 14:25,2010/7/23 14:25,4.4,train
train_005543,record_005543.npz,KOCH10,2010/8/10 21:24,2010/8/10 21:24,4.4,train
train_005544,record_005544.npz,KOCH10,2011/1/16 20:33,2011/1/16 20:33,4.5,train
train_005545,record_005545.npz,KOCH12,2007/4/26 9:03,2007/4/26 9:03,5.3,train
train_005546,record_005546.npz,KOCH12,2008/3/8 3:52,2008/3/8 3:52,4.1,train
train_005547,record_005547.npz,KOCH12,2008/8/24 5:45,2008/8/24 5:45,4.3,train
train_005548,record_005548.npz,KOCH12,2009/6/14 19:17,2009/6/14 19:18,4.2,train
train_005549,record_005549.npz,KOCH12,2009/7/22 23:51,2009/7/22 23:51,4.6,train
train_005550,record_005550.npz,KOCH12,2009/7/23 0:47,2009/7/23 0:47,4.1,train
train_005551,record_005551.npz,KOCH12,2009/12/16 14:12,2009/12/16 14:13,4.6,train
train_005552,record_005552.npz,KOCH12,2010/2/21 11:49,2010/2/21 11:50,4.5,train
train_005553,record_005553.npz,KOCH12,2010/7/21 6:19,2010/7/21 6:20,5.1,train
train_005554,record_005554.npz,KOCH12,2010/7/23 14:25,2010/7/23 14:25,4.4,train
train_005555,record_005555.npz,KOCH12,2011/1/16 20:33,2011/1/16 20:33,4.5,train
train_005556,record_005556.npz,KOCH12,2011/2/21 15:46,2011/2/21 15:46,4.8,train
train_005557,record_005557.npz,KOCH13,2005/5/27 3:17,2005/5/27 3:17,4.7,train
train_005558,record_005558.npz,KOCH13,2007/4/26 9:03,2007/4/26 9:03,5.3,train
train_005559,record_005559.npz,KOCH13,2008/3/8 3:52,2008/3/8 3:52,4.1,train
train_005560,record_005560.npz,KOCH13,2009/1/25 2:33,2009/1/25 2:34,4.4,train
train_005561,record_005561.npz,KOCH13,2009/12/16 14:12,2009/12/16 14:13,4.6,train
train_005562,record_005562.npz,KOCH13,2010/4/17 5:35,2010/4/17 5:35,4.3,train
train_005563,record_005563.npz,KOCH13,2010/7/23 14:25,2010/7/23 14:25,4.4,train
train_005564,record_005564.npz,KOCH13,2011/1/16 20:33,2011/1/16 20:33,4.5,train
train_005565,record_005565.npz,KSRH01,2000/11/14 0:57,2000/11/14 0:57,5.9,train
train_005566,record_005566.npz,KSRH01,2000/11/14 12:53,2000/11/14 12:53,5.2,train
train_005567,record_005567.npz,KSRH01,2000/11/15 23:19,2000/11/15 23:19,4.5,train
train_005568,record_005568.npz,KSRH01,2001/4/14 8:16,2001/4/14 8:16,5.4,train
train_005569,record_005569.npz,KSRH01,2001/4/27 2:49,2001/4/27 2:49,5.9,train
train_005570,record_005570.npz,KSRH01,2001/7/5 22:12,2001/7/5 22:12,4.9,train
train_005571,record_005571.npz,KSRH01,2001/12/11 18:40,2001/12/11 18:40,4.6,train
train_005572,record_005572.npz,KSRH01,2002/1/21 8:55,2002/1/21 8:56,4.7,train
train_005573,record_005573.npz,KSRH01,2002/3/17 1:22,2002/3/17 1:23,4.6,train
train_005574,record_005574.npz,KSRH01,2002/7/28 20:31,2002/7/28 20:32,4.8,train
train_005575,record_005575.npz,KSRH01,2002/8/25 3:41,2002/8/25 3:41,5.8,train
train_005576,record_005576.npz,KSRH01,2002/11/30 16:15,2002/11/30 16:16,5.2,train
train_005577,record_005577.npz,KSRH01,2002/12/1 18:57,2002/12/1 18:57,5.4,train
train_005578,record_005578.npz,KSRH01,2003/1/7 3:27,2003/1/7 3:28,4.6,train
train_005579,record_005579.npz,KSRH01,2003/9/11 4:32,2003/9/11 4:32,4.9,train
train_005580,record_005580.npz,KSRH01,2003/9/26 4:50,2003/9/26 4:50,8,train
train_005581,record_005581.npz,KSRH01,2003/9/26 6:08,2003/9/26 6:07,7.1,train
train_005582,record_005582.npz,KSRH01,2003/9/26 8:11,2003/9/26 8:12,4.8,train
train_005583,record_005583.npz,KSRH01,2003/9/26 15:27,2003/9/26 15:27,6.1,train
train_005584,record_005584.npz,KSRH01,2003/9/27 17:06,2003/9/27 17:06,5.2,train
train_005585,record_005585.npz,KSRH01,2003/9/29 11:37,2003/9/29 11:37,6.5,train
train_005586,record_005586.npz,KSRH01,2003/9/29 16:50,2003/9/29 16:50,5.5,train
train_005587,record_005587.npz,KSRH01,2003/10/8 18:07,2003/10/8 18:07,6.4,train
train_005588,record_005588.npz,KSRH01,2003/10/8 22:32,2003/10/8 22:32,5.7,train
train_005589,record_005589.npz,KSRH01,2004/4/12 3:06,2004/4/12 3:06,5.8,train
train_005590,record_005590.npz,KSRH01,2004/11/11 19:03,2004/11/11 19:03,6.3,train
train_005591,record_005591.npz,KSRH01,2004/11/29 3:32,2004/11/29 3:32,7.1,train
train_005592,record_005592.npz,KSRH01,2004/12/6 23:15,2004/12/6 23:15,6.9,train
train_005593,record_005593.npz,KSRH03,2000/9/13 19:08,2000/9/13 19:08,4.4,train
train_005594,record_005594.npz,KSRH03,2000/11/14 0:57,2000/11/14 0:57,5.9,train
train_005595,record_005595.npz,KSRH03,2000/11/14 12:53,2000/11/14 12:53,5.2,train
train_005596,record_005596.npz,KSRH03,2000/11/15 23:19,2000/11/15 23:19,4.5,train
train_005597,record_005597.npz,KSRH03,2000/12/8 6:14,2000/12/8 6:15,4.2,train
train_005598,record_005598.npz,KSRH03,2001/4/27 2:49,2001/4/27 2:49,5.9,train
train_005599,record_005599.npz,KSRH03,2001/7/5 22:12,2001/7/5 22:12,4.9,train
train_005600,record_005600.npz,KSRH03,2001/12/11 18:40,2001/12/11 18:40,4.6,train
train_005601,record_005601.npz,KSRH03,2002/3/17 1:22,2002/3/17 1:23,4.6,train
train_005602,record_005602.npz,KSRH03,2002/8/5 6:07,2002/8/5 6:07,4.5,train
train_005603,record_005603.npz,KSRH03,2002/8/25 3:41,2002/8/25 3:41,5.8,train
train_005604,record_005604.npz,KSRH03,2002/12/1 18:57,2002/12/1 18:57,5.4,train
train_005605,record_005605.npz,KSRH03,2003/4/29 20:43,2003/4/29 20:43,4.2,train
train_005606,record_005606.npz,KSRH03,2003/7/3 8:52,2003/7/3 8:52,5.8,train
train_005607,record_005607.npz,KSRH03,2003/9/11 4:32,2003/9/11 4:32,4.9,train
train_005608,record_005608.npz,KSRH03,2003/9/26 4:50,2003/9/26 4:50,8,train
train_005609,record_005609.npz,KSRH03,2003/9/26 8:11,2003/9/26 8:10,4.8,train
train_005610,record_005610.npz,KSRH03,2003/9/26 15:27,2003/9/26 15:27,6.1,train
train_005611,record_005611.npz,KSRH03,2003/9/27 5:38,2003/9/27 5:38,6,train
train_005612,record_005612.npz,KSRH03,2003/9/27 17:06,2003/9/27 17:06,5.2,train
train_005613,record_005613.npz,KSRH03,2003/9/28 13:18,2003/9/28 13:18,5.5,train
train_005614,record_005614.npz,KSRH03,2003/9/29 11:37,2003/9/29 11:37,6.5,train
train_005615,record_005615.npz,KSRH03,2003/9/29 16:50,2003/9/29 16:50,5.5,train
train_005616,record_005616.npz,KSRH03,2003/10/7 4:26,2003/10/7 4:26,5.6,train
train_005617,record_005617.npz,KSRH03,2003/10/8 2:41,2003/10/8 2:41,5.2,train
train_005618,record_005618.npz,KSRH03,2003/10/8 18:07,2003/10/8 18:07,6.4,train
train_005619,record_005619.npz,KSRH03,2003/10/8 22:32,2003/10/8 22:32,5.7,train
train_005620,record_005620.npz,KSRH03,2003/10/20 8:27,2003/10/20 8:27,4.7,train
train_005621,record_005621.npz,KSRH03,2003/12/3 23:11,2003/12/3 23:11,5.6,train
train_005622,record_005622.npz,KSRH03,2004/2/17 16:46,2004/2/17 16:46,5.6,train
train_005623,record_005623.npz,KSRH04,2000/7/21 20:51,2000/7/21 20:51,4.4,train
train_005624,record_005624.npz,KSRH04,2000/8/16 5:21,2000/8/16 5:21,5.7,train
train_005625,record_005625.npz,KSRH04,2000/8/25 22:17,2000/8/25 22:18,4.5,train
train_005626,record_005626.npz,KSRH04,2000/11/14 0:57,2000/11/14 0:57,5.9,train
train_005627,record_005627.npz,KSRH04,2000/11/14 12:53,2000/11/14 12:53,5.2,train
train_005628,record_005628.npz,KSRH04,2000/11/15 23:19,2000/11/15 23:19,4.5,train
train_005629,record_005629.npz,KSRH04,2001/4/14 8:16,2001/4/14 8:16,5.4,train
train_005630,record_005630.npz,KSRH04,2001/4/27 2:49,2001/4/27 2:49,5.9,train
train_005631,record_005631.npz,KSRH04,2001/6/26 18:46,2001/6/26 18:46,5,train
train_005632,record_005632.npz,KSRH04,2001/7/5 22:12,2001/7/5 22:12,4.9,train
train_005633,record_005633.npz,KSRH04,2001/12/11 18:40,2001/12/11 18:40,4.6,train
train_005634,record_005634.npz,KSRH04,2002/8/5 6:07,2002/8/5 6:07,4.5,train
train_005635,record_005635.npz,KSRH04,2002/8/25 3:41,2002/8/25 3:41,5.8,train
train_005636,record_005636.npz,KSRH04,2002/11/30 16:15,2002/11/30 16:16,5.2,train
train_005637,record_005637.npz,KSRH04,2002/12/1 18:57,2002/12/1 18:57,5.4,train
train_005638,record_005638.npz,KSRH04,2002/12/10 20:25,2002/12/10 20:25,4.7,train
train_005639,record_005639.npz,KSRH04,2003/1/7 3:27,2003/1/7 3:28,4.6,train
train_005640,record_005640.npz,KSRH04,2003/4/29 20:43,2003/4/29 20:43,4.2,train
train_005641,record_005641.npz,KSRH04,2003/7/3 8:52,2003/7/3 8:52,5.8,train
train_005642,record_005642.npz,KSRH04,2003/9/11 4:32,2003/9/11 4:32,4.9,train
train_005643,record_005643.npz,KSRH04,2003/9/26 4:50,2003/9/26 4:50,8,train
train_005644,record_005644.npz,KSRH04,2003/9/26 6:08,2003/9/26 6:07,7.1,train
train_005645,record_005645.npz,KSRH04,2003/9/26 8:11,2003/9/26 8:10,4.8,train
train_005646,record_005646.npz,KSRH04,2003/9/26 11:35,2003/9/26 11:35,5.8,train
train_005647,record_005647.npz,KSRH04,2003/9/26 15:27,2003/9/26 15:27,6.1,train
train_005648,record_005648.npz,KSRH04,2003/9/27 5:38,2003/9/27 5:38,6,train
train_005649,record_005649.npz,KSRH04,2003/9/27 17:06,2003/9/27 17:06,5.2,train
train_005650,record_005650.npz,KSRH04,2003/9/28 13:18,2003/9/28 13:18,5.5,train
train_005651,record_005651.npz,KSRH04,2003/9/29 11:37,2003/9/29 11:37,6.5,train
train_005652,record_005652.npz,KSRH04,2003/9/29 16:50,2003/9/29 16:50,5.5,train
train_005653,record_005653.npz,KSRH05,2000/8/25 22:17,2000/8/25 22:18,4.5,train
train_005654,record_005654.npz,KSRH05,2000/11/14 0:57,2000/11/14 0:57,5.9,train
train_005655,record_005655.npz,KSRH05,2000/11/14 12:53,2000/11/14 12:53,5.2,train
train_005656,record_005656.npz,KSRH05,2000/11/15 23:19,2000/11/15 23:19,4.5,train
train_005657,record_005657.npz,KSRH05,2001/4/27 2:49,2001/4/27 2:49,5.9,train
train_005658,record_005658.npz,KSRH05,2001/7/5 22:12,2001/7/5 22:12,4.9,train
train_005659,record_005659.npz,KSRH05,2001/12/11 18:40,2001/12/11 18:40,4.6,train
train_005660,record_005660.npz,KSRH05,2002/3/17 1:22,2002/3/17 1:23,4.6,train
train_005661,record_005661.npz,KSRH05,2002/8/5 6:07,2002/8/5 6:07,4.5,train
train_005662,record_005662.npz,KSRH05,2002/8/25 3:41,2002/8/25 3:41,5.8,train
train_005663,record_005663.npz,KSRH05,2002/11/30 16:15,2002/11/30 16:16,5.2,train
train_005664,record_005664.npz,KSRH05,2002/12/1 18:57,2002/12/1 18:57,5.4,train
train_005665,record_005665.npz,KSRH05,2002/12/10 20:25,2002/12/10 20:25,4.7,train
train_005666,record_005666.npz,KSRH05,2003/1/7 3:27,2003/1/7 3:28,4.6,train
train_005667,record_005667.npz,KSRH05,2003/4/29 20:43,2003/4/29 20:43,4.2,train
train_005668,record_005668.npz,KSRH05,2003/7/3 8:52,2003/7/3 8:52,5.8,train
train_005669,record_005669.npz,KSRH05,2003/9/11 4:32,2003/9/11 4:32,4.9,train
train_005670,record_005670.npz,KSRH05,2003/9/26 4:50,2003/9/26 4:50,8,train
train_005671,record_005671.npz,KSRH05,2003/9/26 4:59,2003/9/26 5:00,4.3,train
train_005672,record_005672.npz,KSRH05,2003/9/26 6:08,2003/9/26 6:07,7.1,train
train_005673,record_005673.npz,KSRH05,2003/9/26 8:11,2003/9/26 8:11,4.8,train
train_005674,record_005674.npz,KSRH05,2003/9/26 15:27,2003/9/26 15:27,6.1,train
train_005675,record_005675.npz,KSRH05,2003/9/27 17:06,2003/9/27 17:06,5.2,train
train_005676,record_005676.npz,KSRH05,2003/9/28 13:18,2003/9/28 13:18,5.5,train
train_005677,record_005677.npz,KSRH05,2003/9/29 11:37,2003/9/29 11:37,6.5,train
train_005678,record_005678.npz,KSRH05,2003/9/29 16:50,2003/9/29 16:50,5.5,train
train_005679,record_005679.npz,KSRH05,2003/10/8 2:41,2003/10/8 2:41,5.2,train
train_005680,record_005680.npz,KSRH05,2003/10/8 18:07,2003/10/8 18:07,6.4,train
train_005681,record_005681.npz,KSRH05,2003/10/8 22:32,2003/10/8 22:32,5.7,train
train_005682,record_005682.npz,KSRH05,2003/10/9 8:15,2003/10/9 8:15,5.9,train
train_005683,record_005683.npz,KSRH06,2000/8/25 22:17,2000/8/25 22:18,4.5,train
train_005684,record_005684.npz,KSRH06,2000/8/29 16:19,2000/8/29 16:20,4.2,train
train_005685,record_005685.npz,KSRH06,2000/9/3 20:01,2000/9/3 20:01,5.2,train
train_005686,record_005686.npz,KSRH06,2000/9/13 19:08,2000/9/13 19:08,4.4,train
train_005687,record_005687.npz,KSRH06,2000/11/14 0:57,2000/11/14 0:57,5.9,train
train_005688,record_005688.npz,KSRH06,2000/11/14 12:53,2000/11/14 12:53,5.2,train
train_005689,record_005689.npz,KSRH06,2000/11/15 23:19,2000/11/15 23:19,4.5,train
train_005690,record_005690.npz,KSRH06,2000/12/8 6:14,2000/12/8 6:15,4.2,train
train_005691,record_005691.npz,KSRH06,2001/4/14 8:16,2001/4/14 8:16,5.4,train
train_005692,record_005692.npz,KSRH06,2001/7/5 22:12,2001/7/5 22:12,4.9,train
train_005693,record_005693.npz,KSRH06,2001/12/11 18:40,2001/12/11 18:40,4.6,train
train_005694,record_005694.npz,KSRH06,2002/3/17 1:22,2002/3/17 1:23,4.6,train
train_005695,record_005695.npz,KSRH06,2002/8/5 6:07,2002/8/5 6:07,4.5,train
train_005696,record_005696.npz,KSRH06,2002/8/25 3:41,2002/8/25 3:41,5.8,train
train_005697,record_005697.npz,KSRH06,2002/12/1 18:57,2002/12/1 18:57,5.4,train
train_005698,record_005698.npz,KSRH06,2003/3/16 14:35,2003/3/16 14:35,4.6,train
train_005699,record_005699.npz,KSRH06,2003/4/29 20:43,2003/4/29 20:43,4.2,train
train_005700,record_005700.npz,KSRH06,2003/7/3 8:52,2003/7/3 8:52,5.8,train
train_005701,record_005701.npz,KSRH06,2003/9/11 4:32,2003/9/11 4:32,4.9,train
train_005702,record_005702.npz,KSRH06,2003/9/26 4:50,2003/9/26 4:50,8,train
train_005703,record_005703.npz,KSRH06,2003/9/26 6:08,2003/9/26 6:07,7.1,train
train_005704,record_005704.npz,KSRH06,2003/9/26 8:11,2003/9/26 8:10,4.8,train
train_005705,record_005705.npz,KSRH06,2003/9/26 15:27,2003/9/26 15:27,6.1,train
train_005706,record_005706.npz,KSRH06,2003/9/27 17:06,2003/9/27 17:06,5.2,train
train_005707,record_005707.npz,KSRH06,2003/9/28 13:18,2003/9/28 13:18,5.5,train
train_005708,record_005708.npz,KSRH06,2003/9/29 11:37,2003/9/29 11:37,6.5,train
train_005709,record_005709.npz,KSRH06,2003/9/29 16:50,2003/9/29 16:50,5.5,train
train_005710,record_005710.npz,KSRH06,2003/10/8 18:07,2003/10/8 18:07,6.4,train
train_005711,record_005711.npz,KSRH06,2003/10/8 22:32,2003/10/8 22:32,5.7,train
train_005712,record_005712.npz,KSRH06,2003/10/11 9:09,2003/10/11 9:09,6.1,train
train_005713,record_005713.npz,KSRH07,2000/8/25 22:17,2000/8/25 22:18,4.5,train
train_005714,record_005714.npz,KSRH07,2000/11/14 0:57,2000/11/14 0:57,5.9,train
train_005715,record_005715.npz,KSRH07,2000/11/14 12:53,2000/11/14 12:53,5.2,train
train_005716,record_005716.npz,KSRH07,2000/11/15 23:19,2000/11/15 23:19,4.5,train
train_005717,record_005717.npz,KSRH07,2000/12/8 6:14,2000/12/8 6:15,4.2,train
train_005718,record_005718.npz,KSRH07,2001/4/27 2:49,2001/4/27 2:49,5.9,train
train_005719,record_005719.npz,KSRH07,2001/5/22 14:21,2001/5/22 14:21,4.2,train
train_005720,record_005720.npz,KSRH07,2001/12/11 18:40,2001/12/11 18:40,4.6,train
train_005721,record_005721.npz,KSRH07,2002/8/25 3:41,2002/8/25 3:41,5.8,train
train_005722,record_005722.npz,KSRH07,2002/11/30 16:15,2002/11/30 16:16,5.2,train
train_005723,record_005723.npz,KSRH07,2002/12/1 18:57,2002/12/1 18:57,5.4,train
train_005724,record_005724.npz,KSRH07,2002/12/10 20:25,2002/12/10 20:25,4.7,train
train_005725,record_005725.npz,KSRH07,2003/1/7 3:27,2003/1/7 3:27,4.6,train
train_005726,record_005726.npz,KSRH07,2003/3/16 14:35,2003/3/16 14:35,4.6,train
train_005727,record_005727.npz,KSRH07,2003/4/18 0:40,2003/4/18 0:41,4.4,train
train_005728,record_005728.npz,KSRH07,2003/4/29 20:43,2003/4/29 20:43,4.2,train
train_005729,record_005729.npz,KSRH07,2003/7/3 8:52,2003/7/3 8:52,5.8,train
train_005730,record_005730.npz,KSRH07,2003/7/8 13:30,2003/7/8 13:31,5.2,train
train_005731,record_005731.npz,KSRH07,2003/8/16 10:26,2003/8/16 10:26,4.5,train
train_005732,record_005732.npz,KSRH07,2003/9/11 4:32,2003/9/11 4:32,4.9,train
train_005733,record_005733.npz,KSRH07,2003/9/26 4:50,2003/9/26 4:50,8,train
train_005734,record_005734.npz,KSRH07,2003/9/26 5:05,2003/9/26 5:06,5.1,train
train_005735,record_005735.npz,KSRH07,2003/9/26 5:10,2003/9/26 5:10,5.8,train
train_005736,record_005736.npz,KSRH07,2003/9/26 5:25,2003/9/26 5:25,4.5,train
train_005737,record_005737.npz,KSRH07,2003/9/26 5:57,2003/9/26 5:57,5.6,train
train_005738,record_005738.npz,KSRH07,2003/9/26 6:02,2003/9/26 6:03,5.5,train
train_005739,record_005739.npz,KSRH09,2000/8/25 22:17,2000/8/25 22:18,4.5,train
train_005740,record_005740.npz,KSRH09,2000/11/14 0:57,2000/11/14 0:57,5.9,train
train_005741,record_005741.npz,KSRH09,2000/11/14 12:53,2000/11/14 12:53,5.2,train
train_005742,record_005742.npz,KSRH09,2000/11/15 23:19,2000/11/15 23:19,4.5,train
train_005743,record_005743.npz,KSRH09,2000/12/6 15:12,2000/12/6 15:12,4.2,train
train_005744,record_005744.npz,KSRH09,2001/4/27 2:49,2001/4/27 2:49,5.9,train
train_005745,record_005745.npz,KSRH09,2001/12/11 18:40,2001/12/11 18:40,4.6,train
train_005746,record_005746.npz,KSRH09,2002/3/17 1:22,2002/3/17 1:23,4.6,train
train_005747,record_005747.npz,KSRH09,2002/7/28 20:31,2002/7/28 20:31,4.8,train
train_005748,record_005748.npz,KSRH09,2002/8/25 3:41,2002/8/25 3:41,5.8,train
train_005749,record_005749.npz,KSRH09,2002/10/31 12:15,2002/10/31 12:16,4.1,train
train_005750,record_005750.npz,KSRH09,2002/11/30 16:15,2002/11/30 16:16,5.2,train
train_005751,record_005751.npz,KSRH09,2002/12/1 18:57,2002/12/1 18:57,5.4,train
train_005752,record_005752.npz,KSRH09,2002/12/10 20:25,2002/12/10 20:25,4.7,train
train_005753,record_005753.npz,KSRH09,2003/1/7 3:27,2003/1/7 3:27,4.6,train
train_005754,record_005754.npz,KSRH09,2003/3/16 14:35,2003/3/16 14:35,4.6,train
train_005755,record_005755.npz,KSRH09,2003/4/14 12:46,2003/4/14 12:46,4.3,train
train_005756,record_005756.npz,KSRH09,2003/4/18 0:40,2003/4/18 0:41,4.4,train
train_005757,record_005757.npz,KSRH09,2003/4/29 20:43,2003/4/29 20:43,4.2,train
train_005758,record_005758.npz,KSRH09,2003/7/3 8:52,2003/7/3 8:52,5.8,train
train_005759,record_005759.npz,KSRH09,2003/9/11 4:32,2003/9/11 4:32,4.9,train
train_005760,record_005760.npz,KSRH09,2003/9/26 4:50,2003/9/26 4:50,8,train
train_005761,record_005761.npz,KSRH09,2003/9/26 6:08,2003/9/26 6:07,7.1,train
train_005762,record_005762.npz,KSRH09,2003/9/26 15:27,2003/9/26 15:27,6.1,train
train_005763,record_005763.npz,KSRH09,2003/9/27 5:38,2003/9/27 5:38,6,train
train_005764,record_005764.npz,KSRH09,2003/9/27 17:06,2003/9/27 17:06,5.2,train
train_005765,record_005765.npz,KSRH09,2003/9/29 11:37,2003/9/29 11:37,6.5,train
train_005766,record_005766.npz,KSRH09,2003/9/29 16:50,2003/9/29 16:50,5.5,train
train_005767,record_005767.npz,KSRH09,2003/9/29 23:22,2003/9/29 23:22,5.7,train
train_005768,record_005768.npz,KSRH10,2001/7/5 22:12,2001/7/5 22:12,4.9,train
train_005769,record_005769.npz,KSRH10,2001/12/11 18:40,2001/12/11 18:40,4.6,train
train_005770,record_005770.npz,KSRH10,2002/1/19 18:06,2002/1/19 18:06,5.6,train
train_005771,record_005771.npz,KSRH10,2002/8/5 6:07,2002/8/5 6:07,4.5,train
train_005772,record_005772.npz,KSRH10,2002/8/25 3:41,2002/8/25 3:41,5.8,train
train_005773,record_005773.npz,KSRH10,2002/11/30 16:15,2002/11/30 16:16,5.2,train
train_005774,record_005774.npz,KSRH10,2002/12/1 18:57,2002/12/1 18:57,5.4,train
train_005775,record_005775.npz,KSRH10,2003/7/3 8:52,2003/7/3 8:52,5.8,train
train_005776,record_005776.npz,KSRH10,2003/8/30 9:31,2003/8/30 9:31,4.7,train
train_005777,record_005777.npz,KSRH10,2003/9/11 4:32,2003/9/11 4:32,4.9,train
train_005778,record_005778.npz,KSRH10,2003/9/26 4:50,2003/9/26 4:50,8,train
train_005779,record_005779.npz,KSRH10,2003/9/26 8:11,2003/9/26 8:11,4.8,train
train_005780,record_005780.npz,KSRH10,2003/9/26 15:27,2003/9/26 15:27,6.1,train
train_005781,record_005781.npz,KSRH10,2003/9/27 17:06,2003/9/27 17:06,5.2,train
train_005782,record_005782.npz,KSRH10,2003/9/29 11:37,2003/9/29 11:37,6.5,train
train_005783,record_005783.npz,KSRH10,2003/10/8 18:07,2003/10/8 18:07,6.4,train
train_005784,record_005784.npz,KSRH10,2003/10/8 22:32,2003/10/8 22:32,5.7,train
train_005785,record_005785.npz,KSRH10,2003/10/20 8:27,2003/10/20 8:27,4.7,train
train_005786,record_005786.npz,KSRH10,2003/12/3 23:11,2003/12/3 23:11,5.6,train
train_005787,record_005787.npz,KSRH10,2004/1/15 9:10,2004/1/15 9:10,5.1,train
train_005788,record_005788.npz,KSRH10,2004/1/19 3:16,2004/1/19 3:16,4.7,train
train_005789,record_005789.npz,KSRH10,2004/2/17 16:46,2004/2/17 16:46,5.6,train
train_005790,record_005790.npz,KSRH10,2004/4/12 3:06,2004/4/12 3:06,5.8,train
train_005791,record_005791.npz,KSRH10,2004/4/12 5:10,2004/4/12 5:10,4.2,train
train_005792,record_005792.npz,KSRH10,2004/4/12 14:15,2004/4/12 14:15,4.8,train
train_005793,record_005793.npz,KSRH10,2004/5/6 22:43,2004/5/6 22:43,5.7,train
train_005794,record_005794.npz,KSRH10,2004/7/27 17:44,2004/7/27 17:44,4.6,train
train_005795,record_005795.npz,KSRH10,2004/11/4 23:03,2004/11/4 23:03,5.8,train
train_005796,record_005796.npz,KSRH10,2004/11/9 3:34,2004/11/9 3:35,4.3,train
train_005797,record_005797.npz,KSRH10,2004/11/29 3:32,2004/11/29 3:32,7.1,train
train_005798,record_005798.npz,KYTH01,2000/10/6 13:30,2000/10/6 13:30,7.3,train
train_005799,record_005799.npz,KYTH01,2001/1/12 8:00,2001/1/12 8:00,5.4,train
train_005800,record_005800.npz,KYTH01,2002/7/16 20:09,2002/7/16 20:09,4.2,train
train_005801,record_005801.npz,KYTH01,2002/8/18 9:01,2002/8/18 9:01,4.5,train
train_005802,record_005802.npz,KYTH01,2002/9/16 10:10,2002/9/16 10:11,5.3,train
train_005803,record_005803.npz,KYTH01,2003/2/6 2:37,2003/2/6 2:37,4.5,train
train_005804,record_005804.npz,KYTH01,2003/3/13 21:04,2003/3/13 21:05,4.1,train
train_005805,record_005805.npz,KYTH01,2007/12/21 14:23,2007/12/21 14:23,4.5,train
train_005806,record_005806.npz,KYTH01,2007/12/21 16:01,2007/12/21 16:01,4.2,train
train_005807,record_005807.npz,KYTH01,2008/4/17 0:58,2008/4/17 0:58,4.1,train
train_005808,record_005808.npz,KYTH01,2008/8/8 4:35,2008/8/8 4:35,4.2,train
train_005809,record_005809.npz,KYTH01,2008/8/30 18:28,2008/8/30 18:28,4.2,train
train_005810,record_005810.npz,KYTH01,2008/10/1 9:25,2008/10/1 9:25,4.4,train
train_005811,record_005811.npz,KYTH01,2009/2/18 6:47,2009/2/18 6:47,5.2,train
train_005812,record_005812.npz,KYTH01,2010/7/21 6:19,2010/7/21 6:19,5.1,train
train_005813,record_005813.npz,KYTH02,2000/10/6 13:30,2000/10/6 13:30,7.3,train
train_005814,record_005814.npz,KYTH02,2001/1/12 8:00,2001/1/12 8:00,5.4,train
train_005815,record_005815.npz,KYTH02,2002/7/16 20:09,2002/7/16 20:09,4.2,train
train_005816,record_005816.npz,KYTH02,2002/8/18 9:01,2002/8/18 9:01,4.5,train
train_005817,record_005817.npz,KYTH02,2002/9/16 10:10,2002/9/16 10:11,5.3,train
train_005818,record_005818.npz,KYTH02,2002/11/19 18:36,2002/11/19 18:36,4.2,train
train_005819,record_005819.npz,KYTH02,2003/2/6 2:37,2003/2/6 2:37,4.5,train
train_005820,record_005820.npz,KYTH02,2007/12/21 14:23,2007/12/21 14:23,4.5,train
train_005821,record_005821.npz,KYTH02,2007/12/21 16:01,2007/12/21 16:01,4.2,train
train_005822,record_005822.npz,KYTH02,2008/8/8 4:35,2008/8/8 4:35,4.2,train
train_005823,record_005823.npz,KYTH02,2008/8/30 18:28,2008/8/30 18:28,4.2,train
train_005824,record_005824.npz,KYTH02,2008/10/1 9:25,2008/10/1 9:25,4.4,train
train_005825,record_005825.npz,KYTH02,2009/2/18 6:47,2009/2/18 6:47,5.2,train
train_005826,record_005826.npz,KYTH02,2010/7/21 6:19,2010/7/21 6:19,5.1,train
train_005827,record_005827.npz,KYTH03,2000/10/6 13:30,2000/10/6 13:30,7.3,train
train_005828,record_005828.npz,KYTH03,2005/1/9 18:59,2005/1/9 18:59,4.7,train
train_005829,record_005829.npz,KYTH03,2011/2/21 15:46,2011/2/21 15:46,4.8,train
train_005830,record_005830.npz,KYTH04,2001/12/28 3:28,2001/12/28 3:28,4.2,train
train_005831,record_005831.npz,KYTH04,2007/4/15 12:19,2007/4/15 12:19,5.4,train
train_005832,record_005832.npz,KYTH04,2008/4/17 0:58,2008/4/17 0:58,4.1,train
train_005833,record_005833.npz,KYTH04,2008/8/8 4:35,2008/8/8 4:35,4.2,train
train_005834,record_005834.npz,KYTH04,2008/8/30 18:28,2008/8/30 18:28,4.2,train
train_005835,record_005835.npz,KYTH04,2008/10/1 9:25,2008/10/1 9:25,4.4,train
train_005836,record_005836.npz,KYTH04,2009/2/18 6:47,2009/2/18 6:47,5.2,train
train_005837,record_005837.npz,KYTH04,2010/7/21 6:19,2010/7/21 6:19,5.1,train
train_005838,record_005838.npz,KYTH04,2011/2/21 15:46,2011/2/21 15:46,4.8,train
train_005839,record_005839.npz,KYTH04,2011/2/27 5:38,2011/2/27 5:38,5.5,train
train_005840,record_005840.npz,KYTH05,2002/8/18 9:01,2002/8/18 9:01,4.5,train
train_005841,record_005841.npz,KYTH05,2002/9/16 10:10,2002/9/16 10:11,5.3,train
train_005842,record_005842.npz,KYTH05,2002/11/17 13:48,2002/11/17 13:48,4.5,train
train_005843,record_005843.npz,KYTH05,2002/11/19 18:36,2002/11/19 18:36,4.2,train
train_005844,record_005844.npz,KYTH05,2003/2/6 2:37,2003/2/6 2:37,4.5,train
train_005845,record_005845.npz,KYTH05,2006/2/16 23:10,2006/2/16 23:11,4.4,train
train_005846,record_005846.npz,KYTH05,2007/12/21 14:23,2007/12/21 14:23,4.5,train
train_005847,record_005847.npz,KYTH05,2007/12/21 16:01,2007/12/21 16:01,4.2,train
train_005848,record_005848.npz,KYTH05,2008/4/17 0:58,2008/4/17 0:59,4.1,train
train_005849,record_005849.npz,KYTH05,2008/8/30 18:28,2008/8/30 18:28,4.2,train
train_005850,record_005850.npz,KYTH05,2009/2/18 6:47,2009/2/18 6:47,5.2,train
train_005851,record_005851.npz,KYTH05,2010/7/21 6:19,2010/7/21 6:19,5.1,train
train_005852,record_005852.npz,KYTH08,2006/12/19 18:33,2006/12/19 18:33,4.4,train
train_005853,record_005853.npz,KYTH08,2007/1/22 2:16,2007/1/22 2:16,4.5,train
train_005854,record_005854.npz,KYTH08,2007/4/15 12:19,2007/4/15 12:19,5.4,train
train_005855,record_005855.npz,KYTH08,2007/4/15 18:34,2007/4/15 18:34,4.6,train
train_005856,record_005856.npz,KYTH08,2007/7/16 17:24,2007/7/16 17:24,4.7,train
train_005857,record_005857.npz,KYTH08,2007/8/31 23:36,2007/8/31 23:37,4.4,train
train_005858,record_005858.npz,KYTH08,2008/4/17 0:58,2008/4/17 0:58,4.1,train
train_005859,record_005859.npz,KYTH08,2008/8/8 4:35,2008/8/8 4:35,4.2,train
train_005860,record_005860.npz,KYTH08,2008/8/30 18:28,2008/8/30 18:28,4.2,train
train_005861,record_005861.npz,KYTH08,2008/10/1 9:25,2008/10/1 9:25,4.4,train
train_005862,record_005862.npz,KYTH08,2009/2/18 6:47,2009/2/18 6:47,5.2,train
train_005863,record_005863.npz,KYTH08,2010/7/21 6:19,2010/7/21 6:19,5.1,train
train_005864,record_005864.npz,KYTH08,2011/2/21 15:46,2011/2/21 15:46,4.8,train
train_005865,record_005865.npz,MIEH02,2000/10/31 1:43,2000/10/31 1:43,5.5,train
train_005866,record_005866.npz,MIEH02,2001/1/6 11:48,2001/1/6 11:48,4.6,train
train_005867,record_005867.npz,MIEH02,2001/1/12 8:00,2001/1/12 8:00,5.4,train
train_005868,record_005868.npz,MIEH02,2001/2/23 7:23,2001/2/23 7:24,4.9,train
train_005869,record_005869.npz,MIEH02,2003/2/6 2:37,2003/2/6 2:37,4.5,train
train_005870,record_005870.npz,MIEH02,2003/2/7 13:06,2003/2/7 13:07,4.2,train
train_005871,record_005871.npz,MIEH02,2003/10/28 13:31,2003/10/28 13:31,4.1,train
train_005872,record_005872.npz,MIEH02,2004/1/6 14:50,2004/1/6 14:51,5.4,train
train_005873,record_005873.npz,MIEH02,2005/12/24 11:02,2005/12/24 11:02,4.8,train
train_005874,record_005874.npz,MIEH02,2010/1/10 1:44,2010/1/10 1:45,4.3,train
train_005875,record_005875.npz,MIEH02,2010/7/21 6:19,2010/7/21 6:19,5.1,train
train_005876,record_005876.npz,MIEH02,2010/11/29 15:52,2010/11/29 15:53,4.1,train
train_005877,record_005877.npz,MIEH02,2011/2/21 15:46,2011/2/21 15:46,4.8,train
train_005878,record_005878.npz,MIEH02,2011/2/27 2:19,2011/2/27 2:19,5,train
train_005879,record_005879.npz,MIEH02,2011/2/27 5:38,2011/2/27 5:38,5.5,train
train_005880,record_005880.npz,MIEH03,2000/10/31 1:43,2000/10/31 1:43,5.5,train
train_005881,record_005881.npz,MIEH03,2001/8/25 22:21,2001/8/25 22:21,5.1,train
train_005882,record_005882.npz,MIEH03,2002/4/28 10:34,2002/4/28 10:34,4.3,train
train_005883,record_005883.npz,MIEH03,2004/1/6 14:50,2004/1/6 14:51,5.4,train
train_005884,record_005884.npz,MIEH03,2004/9/5 19:07,2004/9/5 19:07,6.9,train
train_005885,record_005885.npz,MIEH03,2004/9/5 19:25,2004/9/5 19:26,5,train
train_005886,record_005886.npz,MIEH03,2004/9/5 23:57,2004/9/5 23:57,7.4,train
train_005887,record_005887.npz,MIEH03,2004/9/7 8:29,2004/9/7 8:30,6.4,train
train_005888,record_005888.npz,MIEH03,2004/9/8 23:58,2004/9/8 23:58,6.5,train
train_005889,record_005889.npz,MIEH03,2007/4/15 12:19,2007/4/15 12:19,5.4,train
train_005890,record_005890.npz,MIEH03,2007/4/15 18:34,2007/4/15 18:34,4.6,train
train_005891,record_005891.npz,MIEH03,2008/8/8 4:35,2008/8/8 4:35,4.2,train
train_005892,record_005892.npz,MIEH03,2008/10/1 9:25,2008/10/1 9:25,4.4,train
train_005893,record_005893.npz,MIEH03,2009/2/18 6:47,2009/2/18 6:47,5.2,train
train_005894,record_005894.npz,MIEH03,2009/8/11 5:07,2009/8/11 5:07,6.5,train
train_005895,record_005895.npz,MIEH03,2010/1/10 1:44,2010/1/10 1:45,4.3,train
train_005896,record_005896.npz,MIEH03,2010/7/21 6:19,2010/7/21 6:19,5.1,train
train_005897,record_005897.npz,MIEH03,2010/11/29 15:52,2010/11/29 15:53,4.1,train
train_005898,record_005898.npz,MIEH03,2011/2/21 15:46,2011/2/21 15:46,4.8,train
train_005899,record_005899.npz,MIEH04,2000/10/31 1:43,2000/10/31 1:43,5.5,train
train_005900,record_005900.npz,MIEH04,2001/8/25 22:21,2001/8/25 22:21,5.1,train
train_005901,record_005901.npz,MIEH04,2001/9/13 5:43,2001/9/13 5:43,4.4,train
train_005902,record_005902.npz,MIEH04,2003/1/19 4:50,2003/1/19 4:50,5.3,train
train_005903,record_005903.npz,MIEH04,2003/1/23 21:42,2003/1/23 21:43,4.5,train
train_005904,record_005904.npz,MIEH04,2004/9/5 19:07,2004/9/5 19:07,6.9,train
train_005905,record_005905.npz,MIEH04,2004/9/5 23:57,2004/9/5 23:57,7.4,train
train_005906,record_005906.npz,MIEH04,2004/9/7 8:29,2004/9/7 8:29,6.4,train
train_005907,record_005907.npz,MIEH04,2004/9/8 3:36,2004/9/8 3:36,5.5,train
train_005908,record_005908.npz,MIEH04,2004/9/8 23:58,2004/9/8 23:58,6.5,train
train_005909,record_005909.npz,MIEH04,2007/4/15 12:19,2007/4/15 12:19,5.4,train
train_005910,record_005910.npz,MIEH04,2007/7/16 17:24,2007/7/16 17:24,4.7,train
train_005911,record_005911.npz,MIEH04,2008/10/1 9:25,2008/10/1 9:25,4.4,train
train_005912,record_005912.npz,MIEH04,2009/2/18 6:47,2009/2/18 6:47,5.2,train
train_005913,record_005913.npz,MIEH04,2009/8/11 5:07,2009/8/11 5:07,6.5,train
train_005914,record_005914.npz,MIEH04,2010/1/10 1:44,2010/1/10 1:45,4.3,train
train_005915,record_005915.npz,MIEH04,2010/7/21 6:19,2010/7/21 6:19,5.1,train
train_005916,record_005916.npz,MIEH04,2010/11/29 15:52,2010/11/29 15:53,4.1,train
train_005917,record_005917.npz,MIEH04,2011/2/21 15:46,2011/2/21 15:46,4.8,train
train_005918,record_005918.npz,MIEH05,2000/10/31 1:43,2000/10/31 1:43,5.5,train
train_005919,record_005919.npz,MIEH05,2001/8/25 22:21,2001/8/25 22:21,5.1,train
train_005920,record_005920.npz,MIEH05,2001/9/13 5:43,2001/9/13 5:43,4.4,train
train_005921,record_005921.npz,MIEH05,2004/1/6 14:50,2004/1/6 14:51,5.4,train
train_005922,record_005922.npz,MIEH05,2004/9/5 19:07,2004/9/5 19:07,6.9,train
train_005923,record_005923.npz,MIEH05,2004/9/5 23:57,2004/9/5 23:57,7.4,train
train_005924,record_005924.npz,MIEH05,2004/9/7 8:29,2004/9/7 8:29,6.4,train
train_005925,record_005925.npz,MIEH05,2007/2/25 20:41,2007/2/25 20:41,4.6,train
train_005926,record_005926.npz,MIEH05,2007/4/15 12:19,2007/4/15 12:19,5.4,train
train_005927,record_005927.npz,MIEH05,2007/7/16 17:24,2007/7/16 17:24,4.7,train
train_005928,record_005928.npz,MIEH05,2008/8/24 5:45,2008/8/24 5:45,4.3,train
train_005929,record_005929.npz,MIEH05,2008/8/30 18:28,2008/8/30 18:29,4.2,train
train_005930,record_005930.npz,MIEH05,2009/2/5 5:41,2009/2/5 5:42,4.2,train
train_005931,record_005931.npz,MIEH05,2009/2/18 6:47,2009/2/18 6:47,5.2,train
train_005932,record_005932.npz,MIEH05,2010/7/21 6:19,2010/7/21 6:19,5.1,train
train_005933,record_005933.npz,MIEH05,2010/11/29 15:52,2010/11/29 15:52,4.1,train
train_005934,record_005934.npz,MIEH05,2011/2/21 15:46,2011/2/21 15:46,4.8,train
train_005935,record_005935.npz,MIEH06,2001/8/25 22:21,2001/8/25 22:21,5.1,train
train_005936,record_005936.npz,MIEH06,2001/9/13 5:43,2001/9/13 5:43,4.4,train
train_005937,record_005937.npz,MIEH06,2001/9/22 18:11,2001/9/22 18:11,4.2,train
train_005938,record_005938.npz,MIEH06,2001/9/27 18:14,2001/9/27 18:15,4.3,train
train_005939,record_005939.npz,MIEH06,2001/10/2 21:14,2001/10/2 21:15,4.6,train
train_005940,record_005940.npz,MIEH06,2002/4/28 10:34,2002/4/28 10:34,4.3,train
train_005941,record_005941.npz,MIEH06,2003/1/19 4:50,2003/1/19 4:50,5.3,train
train_005942,record_005942.npz,MIEH06,2003/1/23 21:42,2003/1/23 21:43,4.5,train
train_005943,record_005943.npz,MIEH06,2004/1/6 14:50,2004/1/6 14:51,5.4,train
train_005944,record_005944.npz,MIEH06,2004/9/5 19:07,2004/9/5 19:07,6.9,train
train_005945,record_005945.npz,MIEH06,2004/9/5 23:57,2004/9/5 23:57,7.4,train
train_005946,record_005946.npz,MIEH06,2004/9/7 8:29,2004/9/7 8:30,6.4,train
train_005947,record_005947.npz,MIEH06,2007/4/15 12:19,2007/4/15 12:19,5.4,train
train_005948,record_005948.npz,MIEH06,2007/7/16 17:24,2007/7/16 17:24,4.7,train
train_005949,record_005949.npz,MIEH06,2009/2/18 6:47,2009/2/18 6:47,5.2,train
train_005950,record_005950.npz,MIEH06,2010/1/10 1:44,2010/1/10 1:45,4.3,train
train_005951,record_005951.npz,MIEH06,2010/7/21 6:19,2010/7/21 6:19,5.1,train
train_005952,record_005952.npz,MIEH06,2010/11/29 15:52,2010/11/29 15:52,4.1,train
train_005953,record_005953.npz,MIEH06,2011/2/21 15:46,2011/2/21 15:46,4.8,train
train_005954,record_005954.npz,MIEH08,2000/10/31 1:43,2000/10/31 1:43,5.5,train
train_005955,record_005955.npz,MIEH08,2001/8/25 22:21,2001/8/25 22:21,5.1,train
train_005956,record_005956.npz,MIEH08,2001/9/13 5:43,2001/9/13 5:43,4.4,train
train_005957,record_005957.npz,MIEH08,2001/9/22 18:11,2001/9/22 18:11,4.2,train
train_005958,record_005958.npz,MIEH08,2001/9/27 18:14,2001/9/27 18:15,4.3,train
train_005959,record_005959.npz,MIEH08,2002/4/11 23:16,2002/4/11 23:16,4.2,train
train_005960,record_005960.npz,MIEH08,2002/4/28 10:34,2002/4/28 10:34,4.3,train
train_005961,record_005961.npz,MIEH08,2003/1/19 4:50,2003/1/19 4:50,5.3,train
train_005962,record_005962.npz,MIEH08,2003/1/23 21:42,2003/1/23 21:43,4.5,train
train_005963,record_005963.npz,MIEH08,2003/2/7 13:06,2003/2/7 13:07,4.2,train
train_005964,record_005964.npz,MIEH08,2003/7/9 2:14,2003/7/9 2:14,4.3,train
train_005965,record_005965.npz,MIEH08,2003/10/28 13:31,2003/10/28 13:31,4.1,train
train_005966,record_005966.npz,MIEH08,2004/1/6 14:50,2004/1/6 14:51,5.4,train
train_005967,record_005967.npz,MIEH08,2004/9/5 19:07,2004/9/5 19:07,6.9,train
train_005968,record_005968.npz,MIEH08,2004/9/5 23:57,2004/9/5 23:57,7.4,train
train_005969,record_005969.npz,MIEH08,2004/9/7 8:29,2004/9/7 8:30,6.4,train
train_005970,record_005970.npz,MIEH08,2004/9/8 23:58,2004/9/8 23:58,6.5,train
train_005971,record_005971.npz,MIEH08,2005/12/24 11:02,2005/12/24 11:02,4.8,train
train_005972,record_005972.npz,MIEH08,2007/4/15 12:19,2007/4/15 12:19,5.4,train
train_005973,record_005973.npz,MIEH08,2007/4/15 18:34,2007/4/15 18:34,4.6,train
train_005974,record_005974.npz,MIEH08,2007/12/21 14:23,2007/12/21 14:23,4.5,train
train_005975,record_005975.npz,MIEH08,2008/8/30 18:28,2008/8/30 18:28,4.2,train
train_005976,record_005976.npz,MIEH08,2008/10/1 9:25,2008/10/1 9:25,4.4,train
train_005977,record_005977.npz,MIEH08,2009/2/18 6:47,2009/2/18 6:47,5.2,train
train_005978,record_005978.npz,MIEH08,2009/8/11 5:07,2009/8/11 5:07,6.5,train
train_005979,record_005979.npz,MIEH08,2010/1/10 1:44,2010/1/10 1:45,4.3,train
train_005980,record_005980.npz,MIEH08,2010/7/21 6:19,2010/7/21 6:19,5.1,train
train_005981,record_005981.npz,MIEH08,2010/11/29 15:52,2010/11/29 15:53,4.1,train
train_005982,record_005982.npz,MIEH08,2011/2/21 15:46,2011/2/21 15:46,4.8,train
train_005983,record_005983.npz,MIEH08,2011/2/27 5:38,2011/2/27 5:38,5.5,train
train_005984,record_005984.npz,MIEH09,2000/10/31 1:43,2000/10/31 1:43,5.5,train
train_005985,record_005985.npz,MIEH09,2002/12/17 7:17,2002/12/17 7:17,4.3,train
train_005986,record_005986.npz,MIEH09,2004/9/5 19:07,2004/9/5 19:07,6.9,train
train_005987,record_005987.npz,MIEH09,2004/9/5 19:16,2004/9/5 19:17,4.8,train
train_005988,record_005988.npz,MIEH09,2004/9/5 19:25,2004/9/5 19:26,5,train
train_005989,record_005989.npz,MIEH09,2004/9/5 23:57,2004/9/5 23:57,7.4,train
train_005990,record_005990.npz,MIEH09,2004/9/6 5:30,2004/9/6 5:31,5.9,train
train_005991,record_005991.npz,MIEH09,2004/9/6 7:48,2004/9/6 7:49,4.3,train
train_005992,record_005992.npz,MIEH09,2004/9/6 19:29,2004/9/6 19:29,4.5,train
train_005993,record_005993.npz,MIEH09,2004/9/7 8:29,2004/9/7 8:29,6.4,train
train_005994,record_005994.npz,MIEH09,2004/9/8 3:36,2004/9/8 3:36,5.5,train
train_005995,record_005995.npz,MIEH09,2004/9/8 23:40,2004/9/8 23:40,5.4,train
train_005996,record_005996.npz,MIEH09,2004/9/8 23:58,2004/9/8 23:58,6.5,train
train_005997,record_005997.npz,MIEH09,2004/10/17 7:05,2004/10/17 7:06,4.8,train
train_005998,record_005998.npz,MIEH09,2004/10/27 21:27,2004/10/27 21:27,4.4,train
train_005999,record_005999.npz,MIEH09,2005/3/14 19:49,2005/3/14 19:49,4.3,train
train_006000,record_006000.npz,MIEH09,2005/9/12 18:35,2005/9/12 18:35,4.2,train
train_006001,record_006001.npz,MIEH09,2005/11/1 12:47,2005/11/1 12:48,4.3,train
train_006002,record_006002.npz,MIEH09,2007/4/15 12:19,2007/4/15 12:19,5.4,train
train_006003,record_006003.npz,MIEH09,2007/7/16 17:24,2007/7/16 17:24,4.7,train
train_006004,record_006004.npz,MIEH09,2008/8/24 5:45,2008/8/24 5:45,4.3,train
train_006005,record_006005.npz,MIEH09,2009/2/5 5:41,2009/2/5 5:42,4.2,train
train_006006,record_006006.npz,MIEH09,2010/7/21 6:19,2010/7/21 6:19,5.1,train
train_006007,record_006007.npz,MIEH09,2010/11/29 15:52,2010/11/29 15:52,4.1,train
train_006008,record_006008.npz,MIEH09,2011/2/21 15:46,2011/2/21 15:46,4.8,train
train_006009,record_006009.npz,MIEH10,2000/10/31 1:43,2000/10/31 1:43,5.5,train
train_006010,record_006010.npz,MIEH10,2001/8/25 22:21,2001/8/25 22:21,5.1,train
train_006011,record_006011.npz,MIEH10,2003/10/28 13:31,2003/10/28 13:31,4.1,train
train_006012,record_006012.npz,MIEH10,2004/1/6 14:50,2004/1/6 14:51,5.4,train
train_006013,record_006013.npz,MIEH10,2004/9/7 8:29,2004/9/7 8:30,6.4,train
train_006014,record_006014.npz,MIEH10,2005/12/24 11:02,2005/12/24 11:02,4.8,train
train_006015,record_006015.npz,MIEH10,2007/12/21 16:01,2007/12/21 16:01,4.2,train
train_006016,record_006016.npz,MIEH10,2008/4/17 0:58,2008/4/17 0:58,4.1,train
train_006017,record_006017.npz,MIEH10,2008/4/20 1:00,2008/4/20 1:00,4.3,train
train_006018,record_006018.npz,MIEH10,2008/6/13 11:21,2008/6/13 11:22,4.7,train
train_006019,record_006019.npz,MIEH10,2008/8/8 4:35,2008/8/8 4:35,4.2,train
train_006020,record_006020.npz,MIEH10,2008/8/30 18:28,2008/8/30 18:28,4.2,train
train_006021,record_006021.npz,MIEH10,2008/10/1 9:25,2008/10/1 9:25,4.4,train
train_006022,record_006022.npz,MIEH10,2009/2/18 6:47,2009/2/18 6:47,5.2,train
train_006023,record_006023.npz,MIEH10,2009/8/11 5:07,2009/8/11 5:07,6.5,train
train_006024,record_006024.npz,MIEH10,2010/1/10 1:44,2010/1/10 1:45,4.3,train
train_006025,record_006025.npz,MIEH10,2010/7/21 6:19,2010/7/21 6:19,5.1,train
train_006026,record_006026.npz,MIEH10,2010/11/29 15:52,2010/11/29 15:53,4.1,train
train_006027,record_006027.npz,MIEH10,2011/2/21 15:46,2011/2/21 15:46,4.8,train
train_006028,record_006028.npz,MIEH10,2011/2/27 2:19,2011/2/27 2:19,5,train
train_006029,record_006029.npz,MIEH10,2011/2/27 5:38,2011/2/27 5:38,5.5,train
train_006030,record_006030.npz,MYGH01,2000/3/20 6:26,2000/3/20 6:26,5,train
train_006031,record_006031.npz,MYGH01,2001/10/2 17:20,2001/10/2 17:20,5.4,train
train_006032,record_006032.npz,MYGH01,2001/12/2 22:02,2001/12/2 22:02,6.4,train
train_006033,record_006033.npz,MYGH01,2002/11/3 12:37,2002/11/3 12:38,6.1,train
train_006034,record_006034.npz,MYGH01,2003/3/3 7:47,2003/3/3 7:47,5.3,train
train_006035,record_006035.npz,MYGH01,2003/5/26 18:24,2003/5/26 18:24,7,train
train_006036,record_006036.npz,MYGH01,2003/7/26 10:22,2003/7/26 10:22,4.8,train
train_006037,record_006037.npz,MYGH01,2003/7/26 16:56,2003/7/26 16:56,5.3,train
train_006038,record_006038.npz,MYGH01,2003/7/28 4:08,2003/7/28 4:08,5,train
train_006039,record_006039.npz,MYGH01,2004/1/23 18:01,2004/1/23 18:01,5.3,train
train_006040,record_006040.npz,MYGH01,2004/5/29 12:47,2004/5/29 12:47,5.9,train
train_006041,record_006041.npz,MYGH01,2005/8/16 11:46,2005/8/16 11:46,7.2,train
train_006042,record_006042.npz,MYGH01,2005/12/17 3:32,2005/12/17 3:32,6.1,train
train_006043,record_006043.npz,MYGH01,2007/11/7 20:05,2007/11/7 20:05,4.6,train
train_006044,record_006044.npz,MYGH01,2007/11/19 15:00,2007/11/19 15:00,4.2,train
train_006045,record_006045.npz,MYGH01,2007/11/26 6:42,2007/11/26 6:42,4.2,train
train_006046,record_006046.npz,MYGH01,2007/11/26 22:51,2007/11/26 22:51,6,train
train_006047,record_006047.npz,MYGH01,2007/12/25 23:04,2007/12/25 23:04,5.6,train
train_006048,record_006048.npz,MYGH01,2007/12/26 8:39,2007/12/26 8:39,4.6,train
train_006049,record_006049.npz,MYGH01,2008/2/9 7:07,2008/2/9 7:07,4.9,train
train_006050,record_006050.npz,MYGH01,2008/2/22 20:27,2008/2/22 20:27,4.2,train
train_006051,record_006051.npz,MYGH01,2008/3/24 12:40,2008/3/24 12:40,5.3,train
train_006052,record_006052.npz,MYGH01,2008/3/24 22:29,2008/3/24 22:30,4.6,train
train_006053,record_006053.npz,MYGH01,2008/4/11 5:33,2008/4/11 5:33,4.4,train
train_006054,record_006054.npz,MYGH01,2008/4/17 4:19,2008/4/17 4:20,5.8,train
train_006055,record_006055.npz,MYGH01,2008/5/2 6:58,2008/5/2 6:59,4.7,train
train_006056,record_006056.npz,MYGH01,2008/5/2 14:41,2008/5/2 14:41,5.1,train
train_006057,record_006057.npz,MYGH02,2003/5/26 22:34,2003/5/26 22:34,4.8,train
train_006058,record_006058.npz,MYGH02,2004/12/30 22:29,2004/12/30 22:30,5,train
train_006059,record_006059.npz,MYGH02,2005/8/16 11:46,2005/8/16 11:46,7.2,train
train_006060,record_006060.npz,MYGH02,2007/11/19 15:00,2007/11/19 15:00,4.2,train
train_006061,record_006061.npz,MYGH02,2007/12/25 23:04,2007/12/25 23:04,5.6,train
train_006062,record_006062.npz,MYGH02,2008/3/29 8:03,2008/3/29 8:03,4.6,train
train_006063,record_006063.npz,MYGH02,2008/4/11 5:33,2008/4/11 5:33,4.4,train
train_006064,record_006064.npz,MYGH02,2008/4/17 4:19,2008/4/17 4:19,5.8,train
train_006065,record_006065.npz,MYGH02,2008/6/2 0:58,2008/6/2 0:58,4.8,train
train_006066,record_006066.npz,MYGH02,2008/6/4 22:12,2008/6/4 22:12,4.4,train
train_006067,record_006067.npz,MYGH02,2008/6/14 8:56,2008/6/14 8:55,4.4,train
train_006068,record_006068.npz,MYGH02,2008/6/14 9:07,2008/6/14 9:06,4.8,train
train_006069,record_006069.npz,MYGH02,2008/6/14 9:18,2008/6/14 9:18,4.3,train
train_006070,record_006070.npz,MYGH02,2008/6/14 9:52,2008/6/14 9:51,4.6,train
train_006071,record_006071.npz,MYGH02,2008/6/14 10:00,2008/6/14 10:00,4.5,train
train_006072,record_006072.npz,MYGH02,2008/6/14 10:56,2008/6/14 10:56,4.3,train
train_006073,record_006073.npz,MYGH02,2008/6/14 12:10,2008/6/14 12:09,4.7,train
train_006074,record_006074.npz,MYGH02,2008/6/14 12:14,2008/6/14 12:14,4.4,train
train_006075,record_006075.npz,MYGH02,2008/6/14 12:27,2008/6/14 12:27,5.2,train
train_006076,record_006076.npz,MYGH02,2008/6/14 13:10,2008/6/14 13:10,4.3,train
train_006077,record_006077.npz,MYGH02,2008/6/14 14:39,2008/6/14 14:39,4.5,train
train_006078,record_006078.npz,MYGH02,2008/6/14 17:34,2008/6/14 17:34,4.3,train
train_006079,record_006079.npz,MYGH02,2008/6/14 21:48,2008/6/14 21:48,4.7,train
train_006080,record_006080.npz,MYGH02,2008/6/14 23:22,2008/6/14 23:22,4.2,train
train_006081,record_006081.npz,MYGH02,2008/6/15 2:29,2008/6/15 2:29,4.2,train
train_006082,record_006082.npz,MYGH02,2008/6/15 3:29,2008/6/15 3:29,4.4,train
train_006083,record_006083.npz,MYGH02,2008/6/15 3:47,2008/6/15 3:47,4.2,train
train_006084,record_006084.npz,MYGH03,2001/12/2 22:02,2001/12/2 22:02,6.4,train
train_006085,record_006085.npz,MYGH03,2002/1/27 16:09,2002/1/27 16:09,5.3,train
train_006086,record_006086.npz,MYGH03,2002/5/6 17:12,2002/5/6 17:12,5,train
train_006087,record_006087.npz,MYGH03,2002/5/12 10:29,2002/5/12 10:29,5.1,train
train_006088,record_006088.npz,MYGH03,2002/11/3 12:37,2002/11/3 12:37,6.1,train
train_006089,record_006089.npz,MYGH03,2002/11/4 4:14,2002/11/4 4:14,4.7,train
train_006090,record_006090.npz,MYGH03,2002/12/2 8:02,2002/12/2 8:02,4.6,train
train_006091,record_006091.npz,MYGH03,2002/12/5 0:50,2002/12/5 0:50,5.2,train
train_006092,record_006092.npz,MYGH03,2002/12/5 0:53,2002/12/5 0:53,4.9,train
train_006093,record_006093.npz,MYGH03,2003/1/5 18:51,2003/1/5 18:51,4.4,train
train_006094,record_006094.npz,MYGH03,2003/3/3 7:47,2003/3/3 7:47,5.3,train
train_006095,record_006095.npz,MYGH03,2003/5/26 18:24,2003/5/26 18:24,7,train
train_006096,record_006096.npz,MYGH03,2003/5/26 18:29,2003/5/26 18:30,4.4,train
train_006097,record_006097.npz,MYGH03,2003/5/26 18:39,2003/5/26 18:38,4.7,train
train_006098,record_006098.npz,MYGH03,2003/5/26 18:42,2003/5/26 18:41,4.5,train
train_006099,record_006099.npz,MYGH03,2003/5/26 18:48,2003/5/26 18:48,4.6,train
train_006100,record_006100.npz,MYGH03,2003/5/26 19:09,2003/5/26 19:09,4.6,train
train_006101,record_006101.npz,MYGH03,2003/5/26 22:34,2003/5/26 22:34,4.8,train
train_006102,record_006102.npz,MYGH03,2003/5/26 23:48,2003/5/26 23:48,4.4,train
train_006103,record_006103.npz,MYGH03,2003/5/26 23:56,2003/5/26 23:56,4.2,train
train_006104,record_006104.npz,MYGH03,2003/5/27 0:44,2003/5/27 0:44,4.9,train
train_006105,record_006105.npz,MYGH03,2003/5/27 10:42,2003/5/27 10:42,4.2,train
train_006106,record_006106.npz,MYGH03,2003/5/27 10:47,2003/5/27 10:47,4.4,train
train_006107,record_006107.npz,MYGH03,2003/5/27 13:11,2003/5/27 13:11,4.4,train
train_006108,record_006108.npz,MYGH03,2003/5/27 21:12,2003/5/27 21:12,4.4,train
train_006109,record_006109.npz,MYGH03,2003/5/28 6:24,2003/5/28 6:24,4.6,train
train_006110,record_006110.npz,MYGH03,2003/5/31 18:42,2003/5/31 18:42,4.7,train
train_006111,record_006111.npz,MYGH03,2003/6/1 5:38,2003/6/1 5:38,4.5,train
train_006112,record_006112.npz,MYGH03,2003/6/10 16:24,2003/6/10 16:24,4.9,train
train_006113,record_006113.npz,MYGH03,2003/6/28 20:19,2003/6/28 20:19,4.5,train
train_006114,record_006114.npz,MYGH04,2001/10/2 17:20,2001/10/2 17:20,5.4,train
train_006115,record_006115.npz,MYGH04,2001/11/13 16:45,2001/11/13 16:45,4.7,train
train_006116,record_006116.npz,MYGH04,2001/12/2 22:02,2001/12/2 22:02,6.4,train
train_006117,record_006117.npz,MYGH04,2001/12/14 21:00,2001/12/14 21:00,4.5,train
train_006118,record_006118.npz,MYGH04,2001/12/23 1:41,2001/12/23 1:41,4.5,train
train_006119,record_006119.npz,MYGH04,2002/1/27 16:09,2002/1/27 16:09,5.3,train
train_006120,record_006120.npz,MYGH04,2002/5/6 17:12,2002/5/6 17:12,5,train
train_006121,record_006121.npz,MYGH04,2002/5/12 10:29,2002/5/12 10:29,5.1,train
train_006122,record_006122.npz,MYGH04,2002/6/21 23:15,2002/6/21 23:15,4.8,train
train_006123,record_006123.npz,MYGH04,2002/7/24 5:05,2002/7/24 5:06,5.7,train
train_006124,record_006124.npz,MYGH04,2002/8/24 8:22,2002/8/24 8:22,4.3,train
train_006125,record_006125.npz,MYGH04,2002/9/10 19:52,2002/9/10 19:52,4.1,train
train_006126,record_006126.npz,MYGH04,2002/10/11 10:04,2002/10/11 10:04,5.2,train
train_006127,record_006127.npz,MYGH04,2002/10/12 19:59,2002/10/12 20:00,5.6,train
train_006128,record_006128.npz,MYGH04,2002/10/25 5:00,2002/10/25 5:01,4.5,train
train_006129,record_006129.npz,MYGH04,2002/11/3 12:37,2002/11/3 12:37,6.1,train
train_006130,record_006130.npz,MYGH04,2002/11/4 4:14,2002/11/4 4:14,4.7,train
train_006131,record_006131.npz,MYGH04,2002/12/2 8:02,2002/12/2 8:02,4.6,train
train_006132,record_006132.npz,MYGH04,2002/12/5 0:50,2002/12/5 0:50,5.2,train
train_006133,record_006133.npz,MYGH04,2002/12/5 0:53,2002/12/5 0:53,4.9,train
train_006134,record_006134.npz,MYGH04,2002/12/9 3:34,2002/12/9 3:34,4.6,train
train_006135,record_006135.npz,MYGH04,2003/1/5 18:51,2003/1/5 18:51,4.4,train
train_006136,record_006136.npz,MYGH04,2003/1/7 20:44,2003/1/7 20:44,4.6,train
train_006137,record_006137.npz,MYGH04,2003/1/27 16:16,2003/1/27 16:17,4.7,train
train_006138,record_006138.npz,MYGH05,2000/8/28 17:20,2000/8/28 17:20,4.8,train
train_006139,record_006139.npz,MYGH05,2001/4/5 7:22,2001/4/5 7:22,4.3,train
train_006140,record_006140.npz,MYGH05,2001/4/12 16:02,2001/4/12 16:02,5,train
train_006141,record_006141.npz,MYGH05,2001/7/24 9:26,2001/7/24 9:27,4.8,train
train_006142,record_006142.npz,MYGH05,2001/10/2 17:20,2001/10/2 17:20,5.4,train
train_006143,record_006143.npz,MYGH05,2001/11/13 16:45,2001/11/13 16:45,4.7,train
train_006144,record_006144.npz,MYGH05,2001/12/2 22:02,2001/12/2 22:02,6.4,train
train_006145,record_006145.npz,MYGH05,2001/12/14 21:00,2001/12/14 21:00,4.5,train
train_006146,record_006146.npz,MYGH05,2001/12/23 1:41,2001/12/23 1:41,4.5,train
train_006147,record_006147.npz,MYGH05,2002/1/27 16:09,2002/1/27 16:09,5.3,train
train_006148,record_006148.npz,MYGH05,2002/1/29 8:45,2002/1/29 8:45,4.8,train
train_006149,record_006149.npz,MYGH05,2002/2/13 18:54,2002/2/13 18:54,4.5,train
train_006150,record_006150.npz,MYGH05,2002/4/21 9:10,2002/4/21 9:10,4.5,train
train_006151,record_006151.npz,MYGH05,2002/5/6 17:12,2002/5/6 17:12,5,train
train_006152,record_006152.npz,MYGH05,2002/5/12 10:29,2002/5/12 10:29,5.1,train
train_006153,record_006153.npz,MYGH05,2002/8/24 8:22,2002/8/24 8:22,4.3,train
train_006154,record_006154.npz,MYGH05,2002/9/9 4:09,2002/9/9 4:09,4.1,train
train_006155,record_006155.npz,MYGH05,2002/9/10 19:52,2002/9/10 19:52,4.1,train
train_006156,record_006156.npz,MYGH05,2002/9/19 4:58,2002/9/19 4:58,4.1,train
train_006157,record_006157.npz,MYGH05,2002/10/12 19:59,2002/10/12 20:00,5.6,train
train_006158,record_006158.npz,MYGH05,2002/10/26 19:43,2002/10/26 19:44,4.8,train
train_006159,record_006159.npz,MYGH05,2002/11/3 12:37,2002/11/3 12:38,6.1,train
train_006160,record_006160.npz,MYGH05,2002/11/4 4:14,2002/11/4 4:15,4.7,train
train_006161,record_006161.npz,MYGH05,2002/12/5 0:50,2002/12/5 0:51,5.2,train
train_006162,record_006162.npz,MYGH07,2000/7/21 3:39,2000/7/21 3:39,6,train
train_006163,record_006163.npz,MYGH07,2000/8/28 17:20,2000/8/28 17:20,4.8,train
train_006164,record_006164.npz,MYGH07,2000/11/16 18:31,2000/11/16 18:32,5,train
train_006165,record_006165.npz,MYGH07,2001/2/25 6:54,2001/2/25 6:54,5.8,train
train_006166,record_006166.npz,MYGH07,2001/2/26 15:08,2001/2/26 15:09,5.4,train
train_006167,record_006167.npz,MYGH07,2001/4/12 16:02,2001/4/12 16:02,5,train
train_006168,record_006168.npz,MYGH07,2001/7/24 9:26,2001/7/24 9:27,4.8,train
train_006169,record_006169.npz,MYGH07,2001/8/4 20:43,2001/8/4 20:43,4.9,train
train_006170,record_006170.npz,MYGH07,2001/9/4 23:54,2001/9/4 23:55,5.2,train
train_006171,record_006171.npz,MYGH07,2001/9/6 10:40,2001/9/6 10:40,4.5,train
train_006172,record_006172.npz,MYGH07,2001/10/2 17:20,2001/10/2 17:20,5.4,train
train_006173,record_006173.npz,MYGH07,2001/11/25 5:22,2001/11/25 5:23,4.8,train
train_006174,record_006174.npz,MYGH07,2001/12/2 22:02,2001/12/2 22:02,6.4,train
train_006175,record_006175.npz,MYGH07,2001/12/23 1:41,2001/12/23 1:41,4.5,train
train_006176,record_006176.npz,MYGH07,2002/1/29 8:42,2002/1/29 8:42,4.6,train
train_006177,record_006177.npz,MYGH07,2002/1/29 8:45,2002/1/29 8:45,4.8,train
train_006178,record_006178.npz,MYGH07,2002/2/12 22:44,2002/2/12 22:45,5.5,train
train_006179,record_006179.npz,MYGH07,2002/2/13 18:54,2002/2/13 18:55,4.5,train
train_006180,record_006180.npz,MYGH07,2002/4/15 15:10,2002/4/15 15:11,4.5,train
train_006181,record_006181.npz,MYGH07,2002/4/21 9:10,2002/4/21 9:11,4.5,train
train_006182,record_006182.npz,MYGH07,2002/5/6 17:12,2002/5/6 17:12,5,train
train_006183,record_006183.npz,MYGH07,2002/5/12 10:29,2002/5/12 10:29,5.1,train
train_006184,record_006184.npz,MYGH07,2002/7/24 5:05,2002/7/24 5:05,5.7,train
train_006185,record_006185.npz,MYGH07,2002/8/24 8:22,2002/8/24 8:22,4.3,train
train_006186,record_006186.npz,MYGH07,2002/9/9 4:09,2002/9/9 4:09,4.1,train
train_006187,record_006187.npz,MYGH07,2002/9/19 4:58,2002/9/19 4:59,4.1,train
train_006188,record_006188.npz,MYGH07,2002/10/11 10:04,2002/10/11 10:04,5.2,train
train_006189,record_006189.npz,MYGH08,2000/7/21 3:39,2000/7/21 3:39,6,train
train_006190,record_006190.npz,MYGH08,2001/2/5 4:17,2001/2/5 4:17,4.3,train
train_006191,record_006191.npz,MYGH08,2001/2/25 6:54,2001/2/25 6:54,5.8,train
train_006192,record_006192.npz,MYGH08,2001/10/2 17:20,2001/10/2 17:20,5.4,train
train_006193,record_006193.npz,MYGH08,2001/12/2 22:02,2001/12/2 22:02,6.4,train
train_006194,record_006194.npz,MYGH08,2002/2/12 22:44,2002/2/12 22:45,5.5,train
train_006195,record_006195.npz,MYGH08,2002/5/6 17:12,2002/5/6 17:12,5,train
train_006196,record_006196.npz,MYGH08,2002/5/12 10:29,2002/5/12 10:29,5.1,train
train_006197,record_006197.npz,MYGH08,2002/11/3 12:37,2002/11/3 12:38,6.1,train
train_006198,record_006198.npz,MYGH08,2003/2/16 12:03,2003/2/16 12:04,5,train
train_006199,record_006199.npz,MYGH08,2003/3/3 7:47,2003/3/3 7:47,5.3,train
train_006200,record_006200.npz,MYGH08,2003/5/26 18:24,2003/5/26 18:24,7,train
train_006201,record_006201.npz,MYGH08,2003/6/16 18:34,2003/6/16 18:34,5,train
train_006202,record_006202.npz,MYGH08,2003/7/26 0:13,2003/7/26 0:13,5.5,train
train_006203,record_006203.npz,MYGH08,2003/7/26 7:13,2003/7/26 7:13,6.2,train
train_006204,record_006204.npz,MYGH08,2003/7/26 10:22,2003/7/26 10:22,4.8,train
train_006205,record_006205.npz,MYGH08,2003/10/31 10:06,2003/10/31 10:06,6.8,train
train_006206,record_006206.npz,MYGH08,2003/11/15 3:44,2003/11/15 3:44,5.8,train
train_006207,record_006207.npz,MYGH08,2004/1/23 18:01,2004/1/23 18:01,5.3,train
train_006208,record_006208.npz,MYGH08,2004/4/4 8:02,2004/4/4 8:02,5.8,train
train_006209,record_006209.npz,MYGH08,2004/5/29 12:47,2004/5/29 12:47,5.9,train
train_006210,record_006210.npz,MYGH08,2004/10/23 17:56,2004/10/23 17:56,6.8,train
train_006211,record_006211.npz,MYGH08,2004/10/23 18:03,2004/10/23 18:03,6.3,train
train_006212,record_006212.npz,MYGH08,2004/10/23 18:34,2004/10/23 18:34,6.5,train
train_006213,record_006213.npz,MYGH08,2004/12/1 10:32,2004/12/1 10:33,4.2,train
train_006214,record_006214.npz,MYGH08,2004/12/30 10:53,2004/12/30 10:53,4.1,train
train_006215,record_006215.npz,MYGH08,2004/12/30 22:29,2004/12/30 22:30,5,train
train_006216,record_006216.npz,MYGH08,2005/1/1 5:14,2005/1/1 5:14,5,train
train_006217,record_006217.npz,MYGH08,2005/8/16 11:46,2005/8/16 11:46,7.2,train
train_006218,record_006218.npz,MYGH08,2005/10/19 20:44,2005/10/19 20:45,6.3,train
train_006219,record_006219.npz,MYGH09,2000/7/21 3:39,2000/7/21 3:39,6,train
train_006220,record_006220.npz,MYGH09,2000/11/16 18:31,2000/11/16 18:32,5,train
train_006221,record_006221.npz,MYGH09,2001/2/25 6:54,2001/2/25 6:54,5.8,train
train_006222,record_006222.npz,MYGH09,2001/8/4 20:43,2001/8/4 20:43,4.9,train
train_006223,record_006223.npz,MYGH09,2001/9/4 23:54,2001/9/4 23:55,5.2,train
train_006224,record_006224.npz,MYGH09,2001/10/2 17:20,2001/10/2 17:20,5.4,train
train_006225,record_006225.npz,MYGH09,2001/11/25 5:22,2001/11/25 5:22,4.8,train
train_006226,record_006226.npz,MYGH09,2001/12/23 1:41,2001/12/23 1:41,4.5,train
train_006227,record_006227.npz,MYGH09,2002/1/29 8:42,2002/1/29 8:42,4.6,train
train_006228,record_006228.npz,MYGH09,2002/1/29 8:45,2002/1/29 8:45,4.8,train
train_006229,record_006229.npz,MYGH09,2002/2/12 22:44,2002/2/12 22:45,5.5,train
train_006230,record_006230.npz,MYGH09,2002/4/15 15:10,2002/4/15 15:10,4.5,train
train_006231,record_006231.npz,MYGH09,2002/4/21 9:10,2002/4/21 9:11,4.5,train
train_006232,record_006232.npz,MYGH09,2002/5/6 17:12,2002/5/6 17:12,5,train
train_006233,record_006233.npz,MYGH09,2002/5/12 10:29,2002/5/12 10:30,5.1,train
train_006234,record_006234.npz,MYGH09,2002/6/16 4:39,2002/6/16 4:40,4.6,train
train_006235,record_006235.npz,MYGH09,2002/7/24 5:05,2002/7/24 5:05,5.7,train
train_006236,record_006236.npz,MYGH09,2002/8/24 8:22,2002/8/24 8:22,4.3,train
train_006237,record_006237.npz,MYGH09,2002/9/10 19:52,2002/9/10 19:52,4.1,train
train_006238,record_006238.npz,MYGH09,2002/10/11 10:04,2002/10/11 10:04,5.2,train
train_006239,record_006239.npz,MYGH09,2002/10/12 19:59,2002/10/12 20:00,5.6,train
train_006240,record_006240.npz,MYGH09,2002/10/21 1:06,2002/10/21 1:06,5.2,train
train_006241,record_006241.npz,MYGH09,2002/10/25 19:49,2002/10/25 19:50,4.3,train
train_006242,record_006242.npz,MYGH09,2002/10/26 19:43,2002/10/26 19:43,4.8,train
train_006243,record_006243.npz,MYGH09,2002/11/3 12:37,2002/11/3 12:38,6.1,train
train_006244,record_006244.npz,MYGH09,2002/11/4 4:14,2002/11/4 4:15,4.7,train
train_006245,record_006245.npz,MYGH09,2002/12/5 0:50,2002/12/5 0:51,5.2,train
train_006246,record_006246.npz,MYGH09,2002/12/5 0:53,2002/12/5 0:53,4.9,train
train_006247,record_006247.npz,MYGH09,2002/12/5 2:17,2002/12/5 2:17,4.5,train
train_006248,record_006248.npz,MYGH09,2002/12/9 3:34,2002/12/9 3:34,4.6,train
train_006249,record_006249.npz,MYGH10,2000/7/21 3:39,2000/7/21 3:39,6,train
train_006250,record_006250.npz,MYGH10,2000/8/28 17:20,2000/8/28 17:20,4.8,train
train_006251,record_006251.npz,MYGH10,2000/11/16 18:31,2000/11/16 18:31,5,train
train_006252,record_006252.npz,MYGH10,2001/2/5 4:17,2001/2/5 4:17,4.3,train
train_006253,record_006253.npz,MYGH10,2001/2/25 6:54,2001/2/25 6:54,5.8,train
train_006254,record_006254.npz,MYGH10,2001/4/12 16:02,2001/4/12 16:02,5,train
train_006255,record_006255.npz,MYGH10,2001/7/24 9:26,2001/7/24 9:27,4.8,train
train_006256,record_006256.npz,MYGH10,2001/8/4 20:43,2001/8/4 20:43,4.9,train
train_006257,record_006257.npz,MYGH10,2001/9/6 10:40,2001/9/6 10:40,4.5,train
train_006258,record_006258.npz,MYGH10,2001/10/2 17:20,2001/10/2 17:20,5.4,train
train_006259,record_006259.npz,MYGH10,2002/2/12 22:44,2002/2/12 22:45,5.5,train
train_006260,record_006260.npz,MYGH10,2002/7/24 5:05,2002/7/24 5:05,5.7,train
train_006261,record_006261.npz,MYGH10,2002/11/3 12:37,2002/11/3 12:38,6.1,train
train_006262,record_006262.npz,MYGH10,2003/2/16 12:03,2003/2/16 12:04,5,train
train_006263,record_006263.npz,MYGH10,2003/3/3 7:47,2003/3/3 7:47,5.3,train
train_006264,record_006264.npz,MYGH10,2003/5/26 18:24,2003/5/26 18:24,7,train
train_006265,record_006265.npz,MYGH10,2003/6/16 18:34,2003/6/16 18:34,5,train
train_006266,record_006266.npz,MYGH10,2003/7/26 0:13,2003/7/26 0:13,5.5,train
train_006267,record_006267.npz,MYGH10,2003/7/26 7:13,2003/7/26 7:13,6.2,train
train_006268,record_006268.npz,MYGH10,2003/7/26 10:22,2003/7/26 10:22,4.8,train
train_006269,record_006269.npz,MYGH10,2003/7/26 16:56,2003/7/26 16:56,5.3,train
train_006270,record_006270.npz,MYGH10,2003/7/28 4:08,2003/7/28 4:08,5,train
train_006271,record_006271.npz,MYGH10,2003/10/23 23:22,2003/10/23 23:22,4.3,train
train_006272,record_006272.npz,MYGH10,2003/10/31 10:06,2003/10/31 10:06,6.8,train
train_006273,record_006273.npz,MYGH10,2003/11/15 3:44,2003/11/15 3:44,5.8,train
train_006274,record_006274.npz,MYGH10,2004/1/23 18:01,2004/1/23 18:01,5.3,train
train_006275,record_006275.npz,MYGH10,2004/1/27 15:11,2004/1/27 15:11,4.4,train
train_006276,record_006276.npz,MYGH10,2004/4/4 8:02,2004/4/4 8:02,5.8,train
train_006277,record_006277.npz,MYGH10,2004/5/10 15:38,2004/5/10 15:38,4.4,train
train_006278,record_006278.npz,MYGH10,2004/5/16 0:37,2004/5/16 0:37,4.6,train
train_006279,record_006279.npz,MYGH11,2001/4/12 16:02,2001/4/12 16:02,5,train
train_006280,record_006280.npz,MYGH11,2001/7/24 9:26,2001/7/24 9:27,4.8,train
train_006281,record_006281.npz,MYGH11,2001/9/6 10:40,2001/9/6 10:41,4.5,train
train_006282,record_006282.npz,MYGH11,2001/10/2 17:20,2001/10/2 17:20,5.4,train
train_006283,record_006283.npz,MYGH11,2001/11/13 16:45,2001/11/13 16:45,4.7,train
train_006284,record_006284.npz,MYGH11,2001/12/2 22:02,2001/12/2 22:02,6.4,train
train_006285,record_006285.npz,MYGH11,2001/12/23 1:41,2001/12/23 1:41,4.5,train
train_006286,record_006286.npz,MYGH11,2002/1/27 16:09,2002/1/27 16:09,5.3,train
train_006287,record_006287.npz,MYGH11,2002/1/29 8:42,2002/1/29 8:42,4.6,train
train_006288,record_006288.npz,MYGH11,2002/1/29 8:45,2002/1/29 8:45,4.8,train
train_006289,record_006289.npz,MYGH11,2002/2/13 18:54,2002/2/13 18:54,4.5,train
train_006290,record_006290.npz,MYGH11,2002/4/21 9:10,2002/4/21 9:10,4.5,train
train_006291,record_006291.npz,MYGH11,2002/5/6 17:12,2002/5/6 17:12,5,train
train_006292,record_006292.npz,MYGH11,2002/5/12 10:29,2002/5/12 10:29,5.1,train
train_006293,record_006293.npz,MYGH11,2002/7/24 5:05,2002/7/24 5:05,5.7,train
train_006294,record_006294.npz,MYGH11,2002/8/24 8:22,2002/8/24 8:22,4.3,train
train_006295,record_006295.npz,MYGH11,2002/9/10 19:52,2002/9/10 19:52,4.1,train
train_006296,record_006296.npz,MYGH11,2002/9/19 4:58,2002/9/19 4:58,4.1,train
train_006297,record_006297.npz,MYGH11,2002/10/11 10:04,2002/10/11 10:04,5.2,train
train_006298,record_006298.npz,MYGH11,2002/10/12 19:59,2002/10/12 19:59,5.6,train
train_006299,record_006299.npz,MYGH11,2002/11/3 12:37,2002/11/3 12:37,6.1,train
train_006300,record_006300.npz,MYGH11,2002/11/4 4:14,2002/11/4 4:14,4.7,train
train_006301,record_006301.npz,MYGH11,2002/12/2 8:02,2002/12/2 8:02,4.6,train
train_006302,record_006302.npz,MYGH11,2002/12/5 0:50,2002/12/5 0:50,5.2,train
train_006303,record_006303.npz,MYGH11,2002/12/5 0:53,2002/12/5 0:53,4.9,train
train_006304,record_006304.npz,MYGH11,2002/12/9 3:34,2002/12/9 3:34,4.6,train
train_006305,record_006305.npz,MYGH11,2003/1/5 18:51,2003/1/5 18:51,4.4,train
train_006306,record_006306.npz,MYGH11,2003/2/16 12:03,2003/2/16 12:04,5,train
train_006307,record_006307.npz,MYGH11,2003/3/3 7:47,2003/3/3 7:47,5.3,train
train_006308,record_006308.npz,MYGH12,2001/2/25 6:54,2001/2/25 6:54,5.8,train
train_006309,record_006309.npz,MYGH12,2001/4/5 7:22,2001/4/5 7:22,4.3,train
train_006310,record_006310.npz,MYGH12,2001/4/12 16:02,2001/4/12 16:02,5,train
train_006311,record_006311.npz,MYGH12,2001/7/24 9:26,2001/7/24 9:27,4.8,train
train_006312,record_006312.npz,MYGH12,2001/9/6 10:40,2001/9/6 10:41,4.5,train
train_006313,record_006313.npz,MYGH12,2001/10/2 17:20,2001/10/2 17:20,5.4,train
train_006314,record_006314.npz,MYGH12,2001/11/13 16:45,2001/11/13 16:45,4.7,train
train_006315,record_006315.npz,MYGH12,2001/12/2 22:02,2001/12/2 22:02,6.4,train
train_006316,record_006316.npz,MYGH12,2001/12/23 1:41,2001/12/23 1:41,4.5,train
train_006317,record_006317.npz,MYGH12,2002/1/27 16:09,2002/1/27 16:09,5.3,train
train_006318,record_006318.npz,MYGH12,2002/1/29 8:42,2002/1/29 8:42,4.6,train
train_006319,record_006319.npz,MYGH12,2002/1/29 8:45,2002/1/29 8:45,4.8,train
train_006320,record_006320.npz,MYGH12,2002/2/13 18:54,2002/2/13 18:54,4.5,train
train_006321,record_006321.npz,MYGH12,2002/4/21 9:10,2002/4/21 9:10,4.5,train
train_006322,record_006322.npz,MYGH12,2002/5/6 17:12,2002/5/6 17:12,5,train
train_006323,record_006323.npz,MYGH12,2002/5/12 10:29,2002/5/12 10:29,5.1,train
train_006324,record_006324.npz,MYGH12,2002/7/24 5:05,2002/7/24 5:05,5.7,train
train_006325,record_006325.npz,MYGH12,2002/8/24 8:22,2002/8/24 8:22,4.3,train
train_006326,record_006326.npz,MYGH12,2002/9/10 19:52,2002/9/10 19:52,4.1,train
train_006327,record_006327.npz,MYGH12,2002/9/19 4:58,2002/9/19 4:58,4.1,train
train_006328,record_006328.npz,MYGH12,2002/10/11 10:04,2002/10/11 10:04,5.2,train
train_006329,record_006329.npz,MYGH12,2002/10/12 19:59,2002/10/12 19:59,5.6,train
train_006330,record_006330.npz,MYGH12,2002/11/3 12:37,2002/11/3 12:37,6.1,train
train_006331,record_006331.npz,MYGH12,2002/11/4 4:14,2002/11/4 4:14,4.7,train
train_006332,record_006332.npz,MYGH12,2002/12/2 8:02,2002/12/2 8:02,4.6,train
train_006333,record_006333.npz,MYGH12,2002/12/5 0:50,2002/12/5 0:50,5.2,train
train_006334,record_006334.npz,MYZH01,2000/6/8 9:32,2000/6/8 9:32,4.8,train
train_006335,record_006335.npz,MYZH01,2001/4/25 23:40,2001/4/25 23:40,5.6,train
train_006336,record_006336.npz,MYZH01,2002/11/4 13:36,2002/11/4 13:36,5.7,train
train_006337,record_006337.npz,MYZH02,2001/3/24 15:28,2001/3/24 15:28,6.4,train
train_006338,record_006338.npz,MYZH02,2001/4/25 23:40,2001/4/25 23:40,5.6,train
train_006339,record_006339.npz,MYZH02,2002/11/4 13:36,2002/11/4 13:36,5.7,train
train_006340,record_006340.npz,MYZH02,2006/3/27 11:50,2006/3/27 11:50,5.5,train
train_006341,record_006341.npz,MYZH02,2006/6/12 5:01,2006/6/12 5:01,6.2,train
train_006342,record_006342.npz,MYZH02,2008/3/10 10:44,2008/3/10 10:44,5.1,train
train_006343,record_006343.npz,MYZH02,2008/5/1 5:51,2008/5/1 5:52,4.1,train
train_006344,record_006344.npz,MYZH02,2008/5/11 4:19,2008/5/11 4:19,4.1,train
train_006345,record_006345.npz,MYZH02,2009/4/5 18:36,2009/4/5 18:36,5.6,train
train_006346,record_006346.npz,MYZH02,2009/6/14 19:17,2009/6/14 19:18,4.2,train
train_006347,record_006347.npz,MYZH02,2009/6/25 23:04,2009/6/25 23:04,4.7,train
train_006348,record_006348.npz,MYZH02,2009/7/18 5:16,2009/7/18 5:16,4.3,train
train_006349,record_006349.npz,MYZH02,2009/7/28 5:30,2009/7/28 5:31,4.2,train
train_006350,record_006350.npz,MYZH02,2009/8/3 20:18,2009/8/3 20:18,4.7,train
train_006351,record_006351.npz,MYZH02,2009/8/5 12:51,2009/8/5 12:51,5,train
train_006352,record_006352.npz,MYZH02,2009/8/6 11:22,2009/8/6 11:22,4.3,train
train_006353,record_006353.npz,MYZH02,2009/10/29 2:37,2009/10/29 2:37,4.7,train
train_006354,record_006354.npz,MYZH02,2010/5/13 20:01,2010/5/13 20:01,4.7,train
train_006355,record_006355.npz,MYZH02,2010/8/10 21:24,2010/8/10 21:24,4.4,train
train_006356,record_006356.npz,MYZH02,2010/12/7 9:36,2010/12/7 9:36,4.1,train
train_006357,record_006357.npz,MYZH02,2011/2/28 9:04,2011/2/28 9:04,4.6,train
train_006358,record_006358.npz,MYZH03,2002/11/4 13:36,2002/11/4 13:36,5.7,train
train_006359,record_006359.npz,MYZH03,2009/4/5 18:36,2009/4/5 18:36,5.6,train
train_006360,record_006360.npz,MYZH03,2009/8/3 20:18,2009/8/3 20:18,4.7,train
train_006361,record_006361.npz,MYZH03,1999/12/22 20:17,1999/12/22 20:17,4.8,train
train_006362,record_006362.npz,MYZH04,2000/4/2 21:25,2000/4/2 21:25,4.5,train
train_006363,record_006363.npz,MYZH04,2000/6/8 9:32,2000/6/8 9:32,4.8,train
train_006364,record_006364.npz,MYZH04,2001/4/25 23:40,2001/4/25 23:40,5.6,train
train_006365,record_006365.npz,MYZH04,2002/11/4 13:36,2002/11/4 13:36,5.7,train
train_006366,record_006366.npz,MYZH04,2006/6/12 5:01,2006/6/12 5:01,6.2,train
train_006367,record_006367.npz,MYZH04,2008/3/10 10:44,2008/3/10 10:44,5.1,train
train_006368,record_006368.npz,MYZH04,2008/5/1 5:51,2008/5/1 5:52,4.1,train
train_006369,record_006369.npz,MYZH04,2008/5/11 4:19,2008/5/11 4:19,4.1,train
train_006370,record_006370.npz,MYZH04,2009/4/5 18:36,2009/4/5 18:36,5.6,train
train_006371,record_006371.npz,MYZH04,2009/6/14 19:17,2009/6/14 19:18,4.2,train
train_006372,record_006372.npz,MYZH04,2009/6/25 23:04,2009/6/25 23:04,4.7,train
train_006373,record_006373.npz,MYZH04,2009/7/18 5:16,2009/7/18 5:16,4.3,train
train_006374,record_006374.npz,MYZH04,2009/7/28 5:30,2009/7/28 5:31,4.2,train
train_006375,record_006375.npz,MYZH04,2009/8/3 20:18,2009/8/3 20:18,4.7,train
train_006376,record_006376.npz,MYZH04,2009/8/5 12:51,2009/8/5 12:51,5,train
train_006377,record_006377.npz,MYZH04,2009/8/6 11:22,2009/8/6 11:22,4.3,train
train_006378,record_006378.npz,MYZH04,2009/10/29 2:37,2009/10/29 2:37,4.7,train
train_006379,record_006379.npz,MYZH04,2010/1/25 16:15,2010/1/25 16:15,5.4,train
train_006380,record_006380.npz,MYZH04,2010/5/13 20:01,2010/5/13 20:01,4.7,train
train_006381,record_006381.npz,MYZH04,2011/2/28 9:04,2011/2/28 9:04,4.6,train
train_006382,record_006382.npz,MYZH05,2001/4/25 23:40,2001/4/25 23:40,5.6,train
train_006383,record_006383.npz,MYZH05,2001/7/25 5:10,2001/7/25 5:11,4.1,train
train_006384,record_006384.npz,MYZH05,2001/8/30 5:52,2001/8/30 5:52,4.6,train
train_006385,record_006385.npz,MYZH05,2001/9/17 11:21,2001/9/17 11:22,4.7,train
train_006386,record_006386.npz,MYZH05,2002/5/20 22:19,2002/5/20 22:19,4.2,train
train_006387,record_006387.npz,MYZH05,2002/6/18 16:58,2002/6/18 16:58,4.5,train
train_006388,record_006388.npz,MYZH05,2002/7/16 4:58,2002/7/16 4:58,4.4,train
train_006389,record_006389.npz,MYZH05,2002/11/4 13:36,2002/11/4 13:36,5.7,train
train_006390,record_006390.npz,MYZH05,2005/5/31 11:04,2005/5/31 11:04,5.8,train
train_006391,record_006391.npz,MYZH05,2006/3/27 11:50,2006/3/27 11:50,5.5,train
train_006392,record_006392.npz,MYZH05,2008/3/10 10:44,2008/3/10 10:44,5.1,train
train_006393,record_006393.npz,MYZH05,2008/5/1 5:51,2008/5/1 5:52,4.1,train
train_006394,record_006394.npz,MYZH05,2008/5/11 4:19,2008/5/11 4:19,4.1,train
train_006395,record_006395.npz,MYZH05,2009/4/5 18:36,2009/4/5 18:36,5.6,train
train_006396,record_006396.npz,MYZH05,2009/6/14 19:17,2009/6/14 19:18,4.2,train
train_006397,record_006397.npz,MYZH05,2009/6/25 23:04,2009/6/25 23:04,4.7,train
train_006398,record_006398.npz,MYZH05,2009/7/28 5:30,2009/7/28 5:31,4.2,train
train_006399,record_006399.npz,MYZH05,2009/8/3 20:18,2009/8/3 20:18,4.7,train
train_006400,record_006400.npz,MYZH05,2009/8/5 12:51,2009/8/5 12:51,5,train
train_006401,record_006401.npz,MYZH05,2009/8/6 11:22,2009/8/6 11:22,4.3,train
train_006402,record_006402.npz,MYZH05,2009/10/29 2:37,2009/10/29 2:37,4.7,train
train_006403,record_006403.npz,MYZH05,2010/1/25 16:15,2010/1/25 16:15,5.4,train
train_006404,record_006404.npz,MYZH05,2010/5/13 20:01,2010/5/13 20:01,4.7,train
train_006405,record_006405.npz,MYZH05,2010/8/10 21:24,2010/8/10 21:24,4.4,train
train_006406,record_006406.npz,MYZH05,2010/12/7 9:36,2010/12/7 9:36,4.1,train
train_006407,record_006407.npz,MYZH05,2011/2/28 9:04,2011/2/28 9:04,4.6,train
train_006408,record_006408.npz,MYZH06,2000/2/28 19:30,2000/2/28 19:30,4.1,train
train_006409,record_006409.npz,MYZH06,2000/4/2 21:25,2000/4/2 21:25,4.5,train
train_006410,record_006410.npz,MYZH06,2000/6/8 9:32,2000/6/8 9:33,4.8,train
train_006411,record_006411.npz,MYZH06,2001/4/25 23:40,2001/4/25 23:40,5.6,train
train_006412,record_006412.npz,MYZH06,2002/11/4 13:36,2002/11/4 13:36,5.7,train
train_006413,record_006413.npz,MYZH06,2005/5/31 11:04,2005/5/31 11:04,5.8,train
train_006414,record_006414.npz,MYZH06,2006/6/12 5:01,2006/6/12 5:01,6.2,train
train_006415,record_006415.npz,MYZH06,2008/3/10 10:44,2008/3/10 10:44,5.1,train
train_006416,record_006416.npz,MYZH06,2008/5/1 5:51,2008/5/1 5:52,4.1,train
train_006417,record_006417.npz,MYZH06,2008/5/11 4:19,2008/5/11 4:19,4.1,train
train_006418,record_006418.npz,MYZH06,2009/4/5 18:36,2009/4/5 18:36,5.6,train
train_006419,record_006419.npz,MYZH06,2009/6/14 19:17,2009/6/14 19:18,4.2,train
train_006420,record_006420.npz,MYZH06,2009/7/28 5:30,2009/7/28 5:31,4.2,train
train_006421,record_006421.npz,MYZH06,2009/8/3 20:18,2009/8/3 20:18,4.7,train
train_006422,record_006422.npz,MYZH06,2009/8/5 12:51,2009/8/5 12:51,5,train
train_006423,record_006423.npz,MYZH06,2009/8/6 11:22,2009/8/6 11:22,4.3,train
train_006424,record_006424.npz,MYZH06,2010/1/25 16:15,2010/1/25 16:15,5.4,train
train_006425,record_006425.npz,MYZH06,1999/11/10 3:19,1999/11/10 3:19,4.1,train
train_006426,record_006426.npz,MYZH06,1999/12/22 20:17,1999/12/22 20:17,4.8,train
train_006427,record_006427.npz,MYZH07,2000/2/28 19:30,2000/2/28 19:30,4.1,train
train_006428,record_006428.npz,MYZH07,2000/4/2 21:25,2000/4/2 21:25,4.5,train
train_006429,record_006429.npz,MYZH07,2002/11/4 13:36,2002/11/4 13:36,5.7,train
train_006430,record_006430.npz,MYZH07,2005/5/31 11:04,2005/5/31 11:04,5.8,train
train_006431,record_006431.npz,MYZH07,2006/6/12 5:01,2006/6/12 5:01,6.2,train
train_006432,record_006432.npz,MYZH07,2007/12/23 2:48,2007/12/23 2:48,4.4,train
train_006433,record_006433.npz,MYZH07,2008/3/10 10:44,2008/3/10 10:44,5.1,train
train_006434,record_006434.npz,MYZH07,2008/5/1 5:51,2008/5/1 5:52,4.1,train
train_006435,record_006435.npz,MYZH07,2008/5/11 4:19,2008/5/11 4:19,4.1,train
train_006436,record_006436.npz,MYZH07,2009/3/19 19:40,2009/3/19 19:40,4.3,train
train_006437,record_006437.npz,MYZH07,2009/4/5 18:36,2009/4/5 18:36,5.6,train
train_006438,record_006438.npz,MYZH07,2009/6/14 19:17,2009/6/14 19:18,4.2,train
train_006439,record_006439.npz,MYZH07,2009/7/28 5:30,2009/7/28 5:31,4.2,train
train_006440,record_006440.npz,MYZH07,2009/8/3 20:18,2009/8/3 20:18,4.7,train
train_006441,record_006441.npz,MYZH07,2009/8/5 12:51,2009/8/5 12:51,5,train
train_006442,record_006442.npz,MYZH07,2009/8/6 11:22,2009/8/6 11:22,4.3,train
train_006443,record_006443.npz,MYZH07,2009/10/29 2:37,2009/10/29 2:37,4.7,train
train_006444,record_006444.npz,MYZH07,2010/1/25 16:15,2010/1/25 16:15,5.4,train
train_006445,record_006445.npz,MYZH07,2010/12/7 9:36,2010/12/7 9:36,4.1,train
train_006446,record_006446.npz,MYZH07,2011/2/7 4:40,2011/2/7 4:40,4.4,train
train_006447,record_006447.npz,MYZH07,2011/2/28 9:04,2011/2/28 9:04,4.6,train
train_006448,record_006448.npz,MYZH08,2001/4/25 23:40,2001/4/25 23:40,5.6,train
train_006449,record_006449.npz,MYZH08,2002/11/4 13:36,2002/11/4 13:36,5.7,train
train_006450,record_006450.npz,MYZH08,2005/5/31 11:04,2005/5/31 11:04,5.8,train
train_006451,record_006451.npz,MYZH08,2006/3/27 11:50,2006/3/27 11:50,5.5,train
train_006452,record_006452.npz,MYZH08,2006/6/12 5:01,2006/6/12 5:01,6.2,train
train_006453,record_006453.npz,MYZH08,2009/6/25 23:04,2009/6/25 23:04,4.7,train
train_006454,record_006454.npz,MYZH08,2009/7/28 5:30,2009/7/28 5:31,4.2,train
train_006455,record_006455.npz,MYZH08,2009/8/3 20:18,2009/8/3 20:18,4.7,train
train_006456,record_006456.npz,MYZH08,2009/8/5 12:51,2009/8/5 12:51,5,train
train_006457,record_006457.npz,MYZH08,2009/8/6 11:22,2009/8/6 11:22,4.3,train
train_006458,record_006458.npz,MYZH08,2009/10/29 2:37,2009/10/29 2:37,4.7,train
train_006459,record_006459.npz,MYZH08,2010/1/25 16:15,2010/1/25 16:15,5.4,train
train_006460,record_006460.npz,MYZH08,2010/8/10 21:24,2010/8/10 21:24,4.4,train
train_006461,record_006461.npz,MYZH08,2010/12/7 9:36,2010/12/7 9:36,4.1,train
train_006462,record_006462.npz,MYZH08,2011/2/28 9:04,2011/2/28 9:04,4.6,train
train_006463,record_006463.npz,MYZH09,2000/2/28 19:30,2000/2/28 19:30,4.1,train
train_006464,record_006464.npz,MYZH09,2000/4/2 21:25,2000/4/2 21:25,4.5,train
train_006465,record_006465.npz,MYZH09,2001/4/25 23:40,2001/4/25 23:40,5.6,train
train_006466,record_006466.npz,MYZH09,2002/7/16 4:58,2002/7/16 4:58,4.4,train
train_006467,record_006467.npz,MYZH09,2002/11/4 13:36,2002/11/4 13:36,5.7,train
train_006468,record_006468.npz,MYZH09,2005/5/31 11:04,2005/5/31 11:04,5.8,train
train_006469,record_006469.npz,MYZH09,2006/6/12 5:01,2006/6/12 5:01,6.2,train
train_006470,record_006470.npz,MYZH09,2008/3/10 10:44,2008/3/10 10:44,5.1,train
train_006471,record_006471.npz,MYZH09,2009/7/28 5:30,2009/7/28 5:31,4.2,train
train_006472,record_006472.npz,MYZH09,2009/8/6 11:22,2009/8/6 11:22,4.3,train
train_006473,record_006473.npz,MYZH09,2009/10/29 2:37,2009/10/29 2:37,4.7,train
train_006474,record_006474.npz,MYZH09,2010/1/25 16:15,2010/1/25 16:15,5.4,train
train_006475,record_006475.npz,MYZH09,2010/5/13 20:01,2010/5/13 20:01,4.7,train
train_006476,record_006476.npz,MYZH09,2010/9/26 8:25,2010/9/26 8:25,4.4,train
train_006477,record_006477.npz,MYZH09,2011/2/7 4:40,2011/2/7 4:40,4.4,train
train_006478,record_006478.npz,MYZH09,2011/2/28 9:04,2011/2/28 9:04,4.6,train
train_006479,record_006479.npz,MYZH10,2000/4/2 21:25,2000/4/2 21:25,4.5,train
train_006480,record_006480.npz,MYZH10,2000/6/25 15:34,2000/6/25 15:35,5.9,train
train_006481,record_006481.npz,MYZH10,2001/4/25 23:40,2001/4/25 23:40,5.6,train
train_006482,record_006482.npz,MYZH10,2001/8/30 5:52,2001/8/30 5:52,4.6,train
train_006483,record_006483.npz,MYZH10,2001/9/17 11:21,2001/9/17 11:21,4.7,train
train_006484,record_006484.npz,MYZH10,2002/3/8 22:02,2002/3/8 22:02,4.2,train
train_006485,record_006485.npz,MYZH10,2002/11/4 13:36,2002/11/4 13:36,5.7,train
train_006486,record_006486.npz,MYZH10,2005/5/31 11:04,2005/5/31 11:04,5.8,train
train_006487,record_006487.npz,MYZH10,2006/6/12 5:01,2006/6/12 5:01,6.2,train
train_006488,record_006488.npz,MYZH10,2007/12/23 2:48,2007/12/23 2:48,4.4,train
train_006489,record_006489.npz,MYZH10,2007/12/23 2:49,2007/12/23 2:49,4.8,train
train_006490,record_006490.npz,MYZH10,2008/3/10 10:44,2008/3/10 10:44,5.1,train
train_006491,record_006491.npz,MYZH10,2008/5/1 5:51,2008/5/1 5:52,4.1,train
train_006492,record_006492.npz,MYZH10,2008/5/11 4:19,2008/5/11 4:19,4.1,train
train_006493,record_006493.npz,MYZH10,2009/4/5 18:36,2009/4/5 18:36,5.6,train
train_006494,record_006494.npz,MYZH10,2009/7/28 5:30,2009/7/28 5:31,4.2,train
train_006495,record_006495.npz,MYZH10,2009/8/3 20:18,2009/8/3 20:18,4.7,train
train_006496,record_006496.npz,MYZH10,2009/8/5 12:51,2009/8/5 12:51,5,train
train_006497,record_006497.npz,MYZH10,2009/8/6 11:22,2009/8/6 11:22,4.3,train
train_006498,record_006498.npz,MYZH10,2009/10/29 2:37,2009/10/29 2:37,4.7,train
train_006499,record_006499.npz,MYZH10,2010/1/25 16:15,2010/1/25 16:15,5.4,train
train_006500,record_006500.npz,MYZH10,2011/2/4 18:11,2011/2/4 18:11,4.7,train
train_006501,record_006501.npz,MYZH10,2011/2/28 9:04,2011/2/28 9:04,4.6,train
train_006502,record_006502.npz,MYZH11,2000/4/2 21:25,2000/4/2 21:25,4.5,train
train_006503,record_006503.npz,MYZH11,2000/5/19 2:29,2000/5/19 2:30,4.4,train
train_006504,record_006504.npz,MYZH11,2000/5/23 8:56,2000/5/23 8:56,4.4,train
train_006505,record_006505.npz,MYZH11,2000/6/8 9:32,2000/6/8 9:33,4.8,train
train_006506,record_006506.npz,MYZH11,2000/6/25 15:34,2000/6/25 15:35,5.9,train
train_006507,record_006507.npz,MYZH11,2000/7/3 22:24,2000/7/3 22:24,4.9,train
train_006508,record_006508.npz,MYZH11,2002/11/4 13:36,2002/11/4 13:36,5.7,train
train_006509,record_006509.npz,MYZH11,2005/5/31 11:04,2005/5/31 11:04,5.8,train
train_006510,record_006510.npz,MYZH11,2006/6/12 5:01,2006/6/12 5:01,6.2,train
train_006511,record_006511.npz,MYZH11,2007/12/23 2:48,2007/12/23 2:48,4.4,train
train_006512,record_006512.npz,MYZH11,2007/12/23 2:49,2007/12/23 2:49,4.8,train
train_006513,record_006513.npz,MYZH11,2008/3/10 10:44,2008/3/10 10:44,5.1,train
train_006514,record_006514.npz,MYZH11,2008/5/1 5:51,2008/5/1 5:52,4.1,train
train_006515,record_006515.npz,MYZH11,2008/5/11 4:19,2008/5/11 4:19,4.1,train
train_006516,record_006516.npz,MYZH11,2009/4/5 18:36,2009/4/5 18:36,5.6,train
train_006517,record_006517.npz,MYZH11,2009/6/14 19:17,2009/6/14 19:18,4.2,train
train_006518,record_006518.npz,MYZH11,2009/7/28 5:30,2009/7/28 5:31,4.2,train
train_006519,record_006519.npz,MYZH11,2009/8/3 20:18,2009/8/3 20:18,4.7,train
train_006520,record_006520.npz,MYZH11,2009/8/5 12:51,2009/8/5 12:51,5,train
train_006521,record_006521.npz,MYZH11,1999/12/22 20:17,1999/12/22 20:17,4.8,train
train_006522,record_006522.npz,MYZH12,2002/11/4 13:36,2002/11/4 13:36,5.7,train
train_006523,record_006523.npz,MYZH12,2003/4/12 13:28,2003/4/12 13:28,4.8,train
train_006524,record_006524.npz,MYZH12,2005/5/31 11:04,2005/5/31 11:04,5.8,train
train_006525,record_006525.npz,MYZH12,2008/3/10 10:44,2008/3/10 10:44,5.1,train
train_006526,record_006526.npz,MYZH12,2009/3/19 19:40,2009/3/19 19:40,4.3,train
train_006527,record_006527.npz,MYZH12,2009/4/5 18:36,2009/4/5 18:36,5.6,train
train_006528,record_006528.npz,MYZH12,2009/7/28 5:30,2009/7/28 5:31,4.2,train
train_006529,record_006529.npz,MYZH12,2009/8/3 20:18,2009/8/3 20:18,4.7,train
train_006530,record_006530.npz,MYZH12,2009/9/3 22:26,2009/9/3 22:26,6,train
train_006531,record_006531.npz,MYZH12,2009/10/29 2:37,2009/10/29 2:37,4.7,train
train_006532,record_006532.npz,MYZH12,2010/1/25 16:15,2010/1/25 16:15,5.4,train
train_006533,record_006533.npz,MYZH12,2010/9/26 8:25,2010/9/26 8:25,4.4,train
train_006534,record_006534.npz,MYZH12,2011/2/4 18:11,2011/2/4 18:11,4.7,train
train_006535,record_006535.npz,MYZH12,2011/2/7 4:40,2011/2/7 4:40,4.4,train
train_006536,record_006536.npz,MYZH12,2011/2/28 9:04,2011/2/28 9:04,4.6,train
train_006537,record_006537.npz,MYZH13,2000/1/23 16:40,2000/1/23 16:40,5.2,train
train_006538,record_006538.npz,MYZH13,2000/6/25 15:34,2000/6/25 15:35,5.9,train
train_006539,record_006539.npz,MYZH13,2001/3/6 19:36,2001/3/6 19:36,4.3,train
train_006540,record_006540.npz,MYZH13,2001/3/12 6:36,2001/3/12 6:36,4.3,train
train_006541,record_006541.npz,MYZH13,2001/4/25 23:40,2001/4/25 23:40,5.6,train
train_006542,record_006542.npz,MYZH13,2001/8/30 5:52,2001/8/30 5:52,4.6,train
train_006543,record_006543.npz,MYZH13,2001/9/17 11:21,2001/9/17 11:22,4.7,train
train_006544,record_006544.npz,MYZH13,2002/5/20 22:19,2002/5/20 22:20,4.2,train
train_006545,record_006545.npz,MYZH13,2002/5/24 19:08,2002/5/24 19:09,4.4,train
train_006546,record_006546.npz,MYZH13,2002/6/18 16:58,2002/6/18 16:58,4.5,train
train_006547,record_006547.npz,MYZH13,2002/7/16 4:58,2002/7/16 4:58,4.4,train
train_006548,record_006548.npz,MYZH13,2002/9/19 13:17,2002/9/19 13:17,4.1,train
train_006549,record_006549.npz,MYZH13,2002/10/25 23:40,2002/10/25 23:41,5.1,train
train_006550,record_006550.npz,MYZH13,2002/11/4 13:36,2002/11/4 13:36,5.7,train
train_006551,record_006551.npz,MYZH13,2003/4/12 13:28,2003/4/12 13:29,4.8,train
train_006552,record_006552.npz,MYZH13,2005/5/31 11:04,2005/5/31 11:04,5.8,train
train_006553,record_006553.npz,MYZH13,2005/11/22 0:36,2005/11/22 0:36,6,train
train_006554,record_006554.npz,MYZH13,2008/3/3 21:41,2008/3/3 21:41,4.3,train
train_006555,record_006555.npz,MYZH13,2008/3/10 10:44,2008/3/10 10:44,5.1,train
train_006556,record_006556.npz,MYZH13,2008/5/11 4:19,2008/5/11 4:19,4.1,train
train_006557,record_006557.npz,MYZH13,2009/3/19 19:40,2009/3/19 19:40,4.3,train
train_006558,record_006558.npz,MYZH13,2009/4/5 18:36,2009/4/5 18:36,5.6,train
train_006559,record_006559.npz,MYZH13,2009/6/25 23:04,2009/6/25 23:04,4.7,train
train_006560,record_006560.npz,MYZH13,2009/7/28 5:30,2009/7/28 5:31,4.2,train
train_006561,record_006561.npz,MYZH13,2009/8/3 20:18,2009/8/3 20:18,4.7,train
train_006562,record_006562.npz,MYZH14,2000/4/2 21:25,2000/4/2 21:25,4.5,train
train_006563,record_006563.npz,MYZH14,2000/6/25 15:34,2000/6/25 15:34,5.9,train
train_006564,record_006564.npz,MYZH14,2001/8/30 5:52,2001/8/30 5:52,4.6,train
train_006565,record_006565.npz,MYZH14,2001/9/12 17:32,2001/9/12 17:32,4.3,train
train_006566,record_006566.npz,MYZH14,2001/9/17 11:21,2001/9/17 11:21,4.7,train
train_006567,record_006567.npz,MYZH14,2002/5/24 19:08,2002/5/24 19:09,4.4,train
train_006568,record_006568.npz,MYZH14,2002/6/18 16:58,2002/6/18 16:58,4.5,train
train_006569,record_006569.npz,MYZH14,2002/7/16 4:58,2002/7/16 4:58,4.4,train
train_006570,record_006570.npz,MYZH14,2002/7/16 20:57,2002/7/16 20:57,5.1,train
train_006571,record_006571.npz,MYZH14,2002/9/19 13:17,2002/9/19 13:17,4.1,train
train_006572,record_006572.npz,MYZH14,2002/10/25 23:40,2002/10/25 23:41,5.1,train
train_006573,record_006573.npz,MYZH14,2002/11/4 13:36,2002/11/4 13:36,5.7,train
train_006574,record_006574.npz,MYZH14,2004/4/21 12:21,2004/4/21 12:21,5,train
train_006575,record_006575.npz,MYZH14,2005/5/31 11:04,2005/5/31 11:04,5.8,train
train_006576,record_006576.npz,MYZH14,2009/4/5 18:36,2009/4/5 18:36,5.6,train
train_006577,record_006577.npz,MYZH14,2010/1/25 16:15,2010/1/25 16:15,5.4,train
train_006578,record_006578.npz,MYZH14,2011/2/7 4:40,2011/2/7 4:40,4.4,train
train_006579,record_006579.npz,MYZH14,1999/12/22 20:17,1999/12/22 20:17,4.8,train
train_006580,record_006580.npz,MYZH15,2001/4/25 23:40,2001/4/25 23:40,5.6,train
train_006581,record_006581.npz,MYZH15,2002/3/8 22:02,2002/3/8 22:02,4.2,train
train_006582,record_006582.npz,MYZH15,2002/11/4 13:36,2002/11/4 13:36,5.7,train
train_006583,record_006583.npz,MYZH15,2003/11/30 12:45,2003/11/30 12:45,4.8,train
train_006584,record_006584.npz,MYZH15,2004/4/21 12:10,2004/4/21 12:10,4.7,train
train_006585,record_006585.npz,MYZH15,2004/4/21 12:21,2004/4/21 12:21,5,train
train_006586,record_006586.npz,MYZH15,2007/12/23 2:49,2007/12/23 2:49,4.8,train
train_006587,record_006587.npz,MYZH15,2008/3/10 10:44,2008/3/10 10:44,5.1,train
train_006588,record_006588.npz,MYZH15,2008/5/1 5:51,2008/5/1 5:52,4.1,train
train_006589,record_006589.npz,MYZH15,2008/5/11 4:19,2008/5/11 4:19,4.1,train
train_006590,record_006590.npz,MYZH15,2009/4/5 18:36,2009/4/5 18:36,5.6,train
train_006591,record_006591.npz,MYZH15,2009/6/14 19:17,2009/6/14 19:18,4.2,train
train_006592,record_006592.npz,MYZH15,2009/7/18 5:16,2009/7/18 5:16,4.3,train
train_006593,record_006593.npz,MYZH15,2009/7/28 5:30,2009/7/28 5:31,4.2,train
train_006594,record_006594.npz,MYZH15,2009/8/3 20:18,2009/8/3 20:18,4.7,train
train_006595,record_006595.npz,MYZH15,2009/8/5 12:51,2009/8/5 12:51,5,train
train_006596,record_006596.npz,MYZH15,2009/10/29 2:37,2009/10/29 2:37,4.7,train
train_006597,record_006597.npz,MYZH15,2010/1/25 16:15,2010/1/25 16:15,5.4,train
train_006598,record_006598.npz,MYZH15,2010/5/13 20:01,2010/5/13 20:01,4.7,train
train_006599,record_006599.npz,MYZH15,2010/8/10 21:24,2010/8/10 21:24,4.4,train
train_006600,record_006600.npz,MYZH15,2010/12/7 9:36,2010/12/7 9:36,4.1,train
train_006601,record_006601.npz,MYZH15,2011/2/28 9:04,2011/2/28 9:04,4.6,train
train_006602,record_006602.npz,MYZH16,2002/11/4 13:36,2002/11/4 13:36,5.7,train
train_006603,record_006603.npz,MYZH16,2005/2/11 13:26,2005/2/11 13:26,4.1,train
train_006604,record_006604.npz,MYZH16,2005/5/12 4:23,2005/5/12 4:23,4.5,train
train_006605,record_006605.npz,MYZH16,2005/5/31 11:04,2005/5/31 11:04,5.8,train
train_006606,record_006606.npz,MYZH16,2006/3/27 11:50,2006/3/27 11:50,5.5,train
train_006607,record_006607.npz,MYZH16,2006/6/12 5:01,2006/6/12 5:01,6.2,train
train_006608,record_006608.npz,MYZH16,2008/3/10 10:44,2008/3/10 10:44,5.1,train
train_006609,record_006609.npz,MYZH16,2008/5/1 5:51,2008/5/1 5:52,4.1,train
train_006610,record_006610.npz,MYZH16,2008/5/11 4:19,2008/5/11 4:19,4.1,train
train_006611,record_006611.npz,MYZH16,2009/1/25 2:33,2009/1/25 2:33,4.4,train
train_006612,record_006612.npz,MYZH16,2009/4/5 18:36,2009/4/5 18:36,5.6,train
train_006613,record_006613.npz,MYZH16,2009/6/14 19:17,2009/6/14 19:18,4.2,train
train_006614,record_006614.npz,MYZH16,2009/6/25 23:04,2009/6/25 23:04,4.7,train
train_006615,record_006615.npz,MYZH16,2009/7/18 5:16,2009/7/18 5:16,4.3,train
train_006616,record_006616.npz,MYZH16,2009/7/28 5:30,2009/7/28 5:31,4.2,train
train_006617,record_006617.npz,MYZH16,2009/8/3 20:18,2009/8/3 20:18,4.7,train
train_006618,record_006618.npz,MYZH16,2009/8/5 12:51,2009/8/5 12:51,5,train
train_006619,record_006619.npz,MYZH16,2009/8/6 11:22,2009/8/6 11:22,4.3,train
train_006620,record_006620.npz,MYZH16,2009/10/29 2:37,2009/10/29 2:37,4.7,train
train_006621,record_006621.npz,MYZH16,2010/1/25 16:15,2010/1/25 16:15,5.4,train
train_006622,record_006622.npz,MYZH16,2010/5/13 20:01,2010/5/13 20:01,4.7,train
train_006623,record_006623.npz,MYZH16,2010/7/23 14:25,2010/7/23 14:26,4.4,train
train_006624,record_006624.npz,MYZH16,2010/8/10 21:24,2010/8/10 21:24,4.4,train
train_006625,record_006625.npz,MYZH16,2010/12/7 9:36,2010/12/7 9:36,4.1,train
train_006626,record_006626.npz,MYZH16,2011/2/28 9:04,2011/2/28 9:04,4.6,train
train_006627,record_006627.npz,NARH01,2000/4/15 2:41,2000/4/15 2:41,4.8,train
train_006628,record_006628.npz,NARH01,2000/4/28 11:42,2000/4/28 11:42,4.2,train
train_006629,record_006629.npz,NARH01,2000/10/31 1:43,2000/10/31 1:43,5.5,train
train_006630,record_006630.npz,NARH01,2001/10/15 1:53,2001/10/15 1:53,4.3,train
train_006631,record_006631.npz,NARH01,2004/9/5 19:07,2004/9/5 19:07,6.9,train
train_006632,record_006632.npz,NARH01,2004/9/5 23:57,2004/9/5 23:57,7.4,train
train_006633,record_006633.npz,NARH01,2004/9/7 8:29,2004/9/7 8:30,6.4,train
train_006634,record_006634.npz,NARH01,2004/9/8 3:36,2004/9/8 3:36,5.5,train
train_006635,record_006635.npz,NARH01,2004/10/27 21:27,2004/10/27 21:27,4.4,train
train_006636,record_006636.npz,NARH01,2007/4/15 12:19,2007/4/15 12:19,5.4,train
train_006637,record_006637.npz,NARH01,2007/7/16 17:24,2007/7/16 17:24,4.7,train
train_006638,record_006638.npz,NARH01,2010/7/21 6:19,2010/7/21 6:19,5.1,train
train_006639,record_006639.npz,NARH01,2011/2/21 15:46,2011/2/21 15:46,4.8,train
train_006640,record_006640.npz,NARH01,1999/8/21 5:33,1999/8/21 5:33,5.4,train
train_006641,record_006641.npz,NARH02,2008/4/17 0:58,2008/4/17 0:58,4.1,train
train_006642,record_006642.npz,NARH02,2008/8/24 5:45,2008/8/24 5:45,4.3,train
train_006643,record_006643.npz,NARH02,2008/10/1 9:25,2008/10/1 9:25,4.4,train
train_006644,record_006644.npz,NARH02,2009/2/5 5:41,2009/2/5 5:42,4.2,train
train_006645,record_006645.npz,NARH02,2009/2/18 6:47,2009/2/18 6:47,5.2,train
train_006646,record_006646.npz,NARH02,2010/7/21 6:19,2010/7/21 6:19,5.1,train
train_006647,record_006647.npz,NARH03,2000/10/31 1:43,2000/10/31 1:43,5.5,train
train_006648,record_006648.npz,NARH03,2001/8/10 15:42,2001/8/10 15:42,4.3,train
train_006649,record_006649.npz,NARH03,2001/8/25 22:21,2001/8/25 22:21,5.1,train
train_006650,record_006650.npz,NARH03,2001/9/13 5:43,2001/9/13 5:43,4.4,train
train_006651,record_006651.npz,NARH03,2002/4/28 10:34,2002/4/28 10:34,4.3,train
train_006652,record_006652.npz,NARH03,2002/11/19 18:36,2002/11/19 18:36,4.2,train
train_006653,record_006653.npz,NARH03,2002/12/17 7:17,2002/12/17 7:17,4.3,train
train_006654,record_006654.npz,NARH03,2003/1/19 4:50,2003/1/19 4:51,5.3,train
train_006655,record_006655.npz,NARH03,2003/1/23 21:42,2003/1/23 21:43,4.5,train
train_006656,record_006656.npz,NARH03,2003/2/6 2:37,2003/2/6 2:37,4.5,train
train_006657,record_006657.npz,NARH03,2004/9/5 19:07,2004/9/5 19:07,6.9,train
train_006658,record_006658.npz,NARH03,2004/9/5 23:57,2004/9/5 23:57,7.4,train
train_006659,record_006659.npz,NARH03,2004/9/7 8:29,2004/9/7 8:30,6.4,train
train_006660,record_006660.npz,NARH03,2007/11/6 10:02,2007/11/6 10:02,4.1,train
train_006661,record_006661.npz,NARH03,2007/12/21 14:23,2007/12/21 14:23,4.5,train
train_006662,record_006662.npz,NARH03,2008/4/17 0:58,2008/4/17 0:58,4.1,train
train_006663,record_006663.npz,NARH03,2008/8/8 4:35,2008/8/8 4:35,4.2,train
train_006664,record_006664.npz,NARH03,2008/8/24 5:45,2008/8/24 5:45,4.3,train
train_006665,record_006665.npz,NARH03,2008/10/1 9:25,2008/10/1 9:25,4.4,train
train_006666,record_006666.npz,NARH03,2009/2/18 6:47,2009/2/18 6:47,5.2,train
train_006667,record_006667.npz,NARH03,2010/7/21 6:19,2010/7/21 6:19,5.1,train
train_006668,record_006668.npz,NARH03,2010/11/29 15:52,2010/11/29 15:52,4.1,train
train_006669,record_006669.npz,NARH03,2011/2/21 15:46,2011/2/21 15:46,4.8,train
train_006670,record_006670.npz,NARH04,2000/8/27 13:13,2000/8/27 13:13,4.1,train
train_006671,record_006671.npz,NARH04,2000/10/31 1:43,2000/10/31 1:43,5.5,train
train_006672,record_006672.npz,NARH04,2001/10/15 1:53,2001/10/15 1:53,4.3,train
train_006673,record_006673.npz,NARH04,2002/12/17 7:17,2002/12/17 7:17,4.3,train
train_006674,record_006674.npz,NARH04,2003/1/23 21:42,2003/1/23 21:43,4.5,train
train_006675,record_006675.npz,NARH04,2003/2/6 2:37,2003/2/6 2:37,4.5,train
train_006676,record_006676.npz,NARH04,2004/1/6 14:50,2004/1/6 14:51,5.4,train
train_006677,record_006677.npz,NARH04,2004/9/5 19:07,2004/9/5 19:07,6.9,train
train_006678,record_006678.npz,NARH04,2004/9/5 23:57,2004/9/5 23:57,7.4,train
train_006679,record_006679.npz,NARH04,2004/9/7 8:29,2004/9/7 8:30,6.4,train
train_006680,record_006680.npz,NARH04,2007/4/15 12:19,2007/4/15 12:19,5.4,train
train_006681,record_006681.npz,NARH04,2007/7/16 17:24,2007/7/16 17:24,4.7,train
train_006682,record_006682.npz,NARH04,2008/4/17 0:58,2008/4/17 0:58,4.1,train
train_006683,record_006683.npz,NARH04,2008/8/24 5:45,2008/8/24 5:45,4.3,train
train_006684,record_006684.npz,NARH04,2008/8/30 18:28,2008/8/30 18:29,4.2,train
train_006685,record_006685.npz,NARH04,2008/10/1 9:25,2008/10/1 9:25,4.4,train
train_006686,record_006686.npz,NARH04,2009/2/18 6:47,2009/2/18 6:47,5.2,train
train_006687,record_006687.npz,NARH04,2010/1/10 1:44,2010/1/10 1:45,4.3,train
train_006688,record_006688.npz,NARH04,2010/7/21 6:19,2010/7/21 6:19,5.1,train
train_006689,record_006689.npz,NARH04,2010/11/29 15:52,2010/11/29 15:52,4.1,train
train_006690,record_006690.npz,NARH04,2011/2/21 15:46,2011/2/21 15:46,4.8,train
train_006691,record_006691.npz,NARH05,2000/8/27 13:13,2000/8/27 13:13,4.1,train
train_006692,record_006692.npz,NARH05,2000/10/31 1:43,2000/10/31 1:43,5.5,train
train_006693,record_006693.npz,NARH05,2001/8/25 22:21,2001/8/25 22:21,5.1,train
train_006694,record_006694.npz,NARH05,2004/9/5 19:07,2004/9/5 19:07,6.9,train
train_006695,record_006695.npz,NARH05,2004/9/5 23:57,2004/9/5 23:57,7.4,train
train_006696,record_006696.npz,NARH05,2004/9/7 8:29,2004/9/7 8:30,6.4,train
train_006697,record_006697.npz,NARH05,2007/4/15 12:19,2007/4/15 12:19,5.4,train
train_006698,record_006698.npz,NARH05,2007/4/15 18:34,2007/4/15 18:34,4.6,train
train_006699,record_006699.npz,NARH05,2008/4/17 0:58,2008/4/17 0:58,4.1,train
train_006700,record_006700.npz,NARH05,1998/6/23 22:54,1998/6/23 22:54,4.2,train
train_006701,record_006701.npz,NARH05,1999/3/25 0:07,1999/3/25 0:07,4.3,train
train_006702,record_006702.npz,NARH05,1999/8/21 5:33,1999/8/21 5:33,5.4,train
train_006703,record_006703.npz,NARH06,2000/8/27 13:13,2000/8/27 13:13,4.1,train
train_006704,record_006704.npz,NARH06,2000/10/31 1:43,2000/10/31 1:43,5.5,train
train_006705,record_006705.npz,NARH06,2001/4/3 23:57,2001/4/3 23:57,5.1,train
train_006706,record_006706.npz,NARH06,2004/9/5 19:07,2004/9/5 19:07,6.9,train
train_006707,record_006707.npz,NARH06,2005/6/20 14:04,2005/6/20 14:05,4.6,train
train_006708,record_006708.npz,NARH06,2007/4/15 12:19,2007/4/15 12:19,5.4,train
train_006709,record_006709.npz,NARH06,2007/4/15 18:34,2007/4/15 18:34,4.6,train
train_006710,record_006710.npz,NARH06,2007/7/16 17:24,2007/7/16 17:24,4.7,train
train_006711,record_006711.npz,NARH06,2007/11/6 10:02,2007/11/6 10:02,4.1,train
train_006712,record_006712.npz,NARH06,2008/4/17 0:58,2008/4/17 0:58,4.1,train
train_006713,record_006713.npz,NARH06,2008/8/8 4:35,2008/8/8 4:35,4.2,train
train_006714,record_006714.npz,NARH06,2008/8/30 18:28,2008/8/30 18:28,4.2,train
train_006715,record_006715.npz,NARH06,2008/10/1 9:25,2008/10/1 9:25,4.4,train
train_006716,record_006716.npz,NARH06,2009/2/18 6:47,2009/2/18 6:47,5.2,train
train_006717,record_006717.npz,NARH06,2010/1/10 1:44,2010/1/10 1:45,4.3,train
train_006718,record_006718.npz,NARH06,2010/7/21 6:19,2010/7/21 6:19,5.1,train
train_006719,record_006719.npz,NARH06,2010/11/29 15:52,2010/11/29 15:52,4.1,train
train_006720,record_006720.npz,NARH06,2011/2/21 15:46,2011/2/21 15:46,4.8,train
train_006721,record_006721.npz,NARH07,2003/2/6 2:37,2003/2/6 2:37,4.5,train
train_006722,record_006722.npz,NARH07,2004/1/6 14:50,2004/1/6 14:51,5.4,train
train_006723,record_006723.npz,NARH07,2004/9/5 19:07,2004/9/5 19:07,6.9,train
train_006724,record_006724.npz,NARH07,2004/9/7 8:29,2004/9/7 8:30,6.4,train
train_006725,record_006725.npz,NARH07,2005/12/24 11:02,2005/12/24 11:02,4.8,train
train_006726,record_006726.npz,NARH07,2009/2/18 6:47,2009/2/18 6:47,5.2,train
train_006727,record_006727.npz,NARH07,2010/7/21 6:19,2010/7/21 6:19,5.1,train
train_006728,record_006728.npz,NARH07,2011/2/21 15:46,2011/2/21 15:46,4.8,train
train_006729,record_006729.npz,NGNH03,2009/2/18 6:47,2009/2/18 6:47,5.2,train
train_006730,record_006730.npz,NGNH03,2009/5/25 20:26,2009/5/25 20:26,4.7,train
train_006731,record_006731.npz,NGNH03,2009/8/11 5:07,2009/8/11 5:07,6.5,train
train_006732,record_006732.npz,NGNH03,2009/8/11 6:27,2009/8/11 6:27,4.4,train
train_006733,record_006733.npz,NGNH03,2009/8/11 18:09,2009/8/11 18:10,4.4,train
train_006734,record_006734.npz,NGNH03,2009/8/13 12:42,2009/8/13 12:43,4.3,train
train_006735,record_006735.npz,NGNH03,2009/8/13 18:11,2009/8/13 18:11,4.5,train
train_006736,record_006736.npz,NGNH03,2009/12/17 23:45,2009/12/17 23:46,5,train
train_006737,record_006737.npz,NGNH03,2010/1/10 1:44,2010/1/10 1:45,4.3,train
train_006738,record_006738.npz,NGNH03,2010/10/3 9:26,2010/10/3 9:27,4.7,train
train_006739,record_006739.npz,NGNH03,2011/2/27 2:19,2011/2/27 2:19,5,train
train_006740,record_006740.npz,NGNH03,2011/2/27 5:38,2011/2/27 5:38,5.5,train
train_006741,record_006741.npz,NGNH03,2011/3/12 3:59,2011/3/12 3:59,6.7,train
train_006742,record_006742.npz,NGNH03,2011/3/12 4:32,2011/3/12 4:32,5.9,train
train_006743,record_006743.npz,NGNH03,2011/3/12 4:44,2011/3/12 4:45,4.4,train
train_006744,record_006744.npz,NGNH03,2011/3/12 5:42,2011/3/12 5:43,5.3,train
train_006745,record_006745.npz,NGNH03,2011/3/15 22:31,2011/3/15 22:32,6.4,train
train_006746,record_006746.npz,NGNH08,2004/10/23 17:56,2004/10/23 17:56,6.8,train
train_006747,record_006747.npz,NGNH08,2004/10/23 18:34,2004/10/23 18:34,6.5,train
train_006748,record_006748.npz,NGNH08,2007/3/25 9:42,2007/3/25 9:42,6.9,train
train_006749,record_006749.npz,NGNH08,2007/7/16 10:13,2007/7/16 10:13,6.8,train
train_006750,record_006750.npz,NGNH08,2008/4/4 19:02,2008/4/4 19:02,5,train
train_006751,record_006751.npz,NGNH08,2008/4/20 1:00,2008/4/20 1:00,4.3,train
train_006752,record_006752.npz,NGNH08,2008/6/13 11:21,2008/6/13 11:21,4.7,train
train_006753,record_006753.npz,NGNH08,2008/7/15 22:23,2008/7/15 22:23,4.3,train
train_006754,record_006754.npz,NGNH08,2009/2/18 6:47,2009/2/18 6:47,5.2,train
train_006755,record_006755.npz,NGNH08,2009/5/12 19:40,2009/5/12 19:40,4.8,train
train_006756,record_006756.npz,NGNH11,2008/4/4 19:02,2008/4/4 19:02,5,train
train_006757,record_006757.npz,NGNH11,2008/5/9 7:43,2008/5/9 7:43,4.6,train
train_006758,record_006758.npz,NGNH11,2008/6/13 11:21,2008/6/13 11:21,4.7,train
train_006759,record_006759.npz,NGNH11,2008/7/15 22:23,2008/7/15 22:23,4.3,train
train_006760,record_006760.npz,NGNH11,2009/2/18 6:47,2009/2/18 6:47,5.2,train
train_006761,record_006761.npz,NGNH11,2009/5/12 19:40,2009/5/12 19:40,4.8,train
train_006762,record_006762.npz,NGNH11,2009/7/16 5:19,2009/7/16 5:19,4.2,train
train_006763,record_006763.npz,NGNH11,2009/8/11 5:07,2009/8/11 5:07,6.5,train
train_006764,record_006764.npz,NGNH11,2009/8/13 18:11,2009/8/13 18:11,4.5,train
train_006765,record_006765.npz,NGNH11,2009/12/18 5:41,2009/12/18 5:41,5.1,train
train_006766,record_006766.npz,NGNH11,2010/1/10 1:44,2010/1/10 1:45,4.3,train
train_006767,record_006767.npz,NGNH11,2010/4/30 19:33,2010/4/30 19:34,4.1,train
train_006768,record_006768.npz,NGNH11,2010/5/1 18:20,2010/5/1 18:21,4.9,train
train_006769,record_006769.npz,NGNH11,2010/9/27 2:55,2010/9/27 2:55,4.5,train
train_006770,record_006770.npz,NGNH11,2010/11/5 19:14,2010/11/5 19:14,4.6,train
train_006771,record_006771.npz,NGNH11,2010/12/6 3:20,2010/12/6 3:20,4.3,train
train_006772,record_006772.npz,NGNH11,2011/2/27 2:19,2011/2/27 2:19,5,train
train_006773,record_006773.npz,NGNH11,2011/2/27 5:38,2011/2/27 5:38,5.5,train
train_006774,record_006774.npz,NGNH11,2011/3/12 3:59,2011/3/12 3:59,6.7,train
train_006775,record_006775.npz,NGNH11,2011/3/12 4:32,2011/3/12 4:32,5.9,train
train_006776,record_006776.npz,NGNH11,2011/3/15 22:31,2011/3/15 22:32,6.4,train
train_006777,record_006777.npz,NGNH13,2000/6/5 9:54,2000/6/5 9:55,4.7,train
train_006778,record_006778.npz,NGNH13,2001/1/6 11:48,2001/1/6 11:48,4.6,train
train_006779,record_006779.npz,NGNH13,2007/12/21 14:23,2007/12/21 14:23,4.5,train
train_006780,record_006780.npz,NGNH13,2007/12/21 16:01,2007/12/21 16:01,4.2,train
train_006781,record_006781.npz,NGNH13,2008/1/27 10:33,2008/1/27 10:33,4.1,train
train_006782,record_006782.npz,NGNH13,2008/1/27 10:53,2008/1/27 10:53,4.2,train
train_006783,record_006783.npz,NGNH13,2008/4/4 19:02,2008/4/4 19:02,5,train
train_006784,record_006784.npz,NGNH13,2008/4/20 1:00,2008/4/20 1:00,4.3,train
train_006785,record_006785.npz,NGNH13,2008/6/13 11:21,2008/6/13 11:21,4.7,train
train_006786,record_006786.npz,NGNH13,2008/8/8 12:57,2008/8/8 12:57,4.6,train
train_006787,record_006787.npz,NGNH13,2009/2/18 6:47,2009/2/18 6:47,5.2,train
train_006788,record_006788.npz,NGNH13,2009/5/12 19:40,2009/5/12 19:41,4.8,train
train_006789,record_006789.npz,NGNH13,2009/5/25 20:26,2009/5/25 20:26,4.7,train
train_006790,record_006790.npz,NGNH13,2009/8/11 5:07,2009/8/11 5:07,6.5,train
train_006791,record_006791.npz,NGNH13,2009/8/11 6:27,2009/8/11 6:27,4.4,train
train_006792,record_006792.npz,NGNH13,2009/8/11 18:09,2009/8/11 18:10,4.4,train
train_006793,record_006793.npz,NGNH13,2009/8/13 12:42,2009/8/13 12:43,4.3,train
train_006794,record_006794.npz,NGNH13,2009/8/13 18:11,2009/8/13 18:11,4.5,train
train_006795,record_006795.npz,NGNH13,2010/1/10 1:44,2010/1/10 1:45,4.3,train
train_006796,record_006796.npz,NGNH13,2010/10/3 9:26,2010/10/3 9:27,4.7,train
train_006797,record_006797.npz,NGNH13,2010/11/5 19:14,2010/11/5 19:14,4.6,train
train_006798,record_006798.npz,NGNH13,2011/2/27 2:19,2011/2/27 2:19,5,train
train_006799,record_006799.npz,NGNH13,2011/2/27 5:38,2011/2/27 5:38,5.5,train
train_006800,record_006800.npz,NGNH13,2011/3/12 3:59,2011/3/12 3:59,6.7,train
train_006801,record_006801.npz,NGNH13,2011/3/12 4:32,2011/3/12 4:32,5.9,train
train_006802,record_006802.npz,NGNH13,2011/3/15 22:31,2011/3/15 22:32,6.4,train
train_006803,record_006803.npz,NGNH14,2000/6/5 9:54,2000/6/5 9:55,4.7,train
train_006804,record_006804.npz,NGNH14,2001/2/23 7:23,2001/2/23 7:24,4.9,train
train_006805,record_006805.npz,NGNH14,2001/4/3 23:57,2001/4/3 23:57,5.1,train
train_006806,record_006806.npz,NGNH14,2001/6/1 0:41,2001/6/1 0:41,4.8,train
train_006807,record_006807.npz,NGNH14,2001/6/3 11:33,2001/6/3 11:33,4.2,train
train_006808,record_006808.npz,NGNH14,2002/9/22 9:36,2002/9/22 9:36,4.2,train
train_006809,record_006809.npz,NGNH14,2007/8/31 10:51,2007/8/31 10:51,4.3,train
train_006810,record_006810.npz,NGNH14,2009/2/18 6:47,2009/2/18 6:47,5.2,train
train_006811,record_006811.npz,NGNH14,2009/5/25 20:26,2009/5/25 20:26,4.7,train
train_006812,record_006812.npz,NGNH14,2009/8/11 5:07,2009/8/11 5:07,6.5,train
train_006813,record_006813.npz,NGNH14,2009/8/11 6:27,2009/8/11 6:27,4.4,train
train_006814,record_006814.npz,NGNH14,2009/8/11 18:09,2009/8/11 18:10,4.4,train
train_006815,record_006815.npz,NGNH14,2009/8/13 12:42,2009/8/13 12:43,4.3,train
train_006816,record_006816.npz,NGNH14,2009/8/13 18:11,2009/8/13 18:11,4.5,train
train_006817,record_006817.npz,NGNH14,2010/1/10 1:44,2010/1/10 1:45,4.3,train
train_006818,record_006818.npz,NGNH14,2011/3/15 22:31,2011/3/15 22:32,6.4,train
train_006819,record_006819.npz,NGNH14,1999/11/7 3:34,1999/11/7 3:34,4.8,train
train_006820,record_006820.npz,NGNH14,1999/11/29 21:34,1999/11/29 21:34,4.7,train
train_006821,record_006821.npz,NGNH14,1999/12/21 10:01,1999/12/21 10:02,4.2,train
train_006822,record_006822.npz,NGNH15,2002/12/4 8:09,2002/12/4 8:09,4.2,train
train_006823,record_006823.npz,NGNH15,2007/7/16 10:13,2007/7/16 10:13,6.8,train
train_006824,record_006824.npz,NGNH15,2008/4/20 1:00,2008/4/20 1:00,4.3,train
train_006825,record_006825.npz,NGNH15,2008/7/15 22:23,2008/7/15 22:23,4.3,train
train_006826,record_006826.npz,NGNH15,2008/8/8 12:57,2008/8/8 12:57,4.6,train
train_006827,record_006827.npz,NGNH15,2008/10/1 9:25,2008/10/1 9:25,4.4,train
train_006828,record_006828.npz,NGNH15,2009/2/18 6:47,2009/2/18 6:47,5.2,train
train_006829,record_006829.npz,NGNH15,2009/8/11 5:07,2009/8/11 5:07,6.5,train
train_006830,record_006830.npz,NGNH16,2007/7/16 10:13,2007/7/16 10:13,6.8,train
train_006831,record_006831.npz,NGNH16,2008/4/4 19:02,2008/4/4 19:02,5,train
train_006832,record_006832.npz,NGNH16,2008/4/10 9:54,2008/4/10 9:54,4.1,train
train_006833,record_006833.npz,NGNH16,2008/4/20 1:00,2008/4/20 1:00,4.3,train
train_006834,record_006834.npz,NGNH16,2008/6/13 11:21,2008/6/13 11:21,4.7,train
train_006835,record_006835.npz,NGNH16,2008/7/15 22:23,2008/7/15 22:23,4.3,train
train_006836,record_006836.npz,NGNH16,2008/9/21 7:17,2008/9/21 7:17,4.8,train
train_006837,record_006837.npz,NGNH16,2008/10/8 15:07,2008/10/8 15:08,4.7,train
train_006838,record_006838.npz,NGNH16,2009/2/18 6:47,2009/2/18 6:47,5.2,train
train_006839,record_006839.npz,NGNH16,2009/5/12 19:40,2009/5/12 19:40,4.8,train
train_006840,record_006840.npz,NGNH16,2009/7/16 5:19,2009/7/16 5:19,4.2,train
train_006841,record_006841.npz,NGNH16,2009/8/11 5:07,2009/8/11 5:07,6.5,train
train_006842,record_006842.npz,NGNH16,2009/8/13 18:11,2009/8/13 18:11,4.5,train
train_006843,record_006843.npz,NGNH16,2009/8/21 8:51,2009/8/21 8:52,4.2,train
train_006844,record_006844.npz,NGNH16,2009/12/18 5:41,2009/12/18 5:41,5.1,train
train_006845,record_006845.npz,NGNH16,2010/1/10 1:44,2010/1/10 1:45,4.3,train
train_006846,record_006846.npz,NGNH16,2010/3/16 7:30,2010/3/16 7:31,4.5,train
train_006847,record_006847.npz,NGNH16,2010/9/27 2:55,2010/9/27 2:55,4.5,train
train_006848,record_006848.npz,NGNH16,2010/10/3 9:26,2010/10/3 9:27,4.7,train
train_006849,record_006849.npz,NGNH16,2010/11/5 19:14,2010/11/5 19:14,4.6,train
train_006850,record_006850.npz,NGNH16,2010/12/6 3:20,2010/12/6 3:20,4.3,train
train_006851,record_006851.npz,NGNH16,2011/2/27 2:19,2011/2/27 2:19,5,train
train_006852,record_006852.npz,NGNH16,2011/2/27 5:38,2011/2/27 5:38,5.5,train
train_006853,record_006853.npz,NGNH16,2011/3/11 15:08,2011/3/11 15:08,4.6,train
train_006854,record_006854.npz,NGNH16,2011/3/12 3:59,2011/3/12 3:59,6.7,train
train_006855,record_006855.npz,NGNH16,2011/3/12 4:32,2011/3/12 4:32,5.9,train
train_006856,record_006856.npz,NGNH17,2004/10/27 10:40,2004/10/27 10:41,6.1,train
train_006857,record_006857.npz,NGNH17,2007/7/16 10:13,2007/7/16 10:13,6.8,train
train_006858,record_006858.npz,NGNH17,2008/7/15 21:37,2008/7/15 21:37,4.1,train
train_006859,record_006859.npz,NGNH17,2008/7/15 22:23,2008/7/15 22:23,4.3,train
train_006860,record_006860.npz,NGNH17,2008/8/8 12:57,2008/8/8 12:57,4.6,train
train_006861,record_006861.npz,NGNH17,2008/8/22 19:59,2008/8/22 20:00,5.2,train
train_006862,record_006862.npz,NGNH17,2009/1/26 17:54,2009/1/26 17:55,4.4,train
train_006863,record_006863.npz,NGNH17,2009/5/25 20:26,2009/5/25 20:27,4.7,train
train_006864,record_006864.npz,NGNH17,2009/7/16 5:19,2009/7/16 5:19,4.2,train
train_006865,record_006865.npz,NGNH17,2009/8/11 5:07,2009/8/11 5:07,6.5,train
train_006866,record_006866.npz,NGNH17,2009/8/11 6:27,2009/8/11 6:27,4.4,train
train_006867,record_006867.npz,NGNH17,2009/8/11 18:09,2009/8/11 18:10,4.4,train
train_006868,record_006868.npz,NGNH17,2009/8/13 18:11,2009/8/13 18:11,4.5,train
train_006869,record_006869.npz,NGNH17,2009/12/18 5:41,2009/12/18 5:41,5.1,train
train_006870,record_006870.npz,NGNH17,2010/4/30 19:33,2010/4/30 19:33,4.1,train
train_006871,record_006871.npz,NGNH17,2010/5/1 18:20,2010/5/1 18:21,4.9,train
train_006872,record_006872.npz,NGNH17,2010/10/24 13:50,2010/10/24 13:50,4.4,train
train_006873,record_006873.npz,NGNH17,2010/11/5 19:14,2010/11/5 19:14,4.6,train
train_006874,record_006874.npz,NGNH17,2011/3/12 3:59,2011/3/12 3:59,6.7,train
train_006875,record_006875.npz,NGNH17,2011/3/12 4:32,2011/3/12 4:32,5.9,train
train_006876,record_006876.npz,NGNH17,2011/3/15 22:31,2011/3/15 22:32,6.4,train
train_006877,record_006877.npz,NGNH18,2003/10/5 0:29,2003/10/5 0:29,4.5,train
train_006878,record_006878.npz,NGNH18,2004/7/27 0:55,2004/7/27 0:55,4.5,train
train_006879,record_006879.npz,NGNH18,2004/10/23 17:56,2004/10/23 17:56,6.8,train
train_006880,record_006880.npz,NGNH18,2004/10/23 18:34,2004/10/23 18:34,6.5,train
train_006881,record_006881.npz,NGNH18,2005/1/9 18:59,2005/1/9 18:59,4.7,train
train_006882,record_006882.npz,NGNH18,2005/4/12 13:09,2005/4/12 13:10,4.1,train
train_006883,record_006883.npz,NGNH18,2007/3/25 9:42,2007/3/25 9:42,6.9,train
train_006884,record_006884.npz,NGNH18,2007/12/21 16:01,2007/12/21 16:01,4.2,train
train_006885,record_006885.npz,NGNH18,2008/1/26 4:33,2008/1/26 4:34,4.8,train
train_006886,record_006886.npz,NGNH18,2008/1/27 10:53,2008/1/27 10:54,4.2,train
train_006887,record_006887.npz,NGNH18,2008/4/20 1:00,2008/4/20 1:00,4.3,train
train_006888,record_006888.npz,NGNH18,2008/7/15 22:23,2008/7/15 22:23,4.3,train
train_006889,record_006889.npz,NGNH18,2008/10/1 9:25,2008/10/1 9:25,4.4,train
train_006890,record_006890.npz,NGNH18,2009/2/18 6:47,2009/2/18 6:47,5.2,train
train_006891,record_006891.npz,NGNH18,2009/5/12 19:40,2009/5/12 19:41,4.8,train
train_006892,record_006892.npz,NGNH18,2009/5/25 20:26,2009/5/25 20:26,4.7,train
train_006893,record_006893.npz,NGNH18,2009/8/11 5:07,2009/8/11 5:07,6.5,train
train_006894,record_006894.npz,NGNH18,2009/8/13 18:11,2009/8/13 18:11,4.5,train
train_006895,record_006895.npz,NGNH18,2010/1/10 1:44,2010/1/10 1:45,4.3,train
train_006896,record_006896.npz,NGNH18,2010/10/3 9:26,2010/10/3 9:27,4.7,train
train_006897,record_006897.npz,NGNH18,2011/3/12 3:59,2011/3/12 3:59,6.7,train
train_006898,record_006898.npz,NGNH18,2011/3/12 4:32,2011/3/12 4:32,5.9,train
train_006899,record_006899.npz,NGNH18,2011/3/15 22:31,2011/3/15 22:32,6.4,train
train_006900,record_006900.npz,NGNH19,2003/3/13 12:13,2003/3/13 12:13,4.8,train
train_006901,record_006901.npz,NGNH19,2003/7/11 14:24,2003/7/11 14:24,4.1,train
train_006902,record_006902.npz,NGNH19,2005/7/23 16:35,2005/7/23 16:35,6,train
train_006903,record_006903.npz,NGNH19,2005/7/31 14:53,2005/7/31 14:53,4.4,train
train_006904,record_006904.npz,NGNH19,2005/10/16 16:05,2005/10/16 16:06,5.1,train
train_006905,record_006905.npz,NGNH19,2006/2/1 20:36,2006/2/1 20:36,5.1,train
train_006906,record_006906.npz,NGNH19,2006/6/20 6:47,2006/6/20 6:47,4.6,train
train_006907,record_006907.npz,NGNH19,2006/8/31 17:18,2006/8/31 17:18,4.8,train
train_006908,record_006908.npz,NGNH19,2006/10/18 7:53,2006/10/18 7:54,4.2,train
train_006909,record_006909.npz,NGNH19,2007/7/12 5:29,2007/7/12 5:29,4.2,train
train_006910,record_006910.npz,NGNH19,2007/7/16 10:13,2007/7/16 10:13,6.8,train
train_006911,record_006911.npz,NGNH19,2007/7/16 15:37,2007/7/16 15:38,5.8,train
train_006912,record_006912.npz,NGNH19,2007/7/24 11:38,2007/7/24 11:38,4.4,train
train_006913,record_006913.npz,NGNH19,2007/10/1 2:21,2007/10/1 2:21,4.9,train
train_006914,record_006914.npz,NGNH19,2007/10/6 3:46,2007/10/6 3:46,4.2,train
train_006915,record_006915.npz,NGNH19,2008/4/4 19:02,2008/4/4 19:02,5,train
train_006916,record_006916.npz,NGNH19,2008/6/13 11:21,2008/6/13 11:21,4.7,train
train_006917,record_006917.npz,NGNH19,2008/7/15 21:37,2008/7/15 21:37,4.1,train
train_006918,record_006918.npz,NGNH19,2008/7/15 22:23,2008/7/15 22:23,4.3,train
train_006919,record_006919.npz,NGNH19,2008/8/8 12:57,2008/8/8 12:57,4.6,train
train_006920,record_006920.npz,NGNH19,2008/8/22 19:59,2008/8/22 20:00,5.2,train
train_006921,record_006921.npz,NGNH19,2008/9/21 7:17,2008/9/21 7:17,4.8,train
train_006922,record_006922.npz,NGNH20,2009/2/18 6:47,2009/2/18 6:47,5.2,train
train_006923,record_006923.npz,NGNH20,2009/8/11 5:07,2009/8/11 5:07,6.5,train
train_006924,record_006924.npz,NGNH20,2011/2/27 2:19,2011/2/27 2:19,5,train
train_006925,record_006925.npz,NGNH20,2011/2/27 5:38,2011/2/27 5:38,5.5,train
train_006926,record_006926.npz,NGNH20,2011/3/15 22:31,2011/3/15 22:32,6.4,train
train_006927,record_006927.npz,NGNH23,2003/10/5 0:29,2003/10/5 0:29,4.5,train
train_006928,record_006928.npz,NGNH23,2005/12/24 11:02,2005/12/24 11:02,4.8,train
train_006929,record_006929.npz,NGNH23,2006/12/19 18:33,2006/12/19 18:33,4.4,train
train_006930,record_006930.npz,NGNH23,2007/3/25 9:42,2007/3/25 9:42,6.9,train
train_006931,record_006931.npz,NGNH23,2007/12/21 16:01,2007/12/21 16:01,4.2,train
train_006932,record_006932.npz,NGNH23,2008/1/27 10:33,2008/1/27 10:33,4.1,train
train_006933,record_006933.npz,NGNH23,2008/1/27 10:53,2008/1/27 10:54,4.2,train
train_006934,record_006934.npz,NGNH23,2008/4/20 1:00,2008/4/20 1:00,4.3,train
train_006935,record_006935.npz,NGNH23,2008/6/13 11:21,2008/6/13 11:21,4.7,train
train_006936,record_006936.npz,NGNH23,2008/8/30 18:28,2008/8/30 18:28,4.2,train
train_006937,record_006937.npz,NGNH23,2008/10/1 9:25,2008/10/1 9:25,4.4,train
train_006938,record_006938.npz,NGNH23,2009/2/18 6:47,2009/2/18 6:47,5.2,train
train_006939,record_006939.npz,NGNH23,2009/5/25 20:26,2009/5/25 20:26,4.7,train
train_006940,record_006940.npz,NGNH23,2009/8/11 5:07,2009/8/11 5:07,6.5,train
train_006941,record_006941.npz,NGNH23,2009/8/11 6:27,2009/8/11 6:27,4.4,train
train_006942,record_006942.npz,NGNH23,2009/8/13 12:42,2009/8/13 12:43,4.3,train
train_006943,record_006943.npz,NGNH23,2009/8/13 18:11,2009/8/13 18:11,4.5,train
train_006944,record_006944.npz,NGNH23,2009/12/18 2:30,2009/12/18 2:30,4.2,train
train_006945,record_006945.npz,NGNH23,2009/12/18 8:45,2009/12/18 8:46,5.1,train
train_006946,record_006946.npz,NGNH23,2010/1/10 1:44,2010/1/10 1:45,4.3,train
train_006947,record_006947.npz,NGNH23,2010/1/21 2:59,2010/1/21 3:00,4.4,train
train_006948,record_006948.npz,NGNH23,2010/10/3 9:26,2010/10/3 9:27,4.7,train
train_006949,record_006949.npz,NGNH23,2011/2/27 2:19,2011/2/27 2:19,5,train
train_006950,record_006950.npz,NGNH23,2011/2/27 5:38,2011/2/27 5:38,5.5,train
train_006951,record_006951.npz,NGNH23,2011/3/12 3:59,2011/3/12 3:59,6.7,train
train_006952,record_006952.npz,NGNH23,2011/3/12 4:32,2011/3/12 4:32,5.9,train
train_006953,record_006953.npz,NGNH25,2003/3/4 23:43,2003/3/4 23:43,4.1,train
train_006954,record_006954.npz,NGNH25,2008/1/27 10:33,2008/1/27 10:33,4.1,train
train_006955,record_006955.npz,NGNH25,2008/1/27 10:53,2008/1/27 10:53,4.2,train
train_006956,record_006956.npz,NGNH25,2008/4/20 1:00,2008/4/20 1:00,4.3,train
train_006957,record_006957.npz,NGNH25,2008/6/13 11:21,2008/6/13 11:21,4.7,train
train_006958,record_006958.npz,NGNH25,2008/7/15 22:23,2008/7/15 22:23,4.3,train
train_006959,record_006959.npz,NGNH25,2008/10/1 9:25,2008/10/1 9:25,4.4,train
train_006960,record_006960.npz,NGNH25,2009/2/18 6:47,2009/2/18 6:47,5.2,train
train_006961,record_006961.npz,NGNH25,2009/5/25 20:26,2009/5/25 20:26,4.7,train
train_006962,record_006962.npz,NGNH25,2009/8/11 5:07,2009/8/11 5:07,6.5,train
train_006963,record_006963.npz,NGNH25,2009/8/11 6:27,2009/8/11 6:27,4.4,train
train_006964,record_006964.npz,NGNH25,2009/8/11 18:09,2009/8/11 18:09,4.4,train
train_006965,record_006965.npz,NGNH25,2009/8/13 12:42,2009/8/13 12:43,4.3,train
train_006966,record_006966.npz,NGNH25,2009/8/13 18:11,2009/8/13 18:11,4.5,train
train_006967,record_006967.npz,NGNH25,2010/1/10 1:44,2010/1/10 1:45,4.3,train
train_006968,record_006968.npz,NGNH25,2010/1/21 2:59,2010/1/21 2:59,4.4,train
train_006969,record_006969.npz,NGNH25,2011/2/27 2:19,2011/2/27 2:19,5,train
train_006970,record_006970.npz,NGNH25,2011/2/27 5:38,2011/2/27 5:38,5.5,train
train_006971,record_006971.npz,NGNH25,2011/3/12 3:59,2011/3/12 3:59,6.7,train
train_006972,record_006972.npz,NGNH25,2011/3/12 4:32,2011/3/12 4:32,5.9,train
train_006973,record_006973.npz,NGNH25,2011/3/15 22:31,2011/3/15 22:31,6.4,train
train_006974,record_006974.npz,NGNH27,2004/10/23 17:56,2004/10/23 17:56,6.8,train
train_006975,record_006975.npz,NGNH27,2004/10/23 18:03,2004/10/23 18:03,6.3,train
train_006976,record_006976.npz,NGNH27,2004/10/23 18:34,2004/10/23 18:34,6.5,train
train_006977,record_006977.npz,NGNH27,2004/10/25 6:05,2004/10/25 6:05,5.8,train
train_006978,record_006978.npz,NGNH27,2007/3/25 9:42,2007/3/25 9:42,6.9,train
train_006979,record_006979.npz,NGNH27,2007/7/16 10:13,2007/7/16 10:13,6.8,train
train_006980,record_006980.npz,NGNH27,2007/7/16 15:37,2007/7/16 15:38,5.8,train
train_006981,record_006981.npz,NGNH27,2008/4/4 19:02,2008/4/4 19:02,5,train
train_006982,record_006982.npz,NGNH27,2008/6/13 11:21,2008/6/13 11:21,4.7,train
train_006983,record_006983.npz,NGNH27,2008/8/8 12:57,2008/8/8 12:58,4.6,train
train_006984,record_006984.npz,NGNH27,2009/5/12 19:40,2009/5/12 19:40,4.8,train
train_006985,record_006985.npz,NGNH27,2009/8/13 18:11,2009/8/13 18:12,4.5,train
train_006986,record_006986.npz,NGNH27,2010/5/1 18:20,2010/5/1 18:21,4.9,train
train_006987,record_006987.npz,NGNH27,2010/9/29 17:00,2010/9/29 17:00,5.7,train
train_006988,record_006988.npz,NGNH27,2010/10/3 6:37,2010/10/3 6:38,4.5,train
train_006989,record_006989.npz,NGNH27,2010/10/3 6:52,2010/10/3 6:52,4.6,train
train_006990,record_006990.npz,NGNH27,2010/10/3 9:26,2010/10/3 9:27,4.7,train
train_006991,record_006991.npz,NGNH27,2011/2/27 2:19,2011/2/27 2:19,5,train
train_006992,record_006992.npz,NGNH27,2011/2/27 5:38,2011/2/27 5:38,5.5,train
train_006993,record_006993.npz,NGNH27,2011/3/12 3:59,2011/3/12 3:59,6.7,train
train_006994,record_006994.npz,NGNH27,2011/3/12 4:32,2011/3/12 4:32,5.9,train
train_006995,record_006995.npz,NGNH27,2011/3/12 4:44,2011/3/12 4:44,4.4,train
train_006996,record_006996.npz,NGNH27,2011/3/12 5:42,2011/3/12 5:42,5.3,train
train_006997,record_006997.npz,NGNH27,2011/3/15 22:31,2011/3/15 22:32,6.4,train
train_006998,record_006998.npz,NGNH29,2004/10/23 17:56,2004/10/23 17:56,6.8,train
train_006999,record_006999.npz,NGNH29,2004/10/23 18:03,2004/10/23 18:01,6.3,train
train_007000,record_007000.npz,NGNH29,2004/10/23 18:07,2004/10/23 18:07,5.7,train
train_007001,record_007001.npz,NGNH29,2004/10/23 18:12,2004/10/23 18:12,6,train
train_007002,record_007002.npz,NGNH29,2004/10/23 18:34,2004/10/23 18:34,6.5,train
train_007003,record_007003.npz,NGNH29,2004/10/23 18:57,2004/10/23 18:56,5.3,train
train_007004,record_007004.npz,NGNH29,2004/10/23 19:46,2004/10/23 19:46,5.7,train
train_007005,record_007005.npz,NGNH29,2004/10/23 23:34,2004/10/23 23:34,5.3,train
train_007006,record_007006.npz,NGNH29,2004/10/24 9:28,2004/10/24 9:28,4.8,train
train_007007,record_007007.npz,NGNH29,2004/10/25 0:28,2004/10/25 0:28,5.3,train
train_007008,record_007008.npz,NGNH29,2004/10/25 6:05,2004/10/25 6:05,5.8,train
train_007009,record_007009.npz,NGNH29,2004/10/27 10:26,2004/10/27 10:26,4.3,train
train_007010,record_007010.npz,NGNH29,2004/10/27 10:40,2004/10/27 10:41,6.1,train
train_007011,record_007011.npz,NGNH29,2004/11/4 8:57,2004/11/4 8:57,5.2,train
train_007012,record_007012.npz,NGNH29,2004/11/8 11:16,2004/11/8 11:16,5.9,train
train_007013,record_007013.npz,NGNH29,2004/12/25 10:23,2004/12/25 10:23,4.4,train
train_007014,record_007014.npz,NGNH29,2005/8/21 11:29,2005/8/21 11:29,5,train
train_007015,record_007015.npz,NGNH29,2007/3/25 9:42,2007/3/25 9:42,6.9,train
train_007016,record_007016.npz,NGNH29,2007/7/16 10:13,2007/7/16 10:13,6.8,train
train_007017,record_007017.npz,NGNH29,2007/7/16 15:37,2007/7/16 15:37,5.8,train
train_007018,record_007018.npz,NGNH29,2007/7/25 6:52,2007/7/25 6:52,4.8,train
train_007019,record_007019.npz,NGNH29,2007/12/22 19:39,2007/12/22 19:39,4.4,train
train_007020,record_007020.npz,NGNH29,2008/3/12 18:00,2008/3/12 18:00,4.1,train
train_007021,record_007021.npz,NGNH29,2008/6/13 11:21,2008/6/13 11:22,4.7,train
train_007022,record_007022.npz,NGNH29,2009/8/2 0:57,2009/8/2 0:57,4.9,train
train_007023,record_007023.npz,NGNH29,2009/8/2 2:54,2009/8/2 2:55,4.8,train
train_007024,record_007024.npz,NGNH29,2009/10/12 18:42,2009/10/12 18:42,4.9,train
train_007025,record_007025.npz,NGNH29,2009/11/21 15:39,2009/11/21 15:40,4.5,train
train_007026,record_007026.npz,NGNH30,2003/10/5 0:29,2003/10/5 0:29,4.5,train
train_007027,record_007027.npz,NGNH30,2007/7/16 10:13,2007/7/16 10:13,6.8,train
train_007028,record_007028.npz,NGNH30,2008/1/27 10:53,2008/1/27 10:54,4.2,train
train_007029,record_007029.npz,NGNH30,2008/4/20 1:00,2008/4/20 1:00,4.3,train
train_007030,record_007030.npz,NGNH30,2009/2/18 6:47,2009/2/18 6:47,5.2,train
train_007031,record_007031.npz,NGNH30,2009/5/12 19:40,2009/5/12 19:40,4.8,train
train_007032,record_007032.npz,NGNH30,2009/5/25 20:26,2009/5/25 20:27,4.7,train
train_007033,record_007033.npz,NGNH30,2009/8/11 5:07,2009/8/11 5:07,6.5,train
train_007034,record_007034.npz,NGNH30,2009/8/13 18:11,2009/8/13 18:11,4.5,train
train_007035,record_007035.npz,NGNH30,2010/1/10 1:44,2010/1/10 1:45,4.3,train
train_007036,record_007036.npz,NGNH30,2011/3/12 3:59,2011/3/12 3:59,6.7,train
train_007037,record_007037.npz,NGNH30,2011/3/12 4:32,2011/3/12 4:32,5.9,train
train_007038,record_007038.npz,NGNH30,2011/3/15 22:31,2011/3/15 22:32,6.4,train
train_007039,record_007039.npz,NGNH31,2003/5/18 3:23,2003/5/18 3:23,4.5,train
train_007040,record_007040.npz,NGNH31,2004/10/23 17:56,2004/10/23 17:56,6.8,train
train_007041,record_007041.npz,NGNH31,2004/10/23 18:34,2004/10/23 18:34,6.5,train
train_007042,record_007042.npz,NGNH31,2007/3/25 9:42,2007/3/25 9:42,6.9,train
train_007043,record_007043.npz,NGNH31,2007/7/16 10:13,2007/7/16 10:13,6.8,train
train_007044,record_007044.npz,NGNH31,2008/6/13 11:21,2008/6/13 11:21,4.7,train
train_007045,record_007045.npz,NGNH31,2008/10/1 9:25,2008/10/1 9:25,4.4,train
train_007046,record_007046.npz,NGNH31,2009/2/18 6:47,2009/2/18 6:47,5.2,train
train_007047,record_007047.npz,NGNH31,2009/5/12 19:40,2009/5/12 19:40,4.8,train
train_007048,record_007048.npz,NGNH31,2009/8/11 5:07,2009/8/11 5:07,6.5,train
train_007049,record_007049.npz,NGNH31,2009/12/18 5:41,2009/12/18 5:41,5.1,train
train_007050,record_007050.npz,NGNH31,2010/4/30 19:33,2010/4/30 19:34,4.1,train
train_007051,record_007051.npz,NGNH31,2010/10/3 6:52,2010/10/3 6:53,4.6,train
train_007052,record_007052.npz,NGNH31,2010/10/3 9:26,2010/10/3 9:27,4.7,train
train_007053,record_007053.npz,NGNH31,2011/2/27 2:19,2011/2/27 2:19,5,train
train_007054,record_007054.npz,NGNH31,2011/2/27 5:38,2011/2/27 5:38,5.5,train
train_007055,record_007055.npz,NGNH31,2011/3/12 3:59,2011/3/12 3:59,6.7,train
train_007056,record_007056.npz,NGNH31,2011/3/12 4:32,2011/3/12 4:32,5.9,train
train_007057,record_007057.npz,NGNH31,2011/3/12 4:44,2011/3/12 4:45,4.4,train
train_007058,record_007058.npz,NGNH31,2011/3/15 22:31,2011/3/15 22:32,6.4,train
train_007059,record_007059.npz,NGNH32,2003/5/18 3:23,2003/5/18 3:23,4.5,train
train_007060,record_007060.npz,NGNH32,2004/10/23 18:34,2004/10/23 18:34,6.5,train
train_007061,record_007061.npz,NGNH32,2007/3/25 9:42,2007/3/25 9:42,6.9,train
train_007062,record_007062.npz,NGNH32,2007/7/16 10:13,2007/7/16 10:13,6.8,train
train_007063,record_007063.npz,NGNH32,2008/1/26 4:33,2008/1/26 4:34,4.8,train
train_007064,record_007064.npz,NGNH32,2008/4/4 19:02,2008/4/4 19:02,5,train
train_007065,record_007065.npz,NGNH32,2008/6/13 11:21,2008/6/13 11:21,4.7,train
train_007066,record_007066.npz,NGNH32,2009/8/11 5:07,2009/8/11 5:07,6.5,train
train_007067,record_007067.npz,NGNH32,2011/3/12 3:59,2011/3/12 3:59,6.7,train
train_007068,record_007068.npz,NGNH32,2011/3/12 4:32,2011/3/12 4:32,5.9,train
train_007069,record_007069.npz,NGNH32,2011/3/15 22:31,2011/3/15 22:32,6.4,train
train_007070,record_007070.npz,NGNH33,2004/10/23 17:56,2004/10/23 17:56,6.8,train
train_007071,record_007071.npz,NGNH33,2004/10/23 18:34,2004/10/23 18:34,6.5,train
train_007072,record_007072.npz,NGNH33,2007/3/25 9:42,2007/3/25 9:42,6.9,train
train_007073,record_007073.npz,NGNH33,2007/7/16 10:13,2007/7/16 10:13,6.8,train
train_007074,record_007074.npz,NGNH33,2008/4/4 19:02,2008/4/4 19:02,5,train
train_007075,record_007075.npz,NGNH33,2008/6/13 11:21,2008/6/13 11:21,4.7,train
train_007076,record_007076.npz,NGNH33,2009/2/18 6:47,2009/2/18 6:47,5.2,train
train_007077,record_007077.npz,NGNH33,2009/5/12 19:40,2009/5/12 19:40,4.8,train
train_007078,record_007078.npz,NGNH33,2009/8/11 5:07,2009/8/11 5:07,6.5,train
train_007079,record_007079.npz,NGNH33,2009/8/13 18:11,2009/8/13 18:11,4.5,train
train_007080,record_007080.npz,NGNH33,2010/10/3 6:37,2010/10/3 6:38,4.5,train
train_007081,record_007081.npz,NGNH33,2010/10/3 6:52,2010/10/3 6:52,4.6,train
train_007082,record_007082.npz,NGNH33,2010/10/3 9:26,2010/10/3 9:27,4.7,train
train_007083,record_007083.npz,NGNH33,2011/2/27 2:19,2011/2/27 2:19,5,train
train_007084,record_007084.npz,NGNH33,2011/2/27 5:38,2011/2/27 5:38,5.5,train
train_007085,record_007085.npz,NGNH33,2011/3/12 3:59,2011/3/12 3:59,6.7,train
train_007086,record_007086.npz,NGNH33,2011/3/12 4:32,2011/3/12 4:32,5.9,train
train_007087,record_007087.npz,NGNH33,2011/3/12 4:44,2011/3/12 4:44,4.4,train
train_007088,record_007088.npz,NGNH33,2011/3/12 5:42,2011/3/12 5:42,5.3,train
train_007089,record_007089.npz,NGNH33,2011/3/15 22:31,2011/3/15 22:32,6.4,train
train_007090,record_007090.npz,NGNH37,2004/10/6 23:40,2004/10/6 23:41,5.7,train
train_007091,record_007091.npz,NGNH37,2004/10/23 17:56,2004/10/23 17:56,6.8,train
train_007092,record_007092.npz,NGNH37,2004/10/23 18:03,2004/10/23 18:03,6.3,train
train_007093,record_007093.npz,NGNH37,2004/10/23 18:12,2004/10/23 18:12,6,train
train_007094,record_007094.npz,NGNH37,2004/10/23 18:34,2004/10/23 18:34,6.5,train
train_007095,record_007095.npz,NGNH37,2004/10/23 19:46,2004/10/23 19:46,5.7,train
train_007096,record_007096.npz,NGNH37,2004/10/25 6:05,2004/10/25 6:05,5.8,train
train_007097,record_007097.npz,NGNH37,2004/10/27 10:40,2004/10/27 10:41,6.1,train
train_007098,record_007098.npz,NGNH37,2004/11/8 11:16,2004/11/8 11:16,5.9,train
train_007099,record_007099.npz,NGNH37,2007/7/16 10:13,2007/7/16 10:13,6.8,train
train_007100,record_007100.npz,NGNH37,2008/4/4 19:02,2008/4/4 19:02,5,train
train_007101,record_007101.npz,NGNH37,2008/6/13 11:21,2008/6/13 11:21,4.7,train
train_007102,record_007102.npz,NGNH37,2008/7/15 22:23,2008/7/15 22:23,4.3,train
train_007103,record_007103.npz,NGNH37,2009/8/11 5:07,2009/8/11 5:07,6.5,train
train_007104,record_007104.npz,NGNH54,2009/5/12 19:40,2009/5/12 19:41,4.8,train
train_007105,record_007105.npz,NGNH54,2009/5/25 20:26,2009/5/25 20:26,4.7,train
train_007106,record_007106.npz,NGNH54,2009/8/11 5:07,2009/8/11 5:07,6.5,train
train_007107,record_007107.npz,NGNH54,2009/8/11 6:27,2009/8/11 6:27,4.4,train
train_007108,record_007108.npz,NGNH54,2009/8/11 18:09,2009/8/11 18:10,4.4,train
train_007109,record_007109.npz,NGNH54,2009/8/13 12:42,2009/8/13 12:43,4.3,train
train_007110,record_007110.npz,NGNH54,2009/8/13 18:11,2009/8/13 18:11,4.5,train
train_007111,record_007111.npz,NGNH54,2009/12/18 5:41,2009/12/18 5:42,5.1,train
train_007112,record_007112.npz,NGNH54,2010/1/10 1:44,2010/1/10 1:45,4.3,train
train_007113,record_007113.npz,NGNH54,2010/10/3 9:26,2010/10/3 9:27,4.7,train
train_007114,record_007114.npz,NGNH54,2011/2/27 2:19,2011/2/27 2:19,5,train
train_007115,record_007115.npz,NGNH54,2011/2/27 5:38,2011/2/27 5:38,5.5,train
train_007116,record_007116.npz,NGNH54,2011/3/12 3:59,2011/3/12 3:59,6.7,train
train_007117,record_007117.npz,NGNH54,2011/3/15 22:31,2011/3/15 22:31,6.4,train
train_007118,record_007118.npz,NGSH01,2005/4/20 6:11,2005/4/20 6:11,5.8,train
train_007119,record_007119.npz,NGSH01,2009/3/19 19:40,2009/3/19 19:40,4.3,train
train_007120,record_007120.npz,NGSH01,2010/6/5 19:37,2010/6/5 19:38,4.1,train
train_007121,record_007121.npz,NGSH03,2005/4/20 6:11,2005/4/20 6:11,5.8,train
train_007122,record_007122.npz,NGSH03,1999/11/10 3:19,1999/11/10 3:19,4.1,train
train_007123,record_007123.npz,NGSH04,2003/4/12 13:28,2003/4/12 13:29,4.8,train
train_007124,record_007124.npz,NGSH05,2005/4/20 6:11,2005/4/20 6:11,5.8,train
train_007125,record_007125.npz,NGSH05,2007/9/24 17:12,2007/9/24 17:12,4.1,train
train_007126,record_007126.npz,NGSH05,2009/6/25 23:04,2009/6/25 23:04,4.7,train
train_007127,record_007127.npz,NGSH05,2009/8/3 20:18,2009/8/3 20:18,4.7,train
train_007128,record_007128.npz,NIGH02,2003/7/26 7:13,2003/7/26 7:13,6.2,train
train_007129,record_007129.npz,NIGH02,2004/10/23 17:56,2004/10/23 17:56,6.8,train
train_007130,record_007130.npz,NIGH02,2004/10/23 18:03,2004/10/23 18:01,6.3,train
train_007131,record_007131.npz,NIGH02,2004/10/23 18:07,2004/10/23 18:06,5.7,train
train_007132,record_007132.npz,NIGH02,2004/10/23 18:12,2004/10/23 18:12,6,train
train_007133,record_007133.npz,NIGH02,2004/10/23 18:34,2004/10/23 18:34,6.5,train
train_007134,record_007134.npz,NIGH02,2004/10/23 19:46,2004/10/23 19:46,5.7,train
train_007135,record_007135.npz,NIGH02,2004/10/25 6:05,2004/10/25 6:05,5.8,train
train_007136,record_007136.npz,NIGH02,2004/10/27 10:40,2004/10/27 10:41,6.1,train
train_007137,record_007137.npz,NIGH02,2004/11/8 11:16,2004/11/8 11:16,5.9,train
train_007138,record_007138.npz,NIGH02,2006/2/13 17:23,2006/2/13 17:23,4.8,train
train_007139,record_007139.npz,NIGH02,2007/7/16 10:13,2007/7/16 10:13,6.8,train
train_007140,record_007140.npz,NIGH02,2007/7/16 15:37,2007/7/16 15:38,5.8,train
train_007141,record_007141.npz,NIGH02,2008/6/14 8:43,2008/6/14 8:43,7.2,train
train_007142,record_007142.npz,NIGH02,2009/8/2 0:57,2009/8/2 0:57,4.9,train
train_007143,record_007143.npz,NIGH02,2009/8/2 2:54,2009/8/2 2:54,4.8,train
train_007144,record_007144.npz,NIGH02,2011/1/3 13:45,2011/1/3 13:45,4.7,train
train_007145,record_007145.npz,NIGH02,2011/3/11 17:41,2011/3/11 17:39,6.1,train
train_007146,record_007146.npz,NIGH02,2011/3/12 3:59,2011/3/12 3:59,6.7,train
train_007147,record_007147.npz,NIGH03,2003/7/26 0:13,2003/7/26 0:13,5.5,train
train_007148,record_007148.npz,NIGH03,2003/7/26 7:13,2003/7/26 7:14,6.2,train
train_007149,record_007149.npz,NIGH03,2004/10/23 17:56,2004/10/23 17:56,6.8,train
train_007150,record_007150.npz,NIGH03,2004/10/23 18:03,2004/10/23 18:01,6.3,train
train_007151,record_007151.npz,NIGH03,2004/10/23 18:12,2004/10/23 18:10,6,train
train_007152,record_007152.npz,NIGH03,2004/10/23 18:34,2004/10/23 18:34,6.5,train
train_007153,record_007153.npz,NIGH03,2004/10/25 6:05,2004/10/25 6:05,5.8,train
train_007154,record_007154.npz,NIGH03,2004/10/27 10:40,2004/10/27 10:41,6.1,train
train_007155,record_007155.npz,NIGH03,2007/7/16 10:13,2007/7/16 10:13,6.8,train
train_007156,record_007156.npz,NIGH04,2001/1/4 13:18,2001/1/4 13:18,5.1,train
train_007157,record_007157.npz,NIGH04,2001/12/23 1:41,2001/12/23 1:41,4.5,train
train_007158,record_007158.npz,NIGH04,2002/3/28 7:50,2002/3/28 7:51,4.1,train
train_007159,record_007159.npz,NIGH04,2003/7/26 7:13,2003/7/26 7:13,6.2,train
train_007160,record_007160.npz,NIGH04,2004/10/23 17:56,2004/10/23 17:56,6.8,train
train_007161,record_007161.npz,NIGH04,2004/10/23 18:03,2004/10/23 18:03,6.3,train
train_007162,record_007162.npz,NIGH04,2004/10/23 18:12,2004/10/23 18:10,6,train
train_007163,record_007163.npz,NIGH04,2004/10/23 18:34,2004/10/23 18:34,6.5,train
train_007164,record_007164.npz,NIGH04,2004/10/25 6:05,2004/10/25 6:05,5.8,train
train_007165,record_007165.npz,NIGH04,2004/10/27 10:40,2004/10/27 10:41,6.1,train
train_007166,record_007166.npz,NIGH04,2004/11/4 8:57,2004/11/4 8:57,5.2,train
train_007167,record_007167.npz,NIGH04,2004/11/8 11:16,2004/11/8 11:16,5.9,train
train_007168,record_007168.npz,NIGH04,2004/11/8 11:32,2004/11/8 11:32,5.1,train
train_007169,record_007169.npz,NIGH04,2004/11/10 3:43,2004/11/10 3:43,5.3,train
train_007170,record_007170.npz,NIGH04,2004/12/23 21:03,2004/12/23 21:04,4.5,train
train_007171,record_007171.npz,NIGH04,2004/12/28 18:30,2004/12/28 18:30,5,train
train_007172,record_007172.npz,NIGH04,2006/2/13 17:23,2006/2/13 17:23,4.8,train
train_007173,record_007173.npz,NIGH04,2007/7/16 10:13,2007/7/16 10:13,6.8,train
train_007174,record_007174.npz,NIGH04,2007/7/16 10:34,2007/7/16 10:35,4.3,train
train_007175,record_007175.npz,NIGH04,2007/7/16 15:37,2007/7/16 15:38,5.8,train
train_007176,record_007176.npz,NIGH04,2007/7/16 21:08,2007/7/16 21:08,4.4,train
train_007177,record_007177.npz,NIGH04,2007/7/18 16:53,2007/7/18 16:53,4.3,train
train_007178,record_007178.npz,NIGH04,2007/7/25 6:52,2007/7/25 6:52,4.8,train
train_007179,record_007179.npz,NIGH04,2008/3/12 18:00,2008/3/12 18:00,4.1,train
train_007180,record_007180.npz,NIGH04,2008/6/4 22:12,2008/6/4 22:12,4.4,train
train_007181,record_007181.npz,NIGH04,2008/6/14 8:43,2008/6/14 8:44,7.2,train
train_007182,record_007182.npz,NIGH04,2008/6/14 8:49,2008/6/14 8:49,4.5,train
train_007183,record_007183.npz,NIGH05,2003/7/26 7:13,2003/7/26 7:14,6.2,train
train_007184,record_007184.npz,NIGH05,2004/10/23 17:56,2004/10/23 17:56,6.8,train
train_007185,record_007185.npz,NIGH05,2004/10/23 18:03,2004/10/23 18:01,6.3,train
train_007186,record_007186.npz,NIGH05,2004/10/23 18:07,2004/10/23 18:06,5.7,train
train_007187,record_007187.npz,NIGH05,2004/10/23 18:12,2004/10/23 18:12,6,train
train_007188,record_007188.npz,NIGH05,2004/10/23 18:34,2004/10/23 18:34,6.5,train
train_007189,record_007189.npz,NIGH05,2004/10/23 18:54,2004/10/23 18:52,4.7,train
train_007190,record_007190.npz,NIGH05,2004/10/23 18:57,2004/10/23 18:57,5.3,train
train_007191,record_007191.npz,NIGH05,2004/10/23 19:46,2004/10/23 19:46,5.7,train
train_007192,record_007192.npz,NIGH05,2004/10/23 23:34,2004/10/23 23:35,5.3,train
train_007193,record_007193.npz,NIGH05,2004/10/25 6:05,2004/10/25 6:05,5.8,train
train_007194,record_007194.npz,NIGH05,2004/10/27 10:40,2004/10/27 10:41,6.1,train
train_007195,record_007195.npz,NIGH05,2004/11/4 8:57,2004/11/4 8:57,5.2,train
train_007196,record_007196.npz,NIGH05,2004/11/6 2:53,2004/11/6 2:53,5.1,train
train_007197,record_007197.npz,NIGH05,2004/11/8 11:16,2004/11/8 11:16,5.9,train
train_007198,record_007198.npz,NIGH05,2004/11/8 11:32,2004/11/8 11:32,5.1,train
train_007199,record_007199.npz,NIGH05,2004/11/10 3:43,2004/11/10 3:43,5.3,train
train_007200,record_007200.npz,NIGH05,2007/7/16 10:13,2007/7/16 10:13,6.8,train
train_007201,record_007201.npz,NIGH05,2007/7/16 15:37,2007/7/16 15:37,5.8,train
train_007202,record_007202.npz,NIGH05,2008/6/14 8:43,2008/6/14 8:44,7.2,train
train_007203,record_007203.npz,NIGH05,2009/8/2 0:57,2009/8/2 0:57,4.9,train
train_007204,record_007204.npz,NIGH05,2009/8/2 2:54,2009/8/2 2:54,4.8,train
train_007205,record_007205.npz,NIGH05,2009/8/3 14:13,2009/8/3 14:13,4.7,train
train_007206,record_007206.npz,NIGH05,2010/5/1 18:20,2010/5/1 18:20,4.9,train
train_007207,record_007207.npz,NIGH05,2010/9/29 17:00,2010/9/29 17:00,5.7,train
train_007208,record_007208.npz,NIGH05,2010/10/3 6:37,2010/10/3 6:38,4.5,train
train_007209,record_007209.npz,NIGH05,2011/1/3 13:45,2011/1/3 13:45,4.7,train
train_007210,record_007210.npz,NIGH05,2011/3/12 3:59,2011/3/12 3:59,6.7,train
train_007211,record_007211.npz,NIGH06,2001/1/4 13:18,2001/1/4 13:18,5.1,train
train_007212,record_007212.npz,NIGH06,2004/3/15 7:38,2004/3/15 7:38,4.7,train
train_007213,record_007213.npz,NIGH06,2004/10/23 17:56,2004/10/23 17:56,6.8,train
train_007214,record_007214.npz,NIGH06,2004/10/23 18:03,2004/10/23 18:01,6.3,train
train_007215,record_007215.npz,NIGH06,2004/10/23 18:07,2004/10/23 18:06,5.7,train
train_007216,record_007216.npz,NIGH06,2004/10/23 18:12,2004/10/23 18:11,6,train
train_007217,record_007217.npz,NIGH06,2004/10/23 18:19,2004/10/23 18:16,4.2,train
train_007218,record_007218.npz,NIGH06,2004/10/23 18:24,2004/10/23 18:25,4.4,train
train_007219,record_007219.npz,NIGH06,2004/10/23 18:28,2004/10/23 18:28,4.6,train
train_007220,record_007220.npz,NIGH06,2004/10/23 18:34,2004/10/23 18:34,6.5,train
train_007221,record_007221.npz,NIGH06,2004/10/23 18:57,2004/10/23 18:57,5.3,train
train_007222,record_007222.npz,NIGH06,2004/10/23 19:03,2004/10/23 19:03,4.3,train
train_007223,record_007223.npz,NIGH06,2004/10/23 19:07,2004/10/23 19:07,4.3,train
train_007224,record_007224.npz,NIGH06,2004/10/23 19:36,2004/10/23 19:35,5.3,train
train_007225,record_007225.npz,NIGH06,2004/10/23 19:46,2004/10/23 19:46,5.7,train
train_007226,record_007226.npz,NIGH06,2004/10/23 19:52,2004/10/23 19:51,4.3,train
train_007227,record_007227.npz,NIGH06,2004/10/23 20:02,2004/10/23 20:02,4.3,train
train_007228,record_007228.npz,NIGH06,2004/10/23 20:17,2004/10/23 20:15,4.7,train
train_007229,record_007229.npz,NIGH06,2004/10/23 20:20,2004/10/23 20:20,4.1,train
train_007230,record_007230.npz,NIGH06,2004/10/23 20:55,2004/10/23 20:53,4.5,train
train_007231,record_007231.npz,NIGH06,2004/10/23 21:44,2004/10/23 21:44,5,train
train_007232,record_007232.npz,NIGH06,2004/10/23 22:26,2004/10/23 22:26,4.3,train
train_007233,record_007233.npz,NIGH06,2004/10/23 22:35,2004/10/23 22:35,4.4,train
train_007234,record_007234.npz,NIGH06,2004/10/23 23:34,2004/10/23 23:34,5.3,train
train_007235,record_007235.npz,NIGH06,2004/10/24 0:53,2004/10/24 0:53,4.3,train
train_007236,record_007236.npz,NIGH06,2004/10/24 7:08,2004/10/24 7:08,4.3,train
train_007237,record_007237.npz,NIGH06,2004/10/24 7:16,2004/10/24 7:16,4.3,train
train_007238,record_007238.npz,NIGH06,2004/10/24 9:28,2004/10/24 9:28,4.8,train
train_007239,record_007239.npz,NIGH06,2004/10/24 10:06,2004/10/24 10:06,4.5,train
train_007240,record_007240.npz,NIGH06,2004/10/24 10:29,2004/10/24 10:29,4.1,train
train_007241,record_007241.npz,NIGH07,2004/10/23 17:56,2004/10/23 17:56,6.8,train
train_007242,record_007242.npz,NIGH07,2004/10/23 18:03,2004/10/23 18:02,6.3,train
train_007243,record_007243.npz,NIGH07,2004/10/23 18:07,2004/10/23 18:06,5.7,train
train_007244,record_007244.npz,NIGH07,2004/10/23 18:12,2004/10/23 18:12,6,train
train_007245,record_007245.npz,NIGH07,2004/10/23 18:34,2004/10/23 18:34,6.5,train
train_007246,record_007246.npz,NIGH07,2004/10/23 18:36,2004/10/23 18:37,5.1,train
train_007247,record_007247.npz,NIGH07,2004/10/23 18:57,2004/10/23 18:57,5.3,train
train_007248,record_007248.npz,NIGH07,2004/10/23 19:07,2004/10/23 19:07,4.3,train
train_007249,record_007249.npz,NIGH07,2004/10/23 19:46,2004/10/23 19:46,5.7,train
train_007250,record_007250.npz,NIGH07,2004/10/23 19:49,2004/10/23 19:48,4.4,train
train_007251,record_007251.npz,NIGH07,2004/10/23 19:52,2004/10/23 19:52,4.3,train
train_007252,record_007252.npz,NIGH07,2004/10/23 21:44,2004/10/23 21:44,5,train
train_007253,record_007253.npz,NIGH07,2004/10/23 22:35,2004/10/23 22:35,4.4,train
train_007254,record_007254.npz,NIGH07,2004/10/23 22:58,2004/10/23 22:58,4.2,train
train_007255,record_007255.npz,NIGH07,2004/10/23 23:34,2004/10/23 23:34,5.3,train
train_007256,record_007256.npz,NIGH07,2004/10/24 7:08,2004/10/24 7:08,4.3,train
train_007257,record_007257.npz,NIGH07,2004/10/24 7:16,2004/10/24 7:16,4.3,train
train_007258,record_007258.npz,NIGH07,2004/10/24 9:28,2004/10/24 9:28,4.8,train
train_007259,record_007259.npz,NIGH07,2004/10/24 10:06,2004/10/24 10:06,4.5,train
train_007260,record_007260.npz,NIGH07,2004/10/25 0:28,2004/10/25 0:28,5.3,train
train_007261,record_007261.npz,NIGH07,2004/10/25 6:05,2004/10/25 6:05,5.8,train
train_007262,record_007262.npz,NIGH07,2004/10/25 6:07,2004/10/25 6:07,4.8,train
train_007263,record_007263.npz,NIGH07,2004/10/27 10:40,2004/10/27 10:40,6.1,train
train_007264,record_007264.npz,NIGH07,2004/11/1 4:35,2004/11/1 4:36,5,train
train_007265,record_007265.npz,NIGH07,2004/11/4 8:57,2004/11/4 8:57,5.2,train
train_007266,record_007266.npz,NIGH07,2004/11/6 2:53,2004/11/6 2:53,5.1,train
train_007267,record_007267.npz,NIGH07,2004/11/8 11:16,2004/11/8 11:16,5.9,train
train_007268,record_007268.npz,NIGH07,2004/11/8 11:27,2004/11/8 11:27,5,train
train_007269,record_007269.npz,NIGH07,2004/11/8 11:32,2004/11/8 11:32,5.1,train
train_007270,record_007270.npz,NIGH07,2004/11/8 11:43,2004/11/8 11:43,4.7,train
train_007271,record_007271.npz,NIGH08,2004/10/23 17:56,2004/10/23 17:56,6.8,train
train_007272,record_007272.npz,NIGH08,2004/10/23 18:03,2004/10/23 18:03,6.3,train
train_007273,record_007273.npz,NIGH08,2004/10/23 18:12,2004/10/23 18:10,6,train
train_007274,record_007274.npz,NIGH08,2004/10/23 18:34,2004/10/23 18:34,6.5,train
train_007275,record_007275.npz,NIGH08,2004/10/23 19:46,2004/10/23 19:46,5.7,train
train_007276,record_007276.npz,NIGH08,2004/10/23 23:34,2004/10/23 23:34,5.3,train
train_007277,record_007277.npz,NIGH08,2004/10/25 6:05,2004/10/25 6:05,5.8,train
train_007278,record_007278.npz,NIGH08,2004/10/27 10:40,2004/10/27 10:41,6.1,train
train_007279,record_007279.npz,NIGH08,2004/11/8 11:16,2004/11/8 11:16,5.9,train
train_007280,record_007280.npz,NIGH08,2004/11/8 11:32,2004/11/8 11:32,5.1,train
train_007281,record_007281.npz,NIGH08,2004/11/10 3:43,2004/11/10 3:43,5.3,train
train_007282,record_007282.npz,NIGH08,2008/8/22 19:59,2008/8/22 20:00,5.2,train
train_007283,record_007283.npz,NIGH08,2009/8/2 0:57,2009/8/2 0:57,4.9,train
train_007284,record_007284.npz,NIGH08,2009/8/2 2:54,2009/8/2 2:54,4.8,train
train_007285,record_007285.npz,NIGH08,2009/8/3 14:13,2009/8/3 14:13,4.7,train
train_007286,record_007286.npz,NIGH08,2009/8/31 0:46,2009/8/31 0:46,4.8,train
train_007287,record_007287.npz,NIGH08,2009/10/12 18:42,2009/10/12 18:42,4.9,train
train_007288,record_007288.npz,NIGH08,2009/10/23 10:28,2009/10/23 10:29,5,train
train_007289,record_007289.npz,NIGH08,2009/10/28 14:25,2009/10/28 14:25,4.2,train
train_007290,record_007290.npz,NIGH08,2009/11/21 15:39,2009/11/21 15:39,4.5,train
train_007291,record_007291.npz,NIGH08,2009/12/18 5:41,2009/12/18 5:41,5.1,train
train_007292,record_007292.npz,NIGH08,2010/2/21 9:57,2010/2/21 9:57,4.8,train
train_007293,record_007293.npz,NIGH08,2010/3/13 21:46,2010/3/13 21:46,5.5,train
train_007294,record_007294.npz,NIGH08,2010/4/16 16:38,2010/4/16 16:38,4.6,train
train_007295,record_007295.npz,NIGH08,2010/8/3 7:31,2010/8/3 7:31,4.6,train
train_007296,record_007296.npz,NIGH08,2010/9/29 12:02,2010/9/29 12:02,4.8,train
train_007297,record_007297.npz,NIGH08,2010/9/29 17:00,2010/9/29 17:00,5.7,train
train_007298,record_007298.npz,NIGH08,2010/9/30 1:23,2010/9/30 1:23,4.6,train
train_007299,record_007299.npz,NIGH09,2001/1/4 13:18,2001/1/4 13:18,5.1,train
train_007300,record_007300.npz,NIGH09,2004/10/23 17:56,2004/10/23 17:56,6.8,train
train_007301,record_007301.npz,NIGH09,2004/10/23 18:07,2004/10/23 18:06,5.7,train
train_007302,record_007302.npz,NIGH09,2004/10/23 18:12,2004/10/23 18:11,6,train
train_007303,record_007303.npz,NIGH09,2004/10/23 18:34,2004/10/23 18:34,6.5,train
train_007304,record_007304.npz,NIGH09,2004/10/23 18:44,2004/10/23 18:44,4.2,train
train_007305,record_007305.npz,NIGH09,2004/10/23 18:57,2004/10/23 18:57,5.3,train
train_007306,record_007306.npz,NIGH09,2004/10/23 19:36,2004/10/23 19:36,5.3,train
train_007307,record_007307.npz,NIGH09,2004/10/23 19:46,2004/10/23 19:46,5.7,train
train_007308,record_007308.npz,NIGH09,2004/10/23 19:52,2004/10/23 19:51,4.3,train
train_007309,record_007309.npz,NIGH09,2004/10/23 20:20,2004/10/23 20:20,4.1,train
train_007310,record_007310.npz,NIGH09,2004/10/23 21:44,2004/10/23 21:44,5,train
train_007311,record_007311.npz,NIGH09,2004/10/23 23:34,2004/10/23 23:34,5.3,train
train_007312,record_007312.npz,NIGH09,2004/10/24 7:16,2004/10/24 7:16,4.3,train
train_007313,record_007313.npz,NIGH09,2004/10/24 10:06,2004/10/24 10:06,4.5,train
train_007314,record_007314.npz,NIGH09,2004/10/25 0:28,2004/10/25 0:28,5.3,train
train_007315,record_007315.npz,NIGH09,2004/10/25 6:05,2004/10/25 6:05,5.8,train
train_007316,record_007316.npz,NIGH09,2004/10/27 10:26,2004/10/27 10:26,4.3,train
train_007317,record_007317.npz,NIGH09,2004/10/27 10:40,2004/10/27 10:40,6.1,train
train_007318,record_007318.npz,NIGH09,2004/11/12 2:24,2004/11/12 2:24,4.3,train
train_007319,record_007319.npz,NIGH09,2005/11/4 1:02,2005/11/4 1:02,4.8,train
train_007320,record_007320.npz,NIGH09,2007/7/16 10:13,2007/7/16 10:13,6.8,train
train_007321,record_007321.npz,NIGH09,2007/7/16 15:37,2007/7/16 15:37,5.8,train
train_007322,record_007322.npz,NIGH09,2007/7/18 16:53,2007/7/18 16:53,4.3,train
train_007323,record_007323.npz,NIGH09,2007/7/25 6:52,2007/7/25 6:52,4.8,train
train_007324,record_007324.npz,NIGH09,2008/8/22 19:59,2008/8/22 20:00,5.2,train
train_007325,record_007325.npz,NIGH09,2008/12/15 21:14,2008/12/15 21:14,4.4,train
train_007326,record_007326.npz,NIGH09,2009/5/12 19:40,2009/5/12 19:40,4.8,train
train_007327,record_007327.npz,NIGH09,2009/8/2 0:57,2009/8/2 0:57,4.9,train
train_007328,record_007328.npz,NIGH09,2009/8/2 2:54,2009/8/2 2:54,4.8,train
train_007329,record_007329.npz,NIGH12,2001/1/4 13:18,2001/1/4 13:18,5.1,train
train_007330,record_007330.npz,NIGH12,2005/6/20 13:03,2005/6/20 13:03,5,train
train_007331,record_007331.npz,NIGH12,2005/8/21 11:29,2005/8/21 11:29,5,train
train_007332,record_007332.npz,NIGH12,2007/7/16 10:13,2007/7/16 10:13,6.8,train
train_007333,record_007333.npz,NIGH12,2007/7/16 15:37,2007/7/16 15:37,5.8,train
train_007334,record_007334.npz,NIGH12,2007/7/25 6:52,2007/7/25 6:52,4.8,train
train_007335,record_007335.npz,NIGH12,2008/1/26 4:33,2008/1/26 4:34,4.8,train
train_007336,record_007336.npz,NIGH12,2008/3/8 1:55,2008/3/8 1:55,5.2,train
train_007337,record_007337.npz,NIGH12,2008/3/12 18:00,2008/3/12 18:00,4.1,train
train_007338,record_007338.npz,NIGH12,2008/7/5 16:49,2008/7/5 16:49,5.2,train
train_007339,record_007339.npz,NIGH12,2008/8/22 19:59,2008/8/22 20:00,5.2,train
train_007340,record_007340.npz,NIGH12,2009/5/12 19:40,2009/5/12 19:40,4.8,train
train_007341,record_007341.npz,NIGH12,2009/8/2 0:57,2009/8/2 0:57,4.9,train
train_007342,record_007342.npz,NIGH12,2009/8/2 2:54,2009/8/2 2:54,4.8,train
train_007343,record_007343.npz,NIGH12,2009/8/3 14:13,2009/8/3 14:14,4.7,train
train_007344,record_007344.npz,NIGH12,2009/8/5 9:18,2009/8/5 9:18,4.1,train
train_007345,record_007345.npz,NIGH12,2009/8/18 6:59,2009/8/18 6:59,4.4,train
train_007346,record_007346.npz,NIGH12,2009/10/12 18:42,2009/10/12 18:42,4.9,train
train_007347,record_007347.npz,NIGH12,2009/11/21 15:39,2009/11/21 15:39,4.5,train
train_007348,record_007348.npz,NIGH12,2009/12/18 5:41,2009/12/18 5:41,5.1,train
train_007349,record_007349.npz,NIGH12,2010/4/16 16:38,2010/4/16 16:38,4.6,train
train_007350,record_007350.npz,NIGH12,2010/4/30 19:33,2010/4/30 19:34,4.1,train
train_007351,record_007351.npz,NIGH12,2010/5/1 18:20,2010/5/1 18:20,4.9,train
train_007352,record_007352.npz,NIGH12,2010/9/29 12:02,2010/9/29 12:02,4.8,train
train_007353,record_007353.npz,NIGH12,2010/9/29 17:00,2010/9/29 17:00,5.7,train
train_007354,record_007354.npz,NIGH12,2010/9/30 1:23,2010/9/30 1:24,4.6,train
train_007355,record_007355.npz,NIGH12,2010/10/1 8:24,2010/10/1 8:24,4.4,train
train_007356,record_007356.npz,NIGH12,2010/10/3 6:37,2010/10/3 6:38,4.5,train
train_007357,record_007357.npz,NIGH12,2010/10/3 6:52,2010/10/3 6:52,4.6,train
train_007358,record_007358.npz,NIGH13,2001/1/2 19:53,2001/1/2 19:53,4.4,train
train_007359,record_007359.npz,NIGH13,2001/1/4 13:18,2001/1/4 13:18,5.1,train
train_007360,record_007360.npz,NIGH13,2004/10/23 17:56,2004/10/23 17:56,6.8,train
train_007361,record_007361.npz,NIGH13,2004/10/23 18:03,2004/10/23 18:01,6.3,train
train_007362,record_007362.npz,NIGH13,2004/10/23 18:07,2004/10/23 18:06,5.7,train
train_007363,record_007363.npz,NIGH13,2004/10/23 18:12,2004/10/23 18:10,6,train
train_007364,record_007364.npz,NIGH13,2004/10/23 18:34,2004/10/23 18:34,6.5,train
train_007365,record_007365.npz,NIGH13,2004/10/23 19:36,2004/10/23 19:36,5.3,train
train_007366,record_007366.npz,NIGH13,2004/10/23 19:46,2004/10/23 19:46,5.7,train
train_007367,record_007367.npz,NIGH13,2004/10/23 23:34,2004/10/23 23:34,5.3,train
train_007368,record_007368.npz,NIGH13,2004/10/24 14:21,2004/10/24 14:21,5,train
train_007369,record_007369.npz,NIGH13,2004/10/25 6:05,2004/10/25 6:05,5.8,train
train_007370,record_007370.npz,NIGH13,2004/10/27 10:40,2004/10/27 10:41,6.1,train
train_007371,record_007371.npz,NIGH13,2004/10/27 10:45,2004/10/27 10:45,4.2,train
train_007372,record_007372.npz,NIGH13,2004/11/4 8:57,2004/11/4 8:57,5.2,train
train_007373,record_007373.npz,NIGH13,2004/11/8 11:16,2004/11/8 11:16,5.9,train
train_007374,record_007374.npz,NIGH13,2004/11/8 11:32,2004/11/8 11:32,5.1,train
train_007375,record_007375.npz,NIGH13,2005/8/21 11:29,2005/8/21 11:29,5,train
train_007376,record_007376.npz,NIGH13,2005/11/4 1:02,2005/11/4 1:02,4.8,train
train_007377,record_007377.npz,NIGH13,2007/1/8 18:59,2007/1/8 18:59,4.8,train
train_007378,record_007378.npz,NIGH13,2007/3/25 9:42,2007/3/25 9:42,6.9,train
train_007379,record_007379.npz,NIGH13,2007/7/16 10:13,2007/7/16 10:13,6.8,train
train_007380,record_007380.npz,NIGH13,2007/7/16 15:37,2007/7/16 15:37,5.8,train
train_007381,record_007381.npz,NIGH13,2007/7/25 6:52,2007/7/25 6:52,4.8,train
train_007382,record_007382.npz,NIGH13,2008/3/12 18:00,2008/3/12 18:00,4.1,train
train_007383,record_007383.npz,NIGH13,2008/6/13 11:21,2008/6/13 11:22,4.7,train
train_007384,record_007384.npz,NIGH13,2008/12/15 21:14,2008/12/15 21:15,4.4,train
train_007385,record_007385.npz,NIGH13,2009/8/2 0:57,2009/8/2 0:57,4.9,train
train_007386,record_007386.npz,NIGH13,2009/8/2 2:54,2009/8/2 2:54,4.8,train
train_007387,record_007387.npz,NIGH14,2001/7/20 6:02,2001/7/20 6:02,4.8,train
train_007388,record_007388.npz,NIGH14,2002/2/2 5:09,2002/2/2 5:09,4.3,train
train_007389,record_007389.npz,NIGH14,2002/6/14 11:42,2002/6/14 11:43,4.9,train
train_007390,record_007390.npz,NIGH14,2003/3/13 12:13,2003/3/13 12:13,4.8,train
train_007391,record_007391.npz,NIGH14,2004/10/27 10:40,2004/10/27 10:40,6.1,train
train_007392,record_007392.npz,NIGH14,2004/11/4 8:57,2004/11/4 8:57,5.2,train
train_007393,record_007393.npz,NIGH14,2004/11/8 11:16,2004/11/8 11:16,5.9,train
train_007394,record_007394.npz,NIGH14,2004/11/8 11:32,2004/11/8 11:32,5.1,train
train_007395,record_007395.npz,NIGH14,2005/8/21 11:29,2005/8/21 11:29,5,train
train_007396,record_007396.npz,NIGH14,2007/3/25 9:42,2007/3/25 9:42,6.9,train
train_007397,record_007397.npz,NIGH14,2007/7/16 10:13,2007/7/16 10:13,6.8,train
train_007398,record_007398.npz,NIGH14,2007/7/16 15:37,2007/7/16 15:37,5.8,train
train_007399,record_007399.npz,NIGH14,2007/12/22 19:39,2007/12/22 19:39,4.4,train
train_007400,record_007400.npz,NIGH14,2008/3/8 1:55,2008/3/8 1:55,5.2,train
train_007401,record_007401.npz,NIGH14,2008/3/12 18:00,2008/3/12 18:00,4.1,train
train_007402,record_007402.npz,NIGH14,2008/4/4 19:02,2008/4/4 19:02,5,train
train_007403,record_007403.npz,NIGH14,2008/8/22 19:59,2008/8/22 20:00,5.2,train
train_007404,record_007404.npz,NIGH14,2009/5/12 19:40,2009/5/12 19:40,4.8,train
train_007405,record_007405.npz,NIGH14,2009/8/2 0:57,2009/8/2 0:57,4.9,train
train_007406,record_007406.npz,NIGH14,2009/8/2 2:54,2009/8/2 2:54,4.8,train
train_007407,record_007407.npz,NIGH14,2009/8/18 6:59,2009/8/18 6:59,4.4,train
train_007408,record_007408.npz,NIGH14,2009/10/12 18:42,2009/10/12 18:42,4.9,train
train_007409,record_007409.npz,NIGH14,2009/11/21 15:39,2009/11/21 15:39,4.5,train
train_007410,record_007410.npz,NIGH14,2009/12/18 5:41,2009/12/18 5:41,5.1,train
train_007411,record_007411.npz,NIGH15,2001/7/20 6:02,2001/7/20 6:02,4.8,train
train_007412,record_007412.npz,NIGH15,2004/10/23 17:56,2004/10/23 17:56,6.8,train
train_007413,record_007413.npz,NIGH15,2004/10/23 18:03,2004/10/23 18:01,6.3,train
train_007414,record_007414.npz,NIGH15,2004/10/23 18:07,2004/10/23 18:06,5.7,train
train_007415,record_007415.npz,NIGH15,2004/10/23 18:34,2004/10/23 18:34,6.5,train
train_007416,record_007416.npz,NIGH15,2004/10/23 18:51,2004/10/23 18:49,4.2,train
train_007417,record_007417.npz,NIGH15,2004/10/23 19:46,2004/10/23 19:46,5.7,train
train_007418,record_007418.npz,NIGH15,2004/10/23 23:34,2004/10/23 23:34,5.3,train
train_007419,record_007419.npz,NIGH15,2004/10/25 6:05,2004/10/25 6:05,5.8,train
train_007420,record_007420.npz,NIGH15,2004/11/4 8:57,2004/11/4 8:57,5.2,train
train_007421,record_007421.npz,NIGH15,2004/11/8 11:16,2004/11/8 11:16,5.9,train
train_007422,record_007422.npz,NIGH15,2004/11/8 11:32,2004/11/8 11:32,5.1,train
train_007423,record_007423.npz,NIGH15,2005/8/21 11:29,2005/8/21 11:29,5,train
train_007424,record_007424.npz,NIGH15,2007/7/16 10:13,2007/7/16 10:13,6.8,train
train_007425,record_007425.npz,NIGH15,2007/7/16 15:37,2007/7/16 15:37,5.8,train
train_007426,record_007426.npz,NIGH15,2007/12/22 19:39,2007/12/22 19:39,4.4,train
train_007427,record_007427.npz,NIGH15,2008/3/8 1:55,2008/3/8 1:55,5.2,train
train_007428,record_007428.npz,NIGH15,2008/3/12 18:00,2008/3/12 18:00,4.1,train
train_007429,record_007429.npz,NIGH15,2008/4/4 19:02,2008/4/4 19:02,5,train
train_007430,record_007430.npz,NIGH15,2008/7/5 16:49,2008/7/5 16:50,5.2,train
train_007431,record_007431.npz,NIGH15,2008/8/20 15:13,2008/8/20 15:13,4.6,train
train_007432,record_007432.npz,NIGH15,2008/8/22 19:59,2008/8/22 20:00,5.2,train
train_007433,record_007433.npz,NIGH15,2008/9/21 7:17,2008/9/21 7:17,4.8,train
train_007434,record_007434.npz,NIGH15,2009/5/12 19:40,2009/5/12 19:40,4.8,train
train_007435,record_007435.npz,NIGH15,2009/8/2 0:57,2009/8/2 0:57,4.9,train
train_007436,record_007436.npz,NIGH15,2009/8/2 2:54,2009/8/2 2:54,4.8,train
train_007437,record_007437.npz,NIGH15,2009/8/5 9:18,2009/8/5 9:18,4.1,train
train_007438,record_007438.npz,NIGH15,2009/8/18 6:59,2009/8/18 6:59,4.4,train
train_007439,record_007439.npz,NIGH15,2009/9/5 10:59,2009/9/5 10:59,4.2,train
train_007440,record_007440.npz,NIGH16,2002/11/17 13:48,2002/11/17 13:48,4.5,train
train_007441,record_007441.npz,NIGH16,2004/10/23 17:56,2004/10/23 17:56,6.8,train
train_007442,record_007442.npz,NIGH16,2004/10/23 18:03,2004/10/23 18:03,6.3,train
train_007443,record_007443.npz,NIGH16,2004/10/23 18:12,2004/10/23 18:12,6,train
train_007444,record_007444.npz,NIGH16,2004/10/23 18:34,2004/10/23 18:34,6.5,train
train_007445,record_007445.npz,NIGH16,2004/10/25 6:05,2004/10/25 6:05,5.8,train
train_007446,record_007446.npz,NIGH16,2004/10/27 10:40,2004/10/27 10:41,6.1,train
train_007447,record_007447.npz,NIGH16,2007/3/25 9:42,2007/3/25 9:42,6.9,train
train_007448,record_007448.npz,NIGH16,2007/7/16 10:13,2007/7/16 10:13,6.8,train
train_007449,record_007449.npz,NIGH16,2007/7/16 15:37,2007/7/16 15:37,5.8,train
train_007450,record_007450.npz,NIGH16,2007/7/16 21:08,2007/7/16 21:08,4.4,train
train_007451,record_007451.npz,NIGH16,2007/7/25 6:52,2007/7/25 6:52,4.8,train
train_007452,record_007452.npz,NIGH16,2008/1/26 4:33,2008/1/26 4:33,4.8,train
train_007453,record_007453.npz,NIGH16,2008/3/12 18:00,2008/3/12 18:00,4.1,train
train_007454,record_007454.npz,NIGH16,2008/3/17 7:00,2008/3/17 7:01,4.5,train
train_007455,record_007455.npz,NIGH16,2008/6/13 11:21,2008/6/13 11:22,4.7,train
train_007456,record_007456.npz,NIGH16,2010/10/3 9:26,2010/10/3 9:27,4.7,train
train_007457,record_007457.npz,NIGH17,2004/10/23 17:56,2004/10/23 17:56,6.8,train
train_007458,record_007458.npz,NIGH17,2004/10/23 18:03,2004/10/23 18:03,6.3,train
train_007459,record_007459.npz,NIGH17,2004/10/23 18:12,2004/10/23 18:12,6,train
train_007460,record_007460.npz,NIGH17,2004/10/23 18:34,2004/10/23 18:34,6.5,train
train_007461,record_007461.npz,NIGH17,2004/10/27 10:40,2004/10/27 10:41,6.1,train
train_007462,record_007462.npz,NIGH17,2007/3/25 9:42,2007/3/25 9:42,6.9,train
train_007463,record_007463.npz,NIGH17,2007/7/16 10:13,2007/7/16 10:13,6.8,train
train_007464,record_007464.npz,NIGH17,2008/1/26 4:33,2008/1/26 4:33,4.8,train
train_007465,record_007465.npz,NIGH17,2008/6/13 11:21,2008/6/13 11:21,4.7,train
train_007466,record_007466.npz,NIGH17,2009/5/12 19:40,2009/5/12 19:40,4.8,train
train_007467,record_007467.npz,NIGH17,2010/4/16 16:38,2010/4/16 16:39,4.6,train
train_007468,record_007468.npz,NIGH17,2010/5/1 18:20,2010/5/1 18:21,4.9,train
train_007469,record_007469.npz,NIGH17,2010/9/29 17:00,2010/9/29 17:00,5.7,train
train_007470,record_007470.npz,NIGH17,2010/10/3 6:37,2010/10/3 6:38,4.5,train
train_007471,record_007471.npz,NIGH17,2010/10/3 6:52,2010/10/3 6:52,4.6,train
train_007472,record_007472.npz,NIGH17,2010/10/3 9:26,2010/10/3 9:27,4.7,train
train_007473,record_007473.npz,NIGH17,2011/2/27 2:19,2011/2/27 2:19,5,train
train_007474,record_007474.npz,NIGH17,2011/2/27 5:38,2011/2/27 5:38,5.5,train
train_007475,record_007475.npz,NIGH17,2011/3/12 3:59,2011/3/12 3:59,6.7,train
train_007476,record_007476.npz,NIGH17,2011/3/12 4:32,2011/3/12 4:32,5.9,train
train_007477,record_007477.npz,NIGH17,2011/3/12 4:44,2011/3/12 4:44,4.4,train
train_007478,record_007478.npz,NIGH17,2011/3/12 5:42,2011/3/12 5:42,5.3,train
train_007479,record_007479.npz,NIGH17,2011/3/12 7:14,2011/3/12 7:14,4.1,train
train_007480,record_007480.npz,NIGH17,2011/3/12 19:08,2011/3/12 19:08,4.1,train
train_007481,record_007481.npz,NIGH17,2011/3/15 22:31,2011/3/15 22:32,6.4,train
train_007482,record_007482.npz,NIGH18,2001/1/4 13:18,2001/1/4 13:18,5.1,train
train_007483,record_007483.npz,NIGH18,2004/10/23 17:56,2004/10/23 17:56,6.8,train
train_007484,record_007484.npz,NIGH18,2004/10/23 18:03,2004/10/23 18:03,6.3,train
train_007485,record_007485.npz,NIGH18,2004/10/23 18:12,2004/10/23 18:10,6,train
train_007486,record_007486.npz,NIGH18,2004/10/23 18:34,2004/10/23 18:34,6.5,train
train_007487,record_007487.npz,NIGH18,2004/10/23 19:46,2004/10/23 19:46,5.7,train
train_007488,record_007488.npz,NIGH18,2004/10/23 23:34,2004/10/23 23:35,5.3,train
train_007489,record_007489.npz,NIGH18,2004/10/25 6:05,2004/10/25 6:05,5.8,train
train_007490,record_007490.npz,NIGH18,2004/10/27 10:40,2004/10/27 10:41,6.1,train
train_007491,record_007491.npz,NIGH18,2004/11/8 11:16,2004/11/8 11:16,5.9,train
train_007492,record_007492.npz,NIGH18,2005/8/21 11:29,2005/8/21 11:29,5,train
train_007493,record_007493.npz,NIGH18,2007/3/25 9:42,2007/3/25 9:42,6.9,train
train_007494,record_007494.npz,NIGH18,2007/7/16 10:13,2007/7/16 10:13,6.8,train
train_007495,record_007495.npz,NIGH18,2007/7/16 15:37,2007/7/16 15:37,5.8,train
train_007496,record_007496.npz,NIGH18,2007/12/22 19:39,2007/12/22 19:39,4.4,train
train_007497,record_007497.npz,NIGH18,2008/1/26 4:33,2008/1/26 4:34,4.8,train
train_007498,record_007498.npz,NIGH18,2008/3/12 18:00,2008/3/12 18:00,4.1,train
train_007499,record_007499.npz,NIGH18,2009/5/12 19:40,2009/5/12 19:40,4.8,train
train_007500,record_007500.npz,NIGH18,2009/8/2 0:57,2009/8/2 0:57,4.9,train
train_007501,record_007501.npz,NIGH18,2010/10/3 6:37,2010/10/3 6:38,4.5,train
train_007502,record_007502.npz,NIGH18,2010/10/3 9:26,2010/10/3 9:27,4.7,train
train_007503,record_007503.npz,NIGH18,2011/3/12 3:59,2011/3/12 3:59,6.7,train
train_007504,record_007504.npz,NIGH19,2004/10/23 17:56,2004/10/23 17:56,6.8,train
train_007505,record_007505.npz,NIGH19,2004/10/23 18:03,2004/10/23 18:01,6.3,train
train_007506,record_007506.npz,NIGH19,2004/10/23 18:12,2004/10/23 18:12,6,train
train_007507,record_007507.npz,NIGH19,2004/10/23 18:34,2004/10/23 18:34,6.5,train
train_007508,record_007508.npz,NIGH19,2004/10/23 18:36,2004/10/23 18:37,5.1,train
train_007509,record_007509.npz,NIGH19,2004/10/23 23:34,2004/10/23 23:34,5.3,train
train_007510,record_007510.npz,NIGH19,2004/10/25 6:05,2004/10/25 6:05,5.8,train
train_007511,record_007511.npz,NIGH19,2004/10/27 10:40,2004/10/27 10:41,6.1,train
train_007512,record_007512.npz,NIGH19,2004/11/8 11:16,2004/11/8 11:16,5.9,train
train_007513,record_007513.npz,NIGH19,2005/8/21 11:29,2005/8/21 11:29,5,train
train_007514,record_007514.npz,NIGH19,2007/1/8 18:59,2007/1/8 18:59,4.8,train
train_007515,record_007515.npz,NIGH19,2007/7/16 10:13,2007/7/16 10:13,6.8,train
train_007516,record_007516.npz,NIGH19,2007/7/16 15:37,2007/7/16 15:37,5.8,train
train_007517,record_007517.npz,NIGH19,2009/12/18 5:41,2009/12/18 5:41,5.1,train
train_007518,record_007518.npz,NIGH19,2010/4/16 16:38,2010/4/16 16:38,4.6,train
train_007519,record_007519.npz,NIGH19,2010/10/3 6:52,2010/10/3 6:52,4.6,train
train_007520,record_007520.npz,NIGH19,2010/10/3 9:26,2010/10/3 9:27,4.7,train
train_007521,record_007521.npz,NMRH01,2000/8/16 5:21,2000/8/16 5:21,5.7,train
train_007522,record_007522.npz,NMRH01,2000/8/20 2:26,2000/8/20 2:26,5.7,train
train_007523,record_007523.npz,NMRH01,2001/4/27 2:49,2001/4/27 2:49,5.9,train
train_007524,record_007524.npz,NMRH01,2001/7/5 22:12,2001/7/5 22:12,4.9,train
train_007525,record_007525.npz,NMRH01,2001/12/11 18:40,2001/12/11 18:41,4.6,train
train_007526,record_007526.npz,NMRH01,2002/1/19 18:06,2002/1/19 18:06,5.6,train
train_007527,record_007527.npz,NMRH01,2002/6/12 21:59,2002/6/12 21:59,4.5,train
train_007528,record_007528.npz,NMRH01,2002/7/25 21:31,2002/7/25 21:31,5.6,train
train_007529,record_007529.npz,NMRH01,2002/8/5 6:07,2002/8/5 6:07,4.5,train
train_007530,record_007530.npz,NMRH01,2002/8/25 3:41,2002/8/25 3:41,5.8,train
train_007531,record_007531.npz,NMRH01,2002/10/2 16:33,2002/10/2 16:34,5.1,train
train_007532,record_007532.npz,NMRH01,2002/11/30 16:15,2002/11/30 16:16,5.2,train
train_007533,record_007533.npz,NMRH01,2002/12/1 18:57,2002/12/1 18:57,5.4,train
train_007534,record_007534.npz,NMRH01,2003/7/3 8:52,2003/7/3 8:52,5.8,train
train_007535,record_007535.npz,NMRH01,2003/9/11 4:32,2003/9/11 4:32,4.9,train
train_007536,record_007536.npz,NMRH01,2003/9/27 17:06,2003/9/27 17:06,5.2,train
train_007537,record_007537.npz,NMRH01,2003/9/29 11:37,2003/9/29 11:37,6.5,train
train_007538,record_007538.npz,NMRH01,2003/10/8 18:07,2003/10/8 18:07,6.4,train
train_007539,record_007539.npz,NMRH01,2004/4/12 3:06,2004/4/12 3:06,5.8,train
train_007540,record_007540.npz,NMRH01,2004/7/27 17:44,2004/7/27 17:44,4.6,train
train_007541,record_007541.npz,NMRH01,2004/11/4 23:03,2004/11/4 23:03,5.8,train
train_007542,record_007542.npz,NMRH01,2004/11/11 19:03,2004/11/11 19:03,6.3,train
train_007543,record_007543.npz,NMRH01,2004/11/29 3:32,2004/11/29 3:32,7.1,train
train_007544,record_007544.npz,NMRH01,2004/12/6 23:15,2004/12/6 23:15,6.9,train
train_007545,record_007545.npz,NMRH01,2004/12/22 0:34,2004/12/22 0:34,5.7,train
train_007546,record_007546.npz,NMRH01,2005/1/18 23:09,2005/1/18 23:09,6.4,train
train_007547,record_007547.npz,NMRH01,2005/3/12 3:47,2005/3/12 3:47,5.1,train
train_007548,record_007548.npz,NMRH01,2005/6/16 23:42,2005/6/16 23:42,4.7,train
train_007549,record_007549.npz,NMRH01,2005/9/21 11:25,2005/9/21 11:25,6,train
train_007550,record_007550.npz,NMRH02,2000/8/16 5:21,2000/8/16 5:21,5.7,train
train_007551,record_007551.npz,NMRH02,2000/8/20 2:26,2000/8/20 2:26,5.7,train
train_007552,record_007552.npz,NMRH02,2000/11/14 0:57,2000/11/14 0:57,5.9,train
train_007553,record_007553.npz,NMRH02,2000/11/14 12:53,2000/11/14 12:53,5.2,train
train_007554,record_007554.npz,NMRH02,2001/4/27 2:49,2001/4/27 2:49,5.9,train
train_007555,record_007555.npz,NMRH02,2001/7/5 22:12,2001/7/5 22:12,4.9,train
train_007556,record_007556.npz,NMRH02,2002/1/19 18:06,2002/1/19 18:06,5.6,train
train_007557,record_007557.npz,NMRH02,2002/8/5 6:07,2002/8/5 6:07,4.5,train
train_007558,record_007558.npz,NMRH02,2002/8/25 3:41,2002/8/25 3:41,5.8,train
train_007559,record_007559.npz,NMRH02,2003/9/11 4:32,2003/9/11 4:32,4.9,train
train_007560,record_007560.npz,NMRH02,2003/9/26 8:11,2003/9/26 8:12,4.8,train
train_007561,record_007561.npz,NMRH02,2003/9/27 17:06,2003/9/27 17:06,5.2,train
train_007562,record_007562.npz,NMRH02,2003/9/28 13:18,2003/9/28 13:18,5.5,train
train_007563,record_007563.npz,NMRH02,2003/9/29 11:37,2003/9/29 11:37,6.5,train
train_007564,record_007564.npz,NMRH02,2003/10/8 2:41,2003/10/8 2:41,5.2,train
train_007565,record_007565.npz,NMRH02,2003/10/8 18:07,2003/10/8 18:07,6.4,train
train_007566,record_007566.npz,NMRH02,2004/2/17 16:46,2004/2/17 16:46,5.6,train
train_007567,record_007567.npz,NMRH02,2004/4/12 3:06,2004/4/12 3:06,5.8,train
train_007568,record_007568.npz,NMRH02,2004/5/6 22:43,2004/5/6 22:43,5.7,train
train_007569,record_007569.npz,NMRH02,2004/7/27 17:44,2004/7/27 17:44,4.6,train
train_007570,record_007570.npz,NMRH02,2004/11/4 23:03,2004/11/4 23:03,5.8,train
train_007571,record_007571.npz,NMRH02,2004/11/29 3:32,2004/11/29 3:32,7.1,train
train_007572,record_007572.npz,NMRH02,2004/11/29 3:36,2004/11/29 3:36,6,train
train_007573,record_007573.npz,NMRH02,2004/12/6 23:15,2004/12/6 23:15,6.9,train
train_007574,record_007574.npz,NMRH02,2004/12/22 0:34,2004/12/22 0:34,5.7,train
train_007575,record_007575.npz,NMRH02,2005/1/18 23:09,2005/1/18 23:09,6.4,train
train_007576,record_007576.npz,NMRH02,2005/1/20 12:01,2005/1/20 12:01,4.2,train
train_007577,record_007577.npz,NMRH02,2005/3/12 3:47,2005/3/12 3:47,5.1,train
train_007578,record_007578.npz,NMRH02,2005/6/16 23:42,2005/6/16 23:42,4.7,train
train_007579,record_007579.npz,NMRH02,2005/9/21 11:25,2005/9/21 11:25,6,train
train_007580,record_007580.npz,NMRH03,2000/8/16 5:21,2000/8/16 5:21,5.7,train
train_007581,record_007581.npz,NMRH03,2000/8/20 2:26,2000/8/20 2:26,5.7,train
train_007582,record_007582.npz,NMRH03,2000/8/25 22:17,2000/8/25 22:18,4.5,train
train_007583,record_007583.npz,NMRH03,2000/8/29 16:19,2000/8/29 16:19,4.2,train
train_007584,record_007584.npz,NMRH03,2000/9/3 20:01,2000/9/3 20:01,5.2,train
train_007585,record_007585.npz,NMRH03,2000/11/14 0:57,2000/11/14 0:57,5.9,train
train_007586,record_007586.npz,NMRH03,2000/11/14 12:53,2000/11/14 12:53,5.2,train
train_007587,record_007587.npz,NMRH03,2001/4/14 8:16,2001/4/14 8:16,5.4,train
train_007588,record_007588.npz,NMRH03,2001/4/27 2:49,2001/4/27 2:49,5.9,train
train_007589,record_007589.npz,NMRH03,2001/4/30 11:02,2001/4/30 11:02,5.2,train
train_007590,record_007590.npz,NMRH03,2001/6/26 18:46,2001/6/26 18:46,5,train
train_007591,record_007591.npz,NMRH03,2001/7/5 22:12,2001/7/5 22:12,4.9,train
train_007592,record_007592.npz,NMRH03,2001/12/11 18:40,2001/12/11 18:40,4.6,train
train_007593,record_007593.npz,NMRH03,2002/1/19 18:06,2002/1/19 18:06,5.6,train
train_007594,record_007594.npz,NMRH03,2002/8/5 6:07,2002/8/5 6:07,4.5,train
train_007595,record_007595.npz,NMRH03,2002/8/25 3:41,2002/8/25 3:41,5.8,train
train_007596,record_007596.npz,NMRH03,2002/12/1 18:57,2002/12/1 18:57,5.4,train
train_007597,record_007597.npz,NMRH03,2003/9/11 4:32,2003/9/11 4:32,4.9,train
train_007598,record_007598.npz,NMRH03,2003/9/26 8:11,2003/9/26 8:10,4.8,train
train_007599,record_007599.npz,NMRH03,2003/9/26 15:27,2003/9/26 15:27,6.1,train
train_007600,record_007600.npz,NMRH03,2003/9/27 17:06,2003/9/27 17:06,5.2,train
train_007601,record_007601.npz,NMRH03,2003/9/28 13:18,2003/9/28 13:18,5.5,train
train_007602,record_007602.npz,NMRH03,2003/9/29 11:37,2003/9/29 11:37,6.5,train
train_007603,record_007603.npz,NMRH03,2003/9/29 16:50,2003/9/29 16:50,5.5,train
train_007604,record_007604.npz,NMRH03,2003/10/8 2:41,2003/10/8 2:41,5.2,train
train_007605,record_007605.npz,NMRH03,2003/10/8 18:07,2003/10/8 18:07,6.4,train
train_007606,record_007606.npz,NMRH03,2003/10/8 22:32,2003/10/8 22:32,5.7,train
train_007607,record_007607.npz,NMRH03,2003/10/20 8:27,2003/10/20 8:27,4.7,train
train_007608,record_007608.npz,NMRH03,2004/1/19 3:16,2004/1/19 3:16,4.7,train
train_007609,record_007609.npz,NMRH03,2004/2/17 16:46,2004/2/17 16:46,5.6,train
train_007610,record_007610.npz,OITH02,2001/3/24 15:28,2001/3/24 15:28,6.4,train
train_007611,record_007611.npz,OITH02,2001/9/6 1:29,2001/9/6 1:29,4.3,train
train_007612,record_007612.npz,OITH02,2002/3/25 22:58,2002/3/25 22:58,4.7,train
train_007613,record_007613.npz,OITH02,2002/4/6 1:57,2002/4/6 1:57,4.5,train
train_007614,record_007614.npz,OITH02,2002/11/4 13:36,2002/11/4 13:36,5.7,train
train_007615,record_007615.npz,OITH02,2005/4/20 6:11,2005/4/20 6:11,5.8,train
train_007616,record_007616.npz,OITH02,2006/6/12 5:01,2006/6/12 5:01,6.2,train
train_007617,record_007617.npz,OITH02,2009/1/25 2:33,2009/1/25 2:33,4.4,train
train_007618,record_007618.npz,OITH02,2009/6/14 19:17,2009/6/14 19:18,4.2,train
train_007619,record_007619.npz,OITH02,2009/6/25 23:04,2009/6/25 23:04,4.7,train
train_007620,record_007620.npz,OITH02,2009/7/18 5:16,2009/7/18 5:16,4.3,train
train_007621,record_007621.npz,OITH02,2009/8/5 12:51,2009/8/5 12:51,5,train
train_007622,record_007622.npz,OITH02,2010/5/13 20:01,2010/5/13 20:01,4.7,train
train_007623,record_007623.npz,OITH02,2010/12/7 9:36,2010/12/7 9:36,4.1,train
train_007624,record_007624.npz,OITH03,2001/3/24 15:28,2001/3/24 15:28,6.4,train
train_007625,record_007625.npz,OITH03,2001/4/25 23:40,2001/4/25 23:40,5.6,train
train_007626,record_007626.npz,OITH03,2001/9/6 1:29,2001/9/6 1:29,4.3,train
train_007627,record_007627.npz,OITH03,2002/3/25 22:58,2002/3/25 22:58,4.7,train
train_007628,record_007628.npz,OITH03,2002/4/6 1:57,2002/4/6 1:57,4.5,train
train_007629,record_007629.npz,OITH03,2002/10/13 19:06,2002/10/13 19:06,4.7,train
train_007630,record_007630.npz,OITH03,2002/11/4 13:36,2002/11/4 13:36,5.7,train
train_007631,record_007631.npz,OITH03,2006/5/28 20:36,2006/5/28 20:36,4.3,train
train_007632,record_007632.npz,OITH03,2006/6/12 5:01,2006/6/12 5:01,6.2,train
train_007633,record_007633.npz,OITH03,2006/9/26 7:03,2006/9/26 7:03,5.3,train
train_007634,record_007634.npz,OITH03,2009/1/25 2:33,2009/1/25 2:33,4.4,train
train_007635,record_007635.npz,OITH04,2000/4/2 21:25,2000/4/2 21:25,4.5,train
train_007636,record_007636.npz,OITH04,2001/3/24 15:28,2001/3/24 15:28,6.4,train
train_007637,record_007637.npz,OITH04,2001/4/25 23:40,2001/4/25 23:40,5.6,train
train_007638,record_007638.npz,OITH04,2002/11/4 13:36,2002/11/4 13:36,5.7,train
train_007639,record_007639.npz,OITH04,2006/3/27 11:50,2006/3/27 11:50,5.5,train
train_007640,record_007640.npz,OITH04,2006/6/12 5:01,2006/6/12 5:01,6.2,train
train_007641,record_007641.npz,OITH04,2006/9/26 7:03,2006/9/26 7:04,5.3,train
train_007642,record_007642.npz,OITH04,2007/11/29 20:17,2007/11/29 20:18,4.3,train
train_007643,record_007643.npz,OITH04,2008/3/10 10:44,2008/3/10 10:44,5.1,train
train_007644,record_007644.npz,OITH04,2008/5/1 5:51,2008/5/1 5:52,4.1,train
train_007645,record_007645.npz,OITH04,2009/1/25 2:33,2009/1/25 2:33,4.4,train
train_007646,record_007646.npz,OITH04,2009/4/5 18:36,2009/4/5 18:36,5.6,train
train_007647,record_007647.npz,OITH04,2009/6/14 19:17,2009/6/14 19:18,4.2,train
train_007648,record_007648.npz,OITH04,2009/6/25 23:04,2009/6/25 23:04,4.7,train
train_007649,record_007649.npz,OITH04,2009/7/18 5:16,2009/7/18 5:16,4.3,train
train_007650,record_007650.npz,OITH04,2009/8/5 12:51,2009/8/5 12:51,5,train
train_007651,record_007651.npz,OITH04,2009/10/29 2:37,2009/10/29 2:37,4.7,train
train_007652,record_007652.npz,OITH04,2010/5/13 20:01,2010/5/13 20:01,4.7,train
train_007653,record_007653.npz,OITH04,2010/8/10 21:24,2010/8/10 21:24,4.4,train
train_007654,record_007654.npz,OITH04,2010/12/7 9:36,2010/12/7 9:36,4.1,train
train_007655,record_007655.npz,OITH04,2011/2/28 9:04,2011/2/28 9:04,4.6,train
train_007656,record_007656.npz,OITH05,2001/3/24 15:28,2001/3/24 15:28,6.4,train
train_007657,record_007657.npz,OITH05,2001/4/25 23:40,2001/4/25 23:40,5.6,train
train_007658,record_007658.npz,OITH05,2001/9/6 1:29,2001/9/6 1:29,4.3,train
train_007659,record_007659.npz,OITH05,2002/4/6 1:57,2002/4/6 1:57,4.5,train
train_007660,record_007660.npz,OITH05,2002/5/6 18:45,2002/5/6 18:45,4.3,train
train_007661,record_007661.npz,OITH05,2002/11/4 13:36,2002/11/4 13:36,5.7,train
train_007662,record_007662.npz,OITH05,2008/3/10 10:44,2008/3/10 10:45,5.1,train
train_007663,record_007663.npz,OITH05,2008/5/1 5:51,2008/5/1 5:52,4.1,train
train_007664,record_007664.npz,OITH05,2009/1/25 2:33,2009/1/25 2:33,4.4,train
train_007665,record_007665.npz,OITH05,2009/4/5 18:36,2009/4/5 18:36,5.6,train
train_007666,record_007666.npz,OITH05,2009/6/14 19:17,2009/6/14 19:18,4.2,train
train_007667,record_007667.npz,OITH05,2009/6/25 23:04,2009/6/25 23:04,4.7,train
train_007668,record_007668.npz,OITH05,2009/7/18 5:16,2009/7/18 5:16,4.3,train
train_007669,record_007669.npz,OITH05,2009/8/3 20:18,2009/8/3 20:18,4.7,train
train_007670,record_007670.npz,OITH05,2009/8/5 12:51,2009/8/5 12:51,5,train
train_007671,record_007671.npz,OITH05,2009/8/6 11:22,2009/8/6 11:22,4.3,train
train_007672,record_007672.npz,OITH05,2009/10/29 2:37,2009/10/29 2:37,4.7,train
train_007673,record_007673.npz,OITH05,2009/12/16 14:12,2009/12/16 14:13,4.6,train
train_007674,record_007674.npz,OITH05,2010/4/17 5:35,2010/4/17 5:35,4.3,train
train_007675,record_007675.npz,OITH05,2010/5/13 20:01,2010/5/13 20:01,4.7,train
train_007676,record_007676.npz,OITH05,2010/8/10 21:24,2010/8/10 21:24,4.4,train
train_007677,record_007677.npz,OITH05,2010/12/7 9:36,2010/12/7 9:36,4.1,train
train_007678,record_007678.npz,OITH05,2011/2/28 9:04,2011/2/28 9:04,4.6,train
train_007679,record_007679.npz,OITH06,2000/6/2 21:26,2000/6/2 21:26,4.2,train
train_007680,record_007680.npz,OITH06,2000/6/8 9:32,2000/6/8 9:32,4.8,train
train_007681,record_007681.npz,OITH06,2001/3/24 15:28,2001/3/24 15:28,6.4,train
train_007682,record_007682.npz,OITH06,2001/4/25 23:40,2001/4/25 23:40,5.6,train
train_007683,record_007683.npz,OITH06,2001/8/30 5:52,2001/8/30 5:53,4.6,train
train_007684,record_007684.npz,OITH06,2001/9/6 1:29,2001/9/6 1:29,4.3,train
train_007685,record_007685.npz,OITH06,2001/9/17 11:21,2001/9/17 11:22,4.7,train
train_007686,record_007686.npz,OITH06,2002/11/4 13:36,2002/11/4 13:36,5.7,train
train_007687,record_007687.npz,OITH06,2006/3/27 11:50,2006/3/27 11:50,5.5,train
train_007688,record_007688.npz,OITH06,2006/6/12 5:01,2006/6/12 5:01,6.2,train
train_007689,record_007689.npz,OITH06,2006/9/26 7:03,2006/9/26 7:04,5.3,train
train_007690,record_007690.npz,OITH06,2008/3/10 10:44,2008/3/10 10:44,5.1,train
train_007691,record_007691.npz,OITH06,2008/5/1 5:51,2008/5/1 5:52,4.1,train
train_007692,record_007692.npz,OITH06,2008/5/11 4:19,2008/5/11 4:19,4.1,train
train_007693,record_007693.npz,OITH06,2009/1/25 2:33,2009/1/25 2:33,4.4,train
train_007694,record_007694.npz,OITH06,2009/4/5 18:36,2009/4/5 18:36,5.6,train
train_007695,record_007695.npz,OITH06,2009/6/14 19:17,2009/6/14 19:18,4.2,train
train_007696,record_007696.npz,OITH06,2009/6/25 23:04,2009/6/25 23:04,4.7,train
train_007697,record_007697.npz,OITH06,2009/7/18 5:16,2009/7/18 5:16,4.3,train
train_007698,record_007698.npz,OITH06,2009/8/3 20:18,2009/8/3 20:18,4.7,train
train_007699,record_007699.npz,OITH06,2009/8/5 12:51,2009/8/5 12:51,5,train
train_007700,record_007700.npz,OITH06,2009/8/6 11:22,2009/8/6 11:22,4.3,train
train_007701,record_007701.npz,OITH06,2009/10/29 2:37,2009/10/29 2:37,4.7,train
train_007702,record_007702.npz,OITH06,2009/12/16 14:12,2009/12/16 14:13,4.6,train
train_007703,record_007703.npz,OITH06,2010/5/13 20:01,2010/5/13 20:01,4.7,train
train_007704,record_007704.npz,OITH06,2010/8/10 21:24,2010/8/10 21:24,4.4,train
train_007705,record_007705.npz,OITH07,2001/3/24 15:28,2001/3/24 15:28,6.4,train
train_007706,record_007706.npz,OITH07,2001/4/25 23:40,2001/4/25 23:40,5.6,train
train_007707,record_007707.npz,OITH07,2002/11/4 13:36,2002/11/4 13:36,5.7,train
train_007708,record_007708.npz,OITH07,2006/3/27 11:50,2006/3/27 11:50,5.5,train
train_007709,record_007709.npz,OITH07,2006/6/12 5:01,2006/6/12 5:01,6.2,train
train_007710,record_007710.npz,OITH07,2006/9/26 7:03,2006/9/26 7:04,5.3,train
train_007711,record_007711.npz,OITH07,2007/6/6 23:42,2007/6/6 23:42,4.9,train
train_007712,record_007712.npz,OITH07,2007/6/7 0:18,2007/6/7 0:18,4.2,train
train_007713,record_007713.npz,OITH07,2007/6/7 20:50,2007/6/7 20:50,4.7,train
train_007714,record_007714.npz,OITH07,2007/11/29 20:17,2007/11/29 20:18,4.3,train
train_007715,record_007715.npz,OITH07,2008/3/8 3:52,2008/3/8 3:52,4.1,train
train_007716,record_007716.npz,OITH07,2008/3/10 10:44,2008/3/10 10:44,5.1,train
train_007717,record_007717.npz,OITH07,2008/5/1 5:51,2008/5/1 5:52,4.1,train
train_007718,record_007718.npz,OITH07,2008/5/11 4:19,2008/5/11 4:19,4.1,train
train_007719,record_007719.npz,OITH07,1999/12/22 20:17,1999/12/22 20:17,4.8,train
train_007720,record_007720.npz,OITH08,2000/2/28 19:30,2000/2/28 19:30,4.1,train
train_007721,record_007721.npz,OITH08,2000/4/2 21:25,2000/4/2 21:25,4.5,train
train_007722,record_007722.npz,OITH08,2000/5/17 12:04,2000/5/17 12:04,4.1,train
train_007723,record_007723.npz,OITH08,2000/5/19 2:29,2000/5/19 2:30,4.4,train
train_007724,record_007724.npz,OITH08,2000/5/23 8:56,2000/5/23 8:56,4.4,train
train_007725,record_007725.npz,OITH08,2000/6/2 21:26,2000/6/2 21:26,4.2,train
train_007726,record_007726.npz,OITH08,2000/6/8 9:32,2000/6/8 9:33,4.8,train
train_007727,record_007727.npz,OITH08,2000/7/3 22:24,2000/7/3 22:25,4.9,train
train_007728,record_007728.npz,OITH08,2001/3/24 15:28,2001/3/24 15:28,6.4,train
train_007729,record_007729.npz,OITH08,2001/4/3 21:14,2001/4/3 21:15,4.4,train
train_007730,record_007730.npz,OITH08,2001/4/25 23:40,2001/4/25 23:40,5.6,train
train_007731,record_007731.npz,OITH08,2001/9/6 1:29,2001/9/6 1:29,4.3,train
train_007732,record_007732.npz,OITH08,2002/3/8 22:02,2002/3/8 22:03,4.2,train
train_007733,record_007733.npz,OITH08,2002/5/6 18:45,2002/5/6 18:45,4.3,train
train_007734,record_007734.npz,OITH08,2002/11/4 13:36,2002/11/4 13:36,5.7,train
train_007735,record_007735.npz,OITH08,2010/5/13 20:01,2010/5/13 20:01,4.7,train
train_007736,record_007736.npz,OITH08,2010/8/10 21:24,2010/8/10 21:24,4.4,train
train_007737,record_007737.npz,OITH08,2010/12/7 9:36,2010/12/7 9:36,4.1,train
train_007738,record_007738.npz,OITH08,2011/2/28 9:04,2011/2/28 9:04,4.6,train
train_007739,record_007739.npz,OITH10,2000/1/13 8:02,2000/1/13 8:02,4.2,train
train_007740,record_007740.npz,OITH10,2000/2/28 19:30,2000/2/28 19:30,4.1,train
train_007741,record_007741.npz,OITH10,2000/4/2 21:25,2000/4/2 21:25,4.5,train
train_007742,record_007742.npz,OITH10,2001/3/24 15:28,2001/3/24 15:28,6.4,train
train_007743,record_007743.npz,OITH10,2001/4/25 23:40,2001/4/25 23:40,5.6,train
train_007744,record_007744.npz,OITH10,2002/11/4 13:36,2002/11/4 13:36,5.7,train
train_007745,record_007745.npz,OITH11,2002/5/6 18:45,2002/5/6 18:45,4.3,train
train_007746,record_007746.npz,OITH11,2002/9/25 14:45,2002/9/25 14:45,4.5,train
train_007747,record_007747.npz,OITH11,2002/11/4 13:36,2002/11/4 13:36,5.7,train
train_007748,record_007748.npz,OITH11,2005/4/20 6:11,2005/4/20 6:11,5.8,train
train_007749,record_007749.npz,OITH11,2010/2/21 11:49,2010/2/21 11:50,4.5,train
train_007750,record_007750.npz,OITH11,2010/5/13 20:01,2010/5/13 20:01,4.7,train
train_007751,record_007751.npz,OITH11,2010/8/10 21:24,2010/8/10 21:24,4.4,train
train_007752,record_007752.npz,OITH11,2010/12/7 9:36,2010/12/7 9:36,4.1,train
train_007753,record_007753.npz,OKYH01,2000/10/6 13:30,2000/10/6 13:30,7.3,train
train_007754,record_007754.npz,OKYH01,2001/3/24 15:28,2001/3/24 15:28,6.4,train
train_007755,record_007755.npz,OKYH01,2002/1/24 16:08,2002/1/24 16:09,4.5,train
train_007756,record_007756.npz,OKYH01,2002/3/6 7:12,2002/3/6 7:12,4.5,train
train_007757,record_007757.npz,OKYH01,2004/4/20 22:26,2004/4/20 22:27,4.6,train
train_007758,record_007758.npz,OKYH01,2005/5/27 3:17,2005/5/27 3:17,4.7,train
train_007759,record_007759.npz,OKYH01,2007/4/26 9:03,2007/4/26 9:03,5.3,train
train_007760,record_007760.npz,OKYH01,2008/3/8 3:52,2008/3/8 3:52,4.1,train
train_007761,record_007761.npz,OKYH01,2008/4/17 0:58,2008/4/17 0:59,4.1,train
train_007762,record_007762.npz,OKYH01,2010/2/21 11:49,2010/2/21 11:50,4.5,train
train_007763,record_007763.npz,OKYH01,2010/7/21 6:19,2010/7/21 6:19,5.1,train
train_007764,record_007764.npz,OKYH01,2010/7/23 14:25,2010/7/23 14:26,4.4,train
train_007765,record_007765.npz,OKYH01,2010/10/6 13:51,2010/10/6 13:52,4.5,train
train_007766,record_007766.npz,OKYH01,2010/11/29 15:52,2010/11/29 15:53,4.1,train
train_007767,record_007767.npz,OKYH01,2011/1/16 20:33,2011/1/16 20:33,4.5,train
train_007768,record_007768.npz,OKYH01,2011/2/21 15:46,2011/2/21 15:46,4.8,train
train_007769,record_007769.npz,OKYH04,2000/10/6 13:30,2000/10/6 13:30,7.3,train
train_007770,record_007770.npz,OKYH04,2000/10/8 13:17,2000/10/8 13:18,5.5,train
train_007771,record_007771.npz,OKYH04,2001/1/12 8:00,2001/1/12 8:00,5.4,train
train_007772,record_007772.npz,OKYH04,2001/1/14 8:55,2001/1/14 8:55,4.1,train
train_007773,record_007773.npz,OKYH04,2001/1/20 5:20,2001/1/20 5:20,4.7,train
train_007774,record_007774.npz,OKYH04,2001/1/20 7:24,2001/1/20 7:24,4.5,train
train_007775,record_007775.npz,OKYH04,2001/3/24 15:28,2001/3/24 15:28,6.4,train
train_007776,record_007776.npz,OKYH04,2003/8/14 23:46,2003/8/14 23:46,4.6,train
train_007777,record_007777.npz,OKYH04,2006/5/8 12:45,2006/5/8 12:46,4.2,train
train_007778,record_007778.npz,OKYH04,2007/4/26 9:03,2007/4/26 9:03,5.3,train
train_007779,record_007779.npz,OKYH04,2009/7/22 23:51,2009/7/22 23:51,4.6,train
train_007780,record_007780.npz,OKYH04,2010/2/21 11:49,2010/2/21 11:50,4.5,train
train_007781,record_007781.npz,OKYH04,2010/7/21 6:19,2010/7/21 6:19,5.1,train
train_007782,record_007782.npz,OKYH04,2010/10/6 13:51,2010/10/6 13:52,4.5,train
train_007783,record_007783.npz,OKYH04,2011/1/16 20:33,2011/1/16 20:33,4.5,train
train_007784,record_007784.npz,OKYH04,2011/2/21 15:46,2011/2/21 15:46,4.8,train
train_007785,record_007785.npz,OKYH05,2000/7/17 8:00,2000/7/17 8:00,4.3,train
train_007786,record_007786.npz,OKYH05,2000/10/6 13:30,2000/10/6 13:30,7.3,train
train_007787,record_007787.npz,OKYH05,2000/10/7 4:59,2000/10/7 4:59,4.9,train
train_007788,record_007788.npz,OKYH05,2000/10/8 13:17,2000/10/8 13:18,5.5,train
train_007789,record_007789.npz,OKYH05,2000/10/17 22:17,2000/10/17 22:17,4.2,train
train_007790,record_007790.npz,OKYH05,2000/11/3 16:33,2000/11/3 16:34,4.5,train
train_007791,record_007791.npz,OKYH05,2001/1/12 8:00,2001/1/12 8:00,5.4,train
train_007792,record_007792.npz,OKYH05,2001/3/24 15:28,2001/3/24 15:28,6.4,train
train_007793,record_007793.npz,OKYH05,2005/2/14 0:22,2005/2/14 0:22,4.1,train
train_007794,record_007794.npz,OKYH05,2007/4/26 9:03,2007/4/26 9:03,5.3,train
train_007795,record_007795.npz,OKYH05,2011/1/16 20:33,2011/1/16 20:33,4.5,train
train_007796,record_007796.npz,OKYH06,2000/1/13 8:02,2000/1/13 8:02,4.2,train
train_007797,record_007797.npz,OKYH06,2000/3/18 11:08,2000/3/18 11:09,4.1,train
train_007798,record_007798.npz,OKYH06,2000/10/6 13:30,2000/10/6 13:30,7.3,train
train_007799,record_007799.npz,OKYH06,2001/3/24 15:28,2001/3/24 15:28,6.4,train
train_007800,record_007800.npz,OKYH06,2007/4/26 9:03,2007/4/26 9:03,5.3,train
train_007801,record_007801.npz,OKYH06,2008/3/8 3:52,2008/3/8 3:52,4.1,train
train_007802,record_007802.npz,OKYH06,2008/4/17 0:58,2008/4/17 0:59,4.1,train
train_007803,record_007803.npz,OKYH06,2010/2/21 11:49,2010/2/21 11:50,4.5,train
train_007804,record_007804.npz,OKYH06,2010/4/17 5:35,2010/4/17 5:35,4.3,train
train_007805,record_007805.npz,OKYH06,2010/7/23 14:25,2010/7/23 14:26,4.4,train
train_007806,record_007806.npz,OKYH06,2011/1/16 20:33,2011/1/16 20:33,4.5,train
train_007807,record_007807.npz,OKYH07,2001/3/24 15:28,2001/3/24 15:28,6.4,train
train_007808,record_007808.npz,OKYH07,2002/3/6 7:12,2002/3/6 7:12,4.5,train
train_007809,record_007809.npz,OKYH07,2002/9/16 10:10,2002/9/16 10:11,5.3,train
train_007810,record_007810.npz,OKYH07,2010/2/21 11:49,2010/2/21 11:50,4.5,train
train_007811,record_007811.npz,OKYH07,2011/1/16 20:33,2011/1/16 20:33,4.5,train
train_007812,record_007812.npz,OKYH08,2000/10/6 13:30,2000/10/6 13:30,7.3,train
train_007813,record_007813.npz,OKYH08,2000/10/8 13:17,2000/10/8 13:18,5.5,train
train_007814,record_007814.npz,OKYH08,2000/10/10 21:58,2000/10/10 21:58,4.4,train
train_007815,record_007815.npz,OKYH08,2000/12/7 23:09,2000/12/7 23:09,4.2,train
train_007816,record_007816.npz,OKYH08,2001/3/24 15:28,2001/3/24 15:28,6.4,train
train_007817,record_007817.npz,OKYH08,2002/3/6 7:12,2002/3/6 7:12,4.5,train
train_007818,record_007818.npz,OKYH08,2008/4/17 0:58,2008/4/17 0:59,4.1,train
train_007819,record_007819.npz,OKYH08,2010/2/21 11:49,2010/2/21 11:50,4.5,train
train_007820,record_007820.npz,OKYH08,2010/4/17 5:35,2010/4/17 5:35,4.3,train
train_007821,record_007821.npz,OKYH08,2011/1/16 20:33,2011/1/16 20:33,4.5,train
train_007822,record_007822.npz,OKYH09,2000/5/16 4:09,2000/5/16 4:10,4.3,train
train_007823,record_007823.npz,OKYH09,2000/7/17 8:00,2000/7/17 8:00,4.3,train
train_007824,record_007824.npz,OKYH09,2000/10/6 13:30,2000/10/6 13:30,7.3,train
train_007825,record_007825.npz,OKYH09,2000/10/7 4:59,2000/10/7 4:59,4.9,train
train_007826,record_007826.npz,OKYH09,2001/1/12 8:00,2001/1/12 8:00,5.4,train
train_007827,record_007827.npz,OKYH09,2001/2/11 9:17,2001/2/11 9:17,4.3,train
train_007828,record_007828.npz,OKYH09,2001/8/25 22:21,2001/8/25 22:21,5.1,train
train_007829,record_007829.npz,OKYH09,2002/1/24 16:08,2002/1/24 16:08,4.5,train
train_007830,record_007830.npz,OKYH09,2002/3/6 7:12,2002/3/6 7:12,4.5,train
train_007831,record_007831.npz,OKYH09,2002/3/25 22:58,2002/3/25 22:59,4.7,train
train_007832,record_007832.npz,OKYH09,2008/4/17 0:58,2008/4/17 0:59,4.1,train
train_007833,record_007833.npz,OKYH09,2010/2/21 11:49,2010/2/21 11:50,4.5,train
train_007834,record_007834.npz,OKYH09,2011/1/16 20:33,2011/1/16 20:33,4.5,train
train_007835,record_007835.npz,OKYH10,2000/5/16 4:09,2000/5/16 4:09,4.3,train
train_007836,record_007836.npz,OKYH10,2000/10/6 13:30,2000/10/6 13:30,7.3,train
train_007837,record_007837.npz,OKYH10,2000/10/6 14:43,2000/10/6 14:43,4.1,train
train_007838,record_007838.npz,OKYH10,2000/10/6 14:52,2000/10/6 14:53,4.4,train
train_007839,record_007839.npz,OKYH10,2000/10/6 23:13,2000/10/6 23:13,4.1,train
train_007840,record_007840.npz,OKYH10,2000/10/7 4:59,2000/10/7 4:59,4.9,train
train_007841,record_007841.npz,OKYH10,2000/10/7 6:38,2000/10/7 6:38,4.2,train
train_007842,record_007842.npz,OKYH10,2000/10/7 12:03,2000/10/7 12:04,4.2,train
train_007843,record_007843.npz,OKYH10,2000/10/8 13:17,2000/10/8 13:18,5.5,train
train_007844,record_007844.npz,OKYH10,2000/10/8 20:51,2000/10/8 20:51,5,train
train_007845,record_007845.npz,OKYH10,2000/10/10 21:58,2000/10/10 21:58,4.4,train
train_007846,record_007846.npz,OKYH10,2000/10/17 22:17,2000/10/17 22:17,4.2,train
train_007847,record_007847.npz,OKYH10,2000/11/3 16:33,2000/11/3 16:34,4.5,train
train_007848,record_007848.npz,OKYH10,2001/1/12 8:00,2001/1/12 8:00,5.4,train
train_007849,record_007849.npz,OKYH10,2001/3/24 15:28,2001/3/24 15:28,6.4,train
train_007850,record_007850.npz,OKYH10,2002/3/6 7:12,2002/3/6 7:12,4.5,train
train_007851,record_007851.npz,OKYH11,2000/3/18 11:08,2000/3/18 11:09,4.1,train
train_007852,record_007852.npz,OKYH11,2000/10/6 13:30,2000/10/6 13:30,7.3,train
train_007853,record_007853.npz,OKYH11,2001/1/12 8:00,2001/1/12 8:00,5.4,train
train_007854,record_007854.npz,OKYH11,2001/1/14 8:55,2001/1/14 8:55,4.1,train
train_007855,record_007855.npz,OKYH11,2008/4/17 0:58,2008/4/17 0:58,4.1,train
train_007856,record_007856.npz,OKYH11,2008/8/30 18:28,2008/8/30 18:29,4.2,train
train_007857,record_007857.npz,OKYH11,2010/7/21 6:19,2010/7/21 6:20,5.1,train
train_007858,record_007858.npz,OKYH11,2011/1/16 20:33,2011/1/16 20:33,4.5,train
train_007859,record_007859.npz,OKYH11,2011/2/21 15:46,2011/2/21 15:46,4.8,train
train_007860,record_007860.npz,OKYH12,2000/3/18 11:08,2000/3/18 11:09,4.1,train
train_007861,record_007861.npz,OKYH12,2000/5/16 4:09,2000/5/16 4:09,4.3,train
train_007862,record_007862.npz,OKYH12,2000/6/5 9:54,2000/6/5 9:55,4.7,train
train_007863,record_007863.npz,OKYH12,2000/10/6 13:30,2000/10/6 13:30,7.3,train
train_007864,record_007864.npz,OKYH12,2001/1/12 8:00,2001/1/12 8:00,5.4,train
train_007865,record_007865.npz,OKYH12,2001/1/24 0:03,2001/1/24 0:03,4.2,train
train_007866,record_007866.npz,OKYH12,2001/3/24 15:28,2001/3/24 15:28,6.4,train
train_007867,record_007867.npz,OKYH12,2008/4/17 0:58,2008/4/17 0:58,4.1,train
train_007868,record_007868.npz,OKYH12,2009/2/18 6:47,2009/2/18 6:47,5.2,train
train_007869,record_007869.npz,OKYH12,2010/10/6 13:51,2010/10/6 13:52,4.5,train
train_007870,record_007870.npz,OKYH12,2011/2/21 15:46,2011/2/21 15:46,4.8,train
train_007871,record_007871.npz,OKYH14,2000/10/6 13:30,2000/10/6 13:30,7.3,train
train_007872,record_007872.npz,OKYH14,2000/10/17 22:17,2000/10/17 22:17,4.2,train
train_007873,record_007873.npz,OKYH14,2000/12/7 23:09,2000/12/7 23:09,4.2,train
train_007874,record_007874.npz,OKYH14,2001/3/24 15:28,2001/3/24 15:28,6.4,train
train_007875,record_007875.npz,OKYH14,2008/4/17 0:58,2008/4/17 0:59,4.1,train
train_007876,record_007876.npz,OKYH14,2010/2/21 11:49,2010/2/21 11:50,4.5,train
train_007877,record_007877.npz,OKYH14,2011/1/16 20:33,2011/1/16 20:33,4.5,train
train_007878,record_007878.npz,OSKH03,2000/10/31 1:43,2000/10/31 1:43,5.5,train
train_007879,record_007879.npz,OSKH03,2001/8/25 22:21,2001/8/25 22:21,5.1,train
train_007880,record_007880.npz,OSKH03,2002/4/28 10:34,2002/4/28 10:34,4.3,train
train_007881,record_007881.npz,OSKH03,2002/11/19 18:36,2002/11/19 18:36,4.2,train
train_007882,record_007882.npz,OSKH03,2003/2/6 2:37,2003/2/6 2:37,4.5,train
train_007883,record_007883.npz,OSKH03,2008/4/17 0:58,2008/4/17 0:58,4.1,train
train_007884,record_007884.npz,OSKH03,2008/8/30 18:28,2008/8/30 18:28,4.2,train
train_007885,record_007885.npz,OSKH03,1998/6/23 22:54,1998/6/23 22:54,4.2,train
train_007886,record_007886.npz,OSKH03,1999/8/21 5:33,1999/8/21 5:33,5.4,train
train_007887,record_007887.npz,OSKH04,2000/10/31 1:43,2000/10/31 1:43,5.5,train
train_007888,record_007888.npz,OSKH04,2001/1/12 8:00,2001/1/12 8:00,5.4,train
train_007889,record_007889.npz,OSKH04,2001/8/25 22:21,2001/8/25 22:21,5.1,train
train_007890,record_007890.npz,OSKH04,2003/2/6 2:37,2003/2/6 2:37,4.5,train
train_007891,record_007891.npz,OSKH04,2008/10/1 9:25,2008/10/1 9:25,4.4,train
train_007892,record_007892.npz,OSKH04,2009/2/18 6:47,2009/2/18 6:47,5.2,train
train_007893,record_007893.npz,OSKH04,2010/7/21 6:19,2010/7/21 6:19,5.1,train
train_007894,record_007894.npz,OSKH04,2011/2/21 15:46,2011/2/21 15:46,4.8,train
train_007895,record_007895.npz,OSKH04,1999/8/21 5:33,1999/8/21 5:33,5.4,train
train_007896,record_007896.npz,OSKH04,1999/11/7 3:34,1999/11/7 3:34,4.8,train
train_007897,record_007897.npz,OSKH04,1999/11/29 21:34,1999/11/29 21:34,4.7,train
train_007898,record_007898.npz,OSKH05,2010/7/21 6:19,2010/7/21 6:19,5.1,train
train_007899,record_007899.npz,OSKH05,2010/11/29 15:52,2010/11/29 15:52,4.1,train
train_007900,record_007900.npz,OSKH05,2011/2/21 15:46,2011/2/21 15:46,4.8,train
train_007901,record_007901.npz,OSMH01,2001/8/14 5:11,2001/8/14 5:11,6.2,train
train_007902,record_007902.npz,OSMH01,2002/2/14 10:12,2002/2/14 10:12,5,train
train_007903,record_007903.npz,OSMH01,2002/10/14 23:13,2002/10/14 23:13,5.9,train
train_007904,record_007904.npz,OSMH01,2004/8/10 22:49,2004/8/10 22:49,4.5,train
train_007905,record_007905.npz,OSMH01,2006/4/26 23:10,2006/4/26 23:11,4.6,train
train_007906,record_007906.npz,OSMH01,2007/5/19 1:00,2007/5/19 1:00,5.3,train
train_007907,record_007907.npz,OSMH01,2007/7/10 13:15,2007/7/10 13:15,4.5,train
train_007908,record_007908.npz,OSMH01,2009/7/11 0:01,2009/7/11 0:01,4.7,train
train_007909,record_007909.npz,OSMH01,2009/8/24 14:26,2009/8/24 14:26,5.4,train
train_007910,record_007910.npz,OSMH01,2009/10/10 17:43,2009/10/10 17:43,5.1,train
train_007911,record_007911.npz,OSMH01,2009/11/10 3:01,2009/11/10 3:02,4.4,train
train_007912,record_007912.npz,OSMH01,2009/12/30 4:23,2009/12/30 4:23,4.8,train
train_007913,record_007913.npz,OSMH01,2010/1/24 16:19,2010/1/24 16:19,4.5,train
train_007914,record_007914.npz,OSMH01,2010/3/14 10:59,2010/3/14 10:59,4.3,train
train_007915,record_007915.npz,OSMH01,2010/6/19 19:01,2010/6/19 19:01,4.9,train
train_007916,record_007916.npz,OSMH01,2010/6/28 6:03,2010/6/28 6:03,5.1,train
train_007917,record_007917.npz,OSMH01,2010/7/2 21:30,2010/7/2 21:30,4.2,train
train_007918,record_007918.npz,OSMH01,2010/8/31 11:30,2010/8/31 11:31,4.9,train
train_007919,record_007919.npz,OSMH01,2010/9/13 14:48,2010/9/13 14:48,5.8,train
train_007920,record_007920.npz,OSMH01,2010/10/11 23:10,2010/10/11 23:10,4.2,train
train_007921,record_007921.npz,OSMH01,2010/11/4 5:33,2010/11/4 5:34,4.4,train
train_007922,record_007922.npz,OSMH01,2011/3/12 4:47,2011/3/12 4:47,6.4,train
train_007923,record_007923.npz,OSMH02,2001/1/16 4:44,2001/1/16 4:44,4.1,train
train_007924,record_007924.npz,OSMH02,2001/4/3 4:54,2001/4/3 4:54,5.4,train
train_007925,record_007925.npz,OSMH02,2001/8/14 5:11,2001/8/14 5:11,6.2,train
train_007926,record_007926.npz,OSMH02,2001/8/16 5:32,2001/8/16 5:33,4.5,train
train_007927,record_007927.npz,OSMH02,2001/8/24 18:48,2001/8/24 18:48,5.2,train
train_007928,record_007928.npz,OSMH02,2001/9/29 2:07,2001/9/29 2:07,4.2,train
train_007929,record_007929.npz,OSMH02,2001/10/12 0:09,2001/10/12 0:09,4.4,train
train_007930,record_007930.npz,OSMH02,2001/11/12 20:30,2001/11/12 20:30,4.4,train
train_007931,record_007931.npz,OSMH02,2001/11/21 19:25,2001/11/21 19:26,4.5,train
train_007932,record_007932.npz,OSMH02,2002/1/23 12:09,2002/1/23 12:09,4.4,train
train_007933,record_007933.npz,OSMH02,2002/2/14 10:12,2002/2/14 10:12,5,train
train_007934,record_007934.npz,OSMH02,2002/4/4 8:42,2002/4/4 8:42,5.3,train
train_007935,record_007935.npz,OSMH02,2002/4/21 6:30,2002/4/21 6:30,4.7,train
train_007936,record_007936.npz,OSMH02,2002/5/30 14:08,2002/5/30 14:08,4.6,train
train_007937,record_007937.npz,OSMH02,2002/8/12 6:55,2002/8/12 6:56,5,train
train_007938,record_007938.npz,OSMH02,2002/8/29 18:04,2002/8/29 18:04,4.6,train
train_007939,record_007939.npz,OSMH02,2002/10/14 23:13,2002/10/14 23:13,5.9,train
train_007940,record_007940.npz,OSMH02,2002/10/19 5:26,2002/10/19 5:27,4.3,train
train_007941,record_007941.npz,OSMH02,2003/1/6 13:43,2003/1/6 13:43,4.9,train
train_007942,record_007942.npz,OSMH02,2003/1/28 20:09,2003/1/28 20:10,4.5,train
train_007943,record_007943.npz,OSMH02,2003/2/24 2:00,2003/2/24 2:00,4.6,train
train_007944,record_007944.npz,OSMH02,2005/1/6 22:00,2005/1/6 22:01,5.3,train
train_007945,record_007945.npz,OSMH02,2005/12/13 6:01,2005/12/13 6:02,5.5,train
train_007946,record_007946.npz,OSMH02,2007/7/10 13:15,2007/7/10 13:15,4.5,train
train_007947,record_007947.npz,RMIH03,2004/12/14 14:56,2004/12/14 14:56,6.1,train
train_007948,record_007948.npz,RMIH05,2009/2/28 9:36,2009/2/28 9:36,5.3,train
train_007949,record_007949.npz,RMIH05,2009/10/5 9:35,2009/10/5 9:36,4.7,train
train_007950,record_007950.npz,RMIH05,2010/8/14 13:25,2010/8/14 13:25,4.6,train
train_007951,record_007951.npz,SAGH01,2005/4/20 6:11,2005/4/20 6:11,5.8,train
train_007952,record_007952.npz,SAGH01,2005/4/20 9:09,2005/4/20 9:09,5.1,train
train_007953,record_007953.npz,SAGH01,2009/6/25 23:04,2009/6/25 23:04,4.7,train
train_007954,record_007954.npz,SAGH02,2000/6/8 9:32,2000/6/8 9:33,4.8,train
train_007955,record_007955.npz,SAGH02,2005/3/25 21:03,2005/3/25 21:03,4.1,train
train_007956,record_007956.npz,SAGH02,2005/4/1 21:52,2005/4/1 21:52,4.3,train
train_007957,record_007957.npz,SAGH02,2005/4/6 8:00,2005/4/6 8:00,4.1,train
train_007958,record_007958.npz,SAGH02,2005/4/10 20:34,2005/4/10 20:34,5,train
train_007959,record_007959.npz,SAGH02,2005/4/20 6:11,2005/4/20 6:11,5.8,train
train_007960,record_007960.npz,SAGH02,2005/4/20 6:22,2005/4/20 6:23,4.7,train
train_007961,record_007961.npz,SAGH02,2005/4/20 6:44,2005/4/20 6:45,4.5,train
train_007962,record_007962.npz,SAGH02,2005/4/20 9:09,2005/4/20 9:09,5.1,train
train_007963,record_007963.npz,SAGH02,2005/5/2 1:24,2005/5/2 1:24,5,train
train_007964,record_007964.npz,SAGH03,2005/4/20 6:11,2005/4/20 6:11,5.8,train
train_007965,record_007965.npz,SAGH03,2005/4/20 9:09,2005/4/20 9:09,5.1,train
train_007966,record_007966.npz,SAGH03,2005/5/2 1:24,2005/5/2 1:24,5,train
train_007967,record_007967.npz,SAGH03,2007/9/24 17:12,2007/9/24 17:13,4.1,train
train_007968,record_007968.npz,SAGH03,2008/5/20 14:41,2008/5/20 14:42,4.2,train
train_007969,record_007969.npz,SAGH03,2009/6/25 23:04,2009/6/25 23:04,4.7,train
train_007970,record_007970.npz,SAGH03,2009/8/3 20:18,2009/8/3 20:18,4.7,train
train_007971,record_007971.npz,SAGH03,2010/5/13 20:01,2010/5/13 20:01,4.7,train
train_007972,record_007972.npz,SAGH04,2005/4/20 6:11,2005/4/20 6:11,5.8,train
train_007973,record_007973.npz,SAGH04,2005/4/20 9:09,2005/4/20 9:09,5.1,train
train_007974,record_007974.npz,SBSH08,2003/11/24 21:18,2003/11/24 21:18,5.3,train
train_007975,record_007975.npz,SBSH08,2004/6/11 3:12,2004/6/11 3:12,5.2,train
train_007976,record_007976.npz,SBSH08,2008/1/13 2:11,2008/1/13 2:11,4.1,train
train_007977,record_007977.npz,SBSH08,2008/4/29 14:26,2008/4/29 14:26,5.7,train
train_007978,record_007978.npz,SBSH08,2008/6/26 8:37,2008/6/26 8:37,5.4,train
train_007979,record_007979.npz,SBSH08,2008/8/9 9:54,2008/8/9 9:54,4.5,train
train_007980,record_007980.npz,SBSH08,2009/7/11 0:01,2009/7/11 0:01,4.7,train
train_007981,record_007981.npz,SBSH08,2009/10/5 9:35,2009/10/5 9:35,4.7,train
train_007982,record_007982.npz,SBSH08,2009/10/10 17:43,2009/10/10 17:43,5.1,train
train_007983,record_007983.npz,SBSH08,2009/11/10 3:01,2009/11/10 3:02,4.4,train
train_007984,record_007984.npz,SBSH08,2009/12/30 4:23,2009/12/30 4:23,4.8,train
train_007985,record_007985.npz,SBSH08,2010/1/7 5:39,2010/1/7 5:40,4.1,train
train_007986,record_007986.npz,SBSH08,2010/1/15 3:46,2010/1/15 3:46,5,train
train_007987,record_007987.npz,SBSH08,2010/1/24 16:19,2010/1/24 16:19,4.5,train
train_007988,record_007988.npz,SBSH08,2010/3/14 10:59,2010/3/14 10:59,4.3,train
train_007989,record_007989.npz,SBSH08,2010/6/28 6:03,2010/6/28 6:03,5.1,train
train_007990,record_007990.npz,SBSH08,2010/8/14 13:25,2010/8/14 13:25,4.6,train
train_007991,record_007991.npz,SBSH08,2010/9/13 14:48,2010/9/13 14:48,5.8,train
train_007992,record_007992.npz,SBSH08,2010/9/28 10:44,2010/9/28 10:44,4.1,train
train_007993,record_007993.npz,SBSH08,2010/10/14 22:59,2010/10/14 22:59,5.5,train
train_007994,record_007994.npz,SBSH08,2010/11/4 5:33,2010/11/4 5:34,4.4,train
train_007995,record_007995.npz,SBSH08,2010/12/2 6:44,2010/12/2 6:44,4.6,train
train_007996,record_007996.npz,SBSH08,2011/1/22 14:49,2011/1/22 14:49,4.4,train
train_007997,record_007997.npz,SIGH01,2000/5/16 4:09,2000/5/16 4:09,4.3,train
train_007998,record_007998.npz,SIGH01,2000/6/5 9:54,2000/6/5 9:54,4.7,train
train_007999,record_007999.npz,SIGH01,2000/6/7 6:16,2000/6/7 6:17,6.1,train
train_008000,record_008000.npz,SIGH01,2000/8/27 13:13,2000/8/27 13:13,4.1,train
train_008001,record_008001.npz,SIGH01,2000/10/31 1:43,2000/10/31 1:43,5.5,train
train_008002,record_008002.npz,SIGH01,2001/1/6 11:48,2001/1/6 11:48,4.6,train
train_008003,record_008003.npz,SIGH01,2001/6/1 0:41,2001/6/1 0:42,4.8,train
train_008004,record_008004.npz,SIGH01,2001/8/25 22:21,2001/8/25 22:21,5.1,train
train_008005,record_008005.npz,SIGH01,2002/5/12 18:52,2002/5/12 18:52,4.1,train
train_008006,record_008006.npz,SIGH01,2004/7/27 0:55,2004/7/27 0:55,4.5,train
train_008007,record_008007.npz,SIGH01,2004/10/5 8:33,2004/10/5 8:34,4.8,train
train_008008,record_008008.npz,SIGH01,2005/12/24 11:02,2005/12/24 11:02,4.8,train
train_008009,record_008009.npz,SIGH01,2007/12/21 14:23,2007/12/21 14:23,4.5,train
train_008010,record_008010.npz,SIGH01,2007/12/21 16:01,2007/12/21 16:01,4.2,train
train_008011,record_008011.npz,SIGH01,2008/4/17 0:58,2008/4/17 0:59,4.1,train
train_008012,record_008012.npz,SIGH01,2008/4/20 1:00,2008/4/20 1:00,4.3,train
train_008013,record_008013.npz,SIGH01,2008/8/8 4:35,2008/8/8 4:35,4.2,train
train_008014,record_008014.npz,SIGH01,2008/8/30 18:28,2008/8/30 18:28,4.2,train
train_008015,record_008015.npz,SIGH01,2009/2/18 6:47,2009/2/18 6:47,5.2,train
train_008016,record_008016.npz,SIGH01,2010/7/21 6:19,2010/7/21 6:19,5.1,train
train_008017,record_008017.npz,SIGH01,2011/2/27 2:19,2011/2/27 2:19,5,train
train_008018,record_008018.npz,SIGH01,2011/2/27 5:38,2011/2/27 5:38,5.5,train
train_008019,record_008019.npz,SIGH02,2002/4/28 10:34,2002/4/28 10:34,4.3,train
train_008020,record_008020.npz,SIGH02,2002/7/16 20:09,2002/7/16 20:09,4.2,train
train_008021,record_008021.npz,SIGH02,2002/9/4 18:06,2002/9/4 18:06,4.1,train
train_008022,record_008022.npz,SIGH02,2002/11/17 13:48,2002/11/17 13:48,4.5,train
train_008023,record_008023.npz,SIGH02,2002/11/19 18:36,2002/11/19 18:36,4.2,train
train_008024,record_008024.npz,SIGH02,2003/2/6 2:37,2003/2/6 2:37,4.5,train
train_008025,record_008025.npz,SIGH02,2003/3/13 21:04,2003/3/13 21:05,4.1,train
train_008026,record_008026.npz,SIGH02,1999/11/7 3:34,1999/11/7 3:34,4.8,train
train_008027,record_008027.npz,SIGH03,2000/10/31 1:43,2000/10/31 1:43,5.5,train
train_008028,record_008028.npz,SIGH03,2001/8/25 22:21,2001/8/25 22:21,5.1,train
train_008029,record_008029.npz,SIGH03,2002/4/28 10:34,2002/4/28 10:34,4.3,train
train_008030,record_008030.npz,SIGH03,2002/9/4 18:06,2002/9/4 18:06,4.1,train
train_008031,record_008031.npz,SIGH03,2003/10/5 0:29,2003/10/5 0:29,4.5,train
train_008032,record_008032.npz,SIGH03,2004/10/5 8:33,2004/10/5 8:34,4.8,train
train_008033,record_008033.npz,SIGH03,2007/4/15 12:19,2007/4/15 12:19,5.4,train
train_008034,record_008034.npz,SIGH03,2007/12/21 14:23,2007/12/21 14:23,4.5,train
train_008035,record_008035.npz,SIGH03,2008/4/17 0:58,2008/4/17 0:58,4.1,train
train_008036,record_008036.npz,SIGH03,2008/8/8 4:35,2008/8/8 4:35,4.2,train
train_008037,record_008037.npz,SIGH03,2008/8/30 18:28,2008/8/30 18:28,4.2,train
train_008038,record_008038.npz,SIGH03,2010/7/21 6:19,2010/7/21 6:19,5.1,train
train_008039,record_008039.npz,SIGH03,2011/2/27 2:19,2011/2/27 2:19,5,train
train_008040,record_008040.npz,SIGH03,1998/6/23 22:54,1998/6/23 22:54,4.2,train
train_008041,record_008041.npz,SIGH04,2000/5/16 4:09,2000/5/16 4:09,4.3,train
train_008042,record_008042.npz,SIGH04,2000/6/5 9:54,2000/6/5 9:55,4.7,train
train_008043,record_008043.npz,SIGH04,2000/10/31 1:43,2000/10/31 1:43,5.5,train
train_008044,record_008044.npz,SIGH04,2008/8/8 4:35,2008/8/8 4:35,4.2,train
train_008045,record_008045.npz,SIGH04,2008/10/1 9:25,2008/10/1 9:25,4.4,train
train_008046,record_008046.npz,SIGH04,2009/2/18 6:47,2009/2/18 6:47,5.2,train
train_008047,record_008047.npz,SIGH04,2010/11/29 15:52,2010/11/29 15:53,4.1,train
train_008048,record_008048.npz,SIGH04,2011/2/27 5:38,2011/2/27 5:38,5.5,train
train_008049,record_008049.npz,SIGH04,1999/3/16 16:43,1999/3/16 16:43,4.9,train
train_008050,record_008050.npz,SITH05,2001/7/20 6:02,2001/7/20 6:02,4.8,train
train_008051,record_008051.npz,SITH05,2003/3/13 12:13,2003/3/13 12:13,4.8,train
train_008052,record_008052.npz,SITH05,2003/4/8 4:17,2003/4/8 4:17,4.6,train
train_008053,record_008053.npz,SITH05,2004/10/6 23:40,2004/10/6 23:40,5.7,train
train_008054,record_008054.npz,SITH05,2004/10/23 17:56,2004/10/23 17:56,6.8,train
train_008055,record_008055.npz,SITH05,2004/10/23 18:03,2004/10/23 18:03,6.3,train
train_008056,record_008056.npz,SITH05,2004/10/23 18:34,2004/10/23 18:34,6.5,train
train_008057,record_008057.npz,SITH05,2004/10/25 6:05,2004/10/25 6:05,5.8,train
train_008058,record_008058.npz,SITH05,2004/10/27 10:40,2004/10/27 10:41,6.1,train
train_008059,record_008059.npz,SITH05,2005/2/8 11:29,2005/2/8 11:29,4.8,train
train_008060,record_008060.npz,SITH05,2005/7/23 16:35,2005/7/23 16:35,6,train
train_008061,record_008061.npz,SITH05,2005/7/28 19:15,2005/7/28 19:15,5,train
train_008062,record_008062.npz,SITH05,2005/10/16 16:05,2005/10/16 16:05,5.1,train
train_008063,record_008063.npz,SITH05,2005/12/2 21:54,2005/12/2 21:54,4.2,train
train_008064,record_008064.npz,SITH05,2005/12/28 18:46,2005/12/28 18:46,4.8,train
train_008065,record_008065.npz,SITH05,2007/6/4 13:34,2007/6/4 13:34,4.4,train
train_008066,record_008066.npz,SITH05,2007/11/11 19:49,2007/11/11 19:49,4.3,train
train_008067,record_008067.npz,SITH05,2007/11/12 9:20,2007/11/12 9:21,4.1,train
train_008068,record_008068.npz,SITH05,2007/11/30 18:37,2007/11/30 18:37,4.7,train
train_008069,record_008069.npz,SITH05,2007/12/22 19:39,2007/12/22 19:39,4.4,train
train_008070,record_008070.npz,SITH05,2008/2/2 13:07,2008/2/2 13:08,4.3,train
train_008071,record_008071.npz,SITH05,2008/3/8 1:55,2008/3/8 1:55,5.2,train
train_008072,record_008072.npz,SITH05,2008/3/9 6:13,2008/3/9 6:14,4.4,train
train_008073,record_008073.npz,SITH05,2008/4/4 19:02,2008/4/4 19:02,5,train
train_008074,record_008074.npz,SITH05,2008/4/6 21:55,2008/4/6 21:56,4.3,train
train_008075,record_008075.npz,SITH05,2008/4/10 9:54,2008/4/10 9:54,4.1,train
train_008076,record_008076.npz,SITH05,2008/5/9 7:43,2008/5/9 7:43,4.6,train
train_008077,record_008077.npz,SITH05,2008/5/9 8:58,2008/5/9 8:59,4.2,train
train_008078,record_008078.npz,SITH06,2001/5/31 8:59,2001/5/31 8:59,4.5,train
train_008079,record_008079.npz,SITH06,2001/7/20 6:02,2001/7/20 6:02,4.8,train
train_008080,record_008080.npz,SITH06,2001/7/26 3:33,2001/7/26 3:33,4.2,train
train_008081,record_008081.npz,SITH06,2001/9/18 4:24,2001/9/18 4:24,4.2,train
train_008082,record_008082.npz,SITH06,2001/9/25 4:35,2001/9/25 4:35,4.3,train
train_008083,record_008083.npz,SITH06,2001/9/25 4:57,2001/9/25 4:57,4.5,train
train_008084,record_008084.npz,SITH06,2001/10/18 6:30,2001/10/18 6:30,4.3,train
train_008085,record_008085.npz,SITH06,2001/10/28 12:24,2001/10/28 12:25,4.3,train
train_008086,record_008086.npz,SITH06,2001/11/17 1:32,2001/11/17 1:32,4.4,train
train_008087,record_008087.npz,SITH06,2001/12/8 4:07,2001/12/8 4:07,4.5,train
train_008088,record_008088.npz,SITH06,2002/2/5 19:57,2002/2/5 19:57,4.4,train
train_008089,record_008089.npz,SITH06,2002/2/12 22:44,2002/2/12 22:45,5.5,train
train_008090,record_008090.npz,SITH06,2002/2/25 22:14,2002/2/25 22:14,4.7,train
train_008091,record_008091.npz,SITH06,2002/3/17 3:01,2002/3/17 3:01,4.1,train
train_008092,record_008092.npz,SITH06,2002/4/13 19:01,2002/4/13 19:01,4.1,train
train_008093,record_008093.npz,SITH06,2002/5/19 5:00,2002/5/19 5:00,4.6,train
train_008094,record_008094.npz,SITH06,2002/6/14 11:42,2002/6/14 11:43,4.9,train
train_008095,record_008095.npz,SITH06,2002/7/13 21:45,2002/7/13 21:46,4.8,train
train_008096,record_008096.npz,SITH06,2002/7/27 17:59,2002/7/27 17:59,4.5,train
train_008097,record_008097.npz,SITH06,2002/12/23 5:31,2002/12/23 5:32,4.1,train
train_008098,record_008098.npz,SITH06,2003/1/31 17:53,2003/1/31 17:54,4.4,train
train_008099,record_008099.npz,SITH06,2003/3/13 12:13,2003/3/13 12:13,4.8,train
train_008100,record_008100.npz,SITH07,2001/7/20 6:02,2001/7/20 6:02,4.8,train
train_008101,record_008101.npz,SITH07,2004/10/23 17:56,2004/10/23 17:56,6.8,train
train_008102,record_008102.npz,SITH07,2004/10/23 18:34,2004/10/23 18:34,6.5,train
train_008103,record_008103.npz,SITH07,2005/7/28 19:15,2005/7/28 19:15,5,train
train_008104,record_008104.npz,SITH07,2007/6/2 14:43,2007/6/2 14:43,4.6,train
train_008105,record_008105.npz,SITH07,2007/7/16 10:13,2007/7/16 10:13,6.8,train
train_008106,record_008106.npz,SITH07,2008/2/10 9:37,2008/2/10 9:37,5,train
train_008107,record_008107.npz,SITH07,2008/3/8 1:55,2008/3/8 1:55,5.2,train
train_008108,record_008108.npz,SITH07,2008/3/9 6:13,2008/3/9 6:14,4.4,train
train_008109,record_008109.npz,SITH07,2008/4/1 23:29,2008/4/1 23:29,4.7,train
train_008110,record_008110.npz,SITH07,2008/4/4 19:02,2008/4/4 19:02,5,train
train_008111,record_008111.npz,SITH07,2008/4/6 21:55,2008/4/6 21:56,4.3,train
train_008112,record_008112.npz,SITH07,2008/4/10 9:54,2008/4/10 9:54,4.1,train
train_008113,record_008113.npz,SITH07,2008/5/9 7:43,2008/5/9 7:43,4.6,train
train_008114,record_008114.npz,SITH07,2008/6/13 11:21,2008/6/13 11:22,4.7,train
train_008115,record_008115.npz,SITH07,2008/7/5 16:49,2008/7/5 16:49,5.2,train
train_008116,record_008116.npz,SITH07,2008/7/15 21:37,2008/7/15 21:37,4.1,train
train_008117,record_008117.npz,SITH07,2008/7/15 22:23,2008/7/15 22:23,4.3,train
train_008118,record_008118.npz,SITH07,2008/8/8 12:57,2008/8/8 12:57,4.6,train
train_008119,record_008119.npz,SITH07,2008/8/20 15:13,2008/8/20 15:13,4.6,train
train_008120,record_008120.npz,SITH07,2008/8/22 19:59,2008/8/22 20:00,5.2,train
train_008121,record_008121.npz,SITH07,2008/9/21 7:17,2008/9/21 7:17,4.8,train
train_008122,record_008122.npz,SITH07,2008/10/8 15:07,2008/10/8 15:08,4.7,train
train_008123,record_008123.npz,SITH07,2008/11/22 21:13,2008/11/22 21:13,4.4,train
train_008124,record_008124.npz,SITH07,2009/2/20 18:17,2009/2/20 18:17,4.4,train
train_008125,record_008125.npz,SITH08,2004/10/23 17:56,2004/10/23 17:56,6.8,train
train_008126,record_008126.npz,SITH08,2004/10/23 18:03,2004/10/23 18:03,6.3,train
train_008127,record_008127.npz,SITH08,2004/10/23 18:34,2004/10/23 18:34,6.5,train
train_008128,record_008128.npz,SITH08,2004/10/27 10:40,2004/10/27 10:41,6.1,train
train_008129,record_008129.npz,SITH08,2004/11/8 11:16,2004/11/8 11:16,5.9,train
train_008130,record_008130.npz,SITH08,2005/2/8 11:29,2005/2/8 11:29,4.8,train
train_008131,record_008131.npz,SITH08,2005/2/16 4:46,2005/2/16 4:46,5.4,train
train_008132,record_008132.npz,SITH08,2005/4/12 13:09,2005/4/12 13:09,4.1,train
train_008133,record_008133.npz,SITH08,2005/7/23 16:35,2005/7/23 16:35,6,train
train_008134,record_008134.npz,SITH08,2005/7/28 19:15,2005/7/28 19:15,5,train
train_008135,record_008135.npz,SITH08,2005/7/31 14:53,2005/7/31 14:53,4.4,train
train_008136,record_008136.npz,SITH08,2005/10/19 20:44,2005/10/19 20:45,6.3,train
train_008137,record_008137.npz,SITH08,2005/12/28 18:46,2005/12/28 18:46,4.8,train
train_008138,record_008138.npz,SITH08,2005/12/28 23:03,2005/12/28 23:03,4.4,train
train_008139,record_008139.npz,SITH08,2006/1/14 15:30,2006/1/14 15:30,4.3,train
train_008140,record_008140.npz,SITH08,2006/2/1 20:36,2006/2/1 20:36,5.1,train
train_008141,record_008141.npz,SITH08,2006/8/31 17:18,2006/8/31 17:18,4.8,train
train_008142,record_008142.npz,SITH08,2007/1/9 13:18,2007/1/9 13:18,4.3,train
train_008143,record_008143.npz,SITH08,2007/2/4 20:59,2007/2/4 20:59,4.3,train
train_008144,record_008144.npz,SITH08,2007/3/22 10:29,2007/3/22 10:29,4.2,train
train_008145,record_008145.npz,SITH08,2007/11/30 18:37,2007/11/30 18:37,4.7,train
train_008146,record_008146.npz,SITH08,2008/3/8 1:55,2008/3/8 1:55,5.2,train
train_008147,record_008147.npz,SITH08,2008/3/9 6:13,2008/3/9 6:14,4.4,train
train_008148,record_008148.npz,SITH08,2008/4/4 19:02,2008/4/4 19:02,5,train
train_008149,record_008149.npz,SITH08,2008/5/9 7:43,2008/5/9 7:43,4.6,train
train_008150,record_008150.npz,SITH08,2008/6/13 11:21,2008/6/13 11:21,4.7,train
train_008151,record_008151.npz,SITH08,2008/7/5 16:49,2008/7/5 16:49,5.2,train
train_008152,record_008152.npz,SITH09,2003/3/13 12:13,2003/3/13 12:13,4.8,train
train_008153,record_008153.npz,SITH09,2003/4/8 4:17,2003/4/8 4:17,4.6,train
train_008154,record_008154.npz,SITH09,2004/10/6 23:40,2004/10/6 23:40,5.7,train
train_008155,record_008155.npz,SITH09,2004/10/23 17:56,2004/10/23 17:56,6.8,train
train_008156,record_008156.npz,SITH09,2004/10/23 18:34,2004/10/23 18:34,6.5,train
train_008157,record_008157.npz,SITH09,2004/10/27 10:40,2004/10/27 10:41,6.1,train
train_008158,record_008158.npz,SITH09,2005/2/16 4:46,2005/2/16 4:46,5.4,train
train_008159,record_008159.npz,SITH09,2005/7/23 16:35,2005/7/23 16:35,6,train
train_008160,record_008160.npz,SITH09,2005/7/28 19:15,2005/7/28 19:15,5,train
train_008161,record_008161.npz,SITH09,2005/10/16 16:05,2005/10/16 16:05,5.1,train
train_008162,record_008162.npz,SITH09,2008/1/16 2:55,2008/1/16 2:56,4.7,train
train_008163,record_008163.npz,SITH09,2008/2/10 9:37,2008/2/10 9:38,5,train
train_008164,record_008164.npz,SITH09,2008/3/2 18:33,2008/3/2 18:34,4.3,train
train_008165,record_008165.npz,SITH09,2008/3/8 1:55,2008/3/8 1:55,5.2,train
train_008166,record_008166.npz,SITH09,2008/3/9 6:13,2008/3/9 6:13,4.4,train
train_008167,record_008167.npz,SITH09,2008/4/4 19:02,2008/4/4 19:02,5,train
train_008168,record_008168.npz,SITH09,2008/4/6 21:55,2008/4/6 21:56,4.3,train
train_008169,record_008169.npz,SITH09,2008/4/10 9:54,2008/4/10 9:54,4.1,train
train_008170,record_008170.npz,SITH09,2008/5/9 7:43,2008/5/9 7:43,4.6,train
train_008171,record_008171.npz,SITH09,2008/7/5 16:49,2008/7/5 16:49,5.2,train
train_008172,record_008172.npz,SITH09,2008/7/15 22:23,2008/7/15 22:23,4.3,train
train_008173,record_008173.npz,SITH09,2008/8/8 12:57,2008/8/8 12:57,4.6,train
train_008174,record_008174.npz,SITH09,2008/8/20 15:13,2008/8/20 15:13,4.6,train
train_008175,record_008175.npz,SITH09,2008/8/22 19:59,2008/8/22 20:00,5.2,train
train_008176,record_008176.npz,SITH09,2008/9/21 7:17,2008/9/21 7:17,4.8,train
train_008177,record_008177.npz,SITH09,2008/10/8 15:07,2008/10/8 15:08,4.7,train
train_008178,record_008178.npz,SITH09,2008/11/22 21:13,2008/11/22 21:14,4.4,train
train_008179,record_008179.npz,SITH10,2003/3/13 12:13,2003/3/13 12:13,4.8,train
train_008180,record_008180.npz,SITH10,2004/10/6 23:40,2004/10/6 23:40,5.7,train
train_008181,record_008181.npz,SITH10,2004/10/23 17:56,2004/10/23 17:56,6.8,train
train_008182,record_008182.npz,SITH10,2004/10/23 18:12,2004/10/23 18:12,6,train
train_008183,record_008183.npz,SITH10,2004/10/23 18:34,2004/10/23 18:34,6.5,train
train_008184,record_008184.npz,SITH10,2005/2/16 4:46,2005/2/16 4:46,5.4,train
train_008185,record_008185.npz,SITH10,2005/7/28 19:15,2005/7/28 19:15,5,train
train_008186,record_008186.npz,SITH10,2005/10/16 16:05,2005/10/16 16:05,5.1,train
train_008187,record_008187.npz,SITH10,2005/12/2 21:54,2005/12/2 21:55,4.2,train
train_008188,record_008188.npz,SITH10,2007/1/8 18:59,2007/1/8 19:00,4.8,train
train_008189,record_008189.npz,SITH10,2007/1/9 13:18,2007/1/9 13:18,4.3,train
train_008190,record_008190.npz,SITH10,2008/3/8 1:55,2008/3/8 1:55,5.2,train
train_008191,record_008191.npz,SITH10,2008/3/9 6:13,2008/3/9 6:14,4.4,train
train_008192,record_008192.npz,SITH10,2008/4/1 23:29,2008/4/1 23:29,4.7,train
train_008193,record_008193.npz,SITH10,2008/4/4 19:02,2008/4/4 19:02,5,train
train_008194,record_008194.npz,SITH10,2008/4/6 21:55,2008/4/6 21:56,4.3,train
train_008195,record_008195.npz,SITH10,2008/4/10 9:54,2008/4/10 9:54,4.1,train
train_008196,record_008196.npz,SITH10,2008/5/9 7:43,2008/5/9 7:43,4.6,train
train_008197,record_008197.npz,SITH10,2008/7/5 16:49,2008/7/5 16:49,5.2,train
train_008198,record_008198.npz,SITH10,2008/8/8 12:57,2008/8/8 12:57,4.6,train
train_008199,record_008199.npz,SITH10,2008/8/20 15:13,2008/8/20 15:13,4.6,train
train_008200,record_008200.npz,SITH10,2008/8/22 19:59,2008/8/22 20:00,5.2,train
train_008201,record_008201.npz,SITH10,2009/12/18 5:41,2009/12/18 5:41,5.1,train
train_008202,record_008202.npz,SITH10,2010/8/3 7:31,2010/8/3 7:31,4.6,train
train_008203,record_008203.npz,SITH10,2010/9/22 5:32,2010/9/22 5:32,4.5,train
train_008204,record_008204.npz,SITH10,2010/9/27 2:55,2010/9/27 2:55,4.5,train
train_008205,record_008205.npz,SITH10,2010/10/9 15:12,2010/10/9 15:12,4.4,train
train_008206,record_008206.npz,SITH11,2003/7/11 14:24,2003/7/11 14:24,4.1,train
train_008207,record_008207.npz,SITH11,2003/8/18 18:59,2003/8/18 18:59,4.6,train
train_008208,record_008208.npz,SITH11,2003/9/20 12:55,2003/9/20 12:55,5.8,train
train_008209,record_008209.npz,SITH11,2003/10/15 16:30,2003/10/15 16:30,5.1,train
train_008210,record_008210.npz,SITH11,2003/11/15 3:44,2003/11/15 3:44,5.8,train
train_008211,record_008211.npz,SITH11,2004/2/4 4:11,2004/2/4 4:11,4.2,train
train_008212,record_008212.npz,SITH11,2004/7/17 15:10,2004/7/17 15:10,5.5,train
train_008213,record_008213.npz,SITH11,2004/8/6 3:23,2004/8/6 3:23,4.6,train
train_008214,record_008214.npz,SITH11,2004/8/25 1:49,2004/8/25 1:49,4.4,train
train_008215,record_008215.npz,SITH11,2004/10/6 23:40,2004/10/6 23:40,5.7,train
train_008216,record_008216.npz,SITH11,2004/10/23 17:56,2004/10/23 17:56,6.8,train
train_008217,record_008217.npz,SITH11,2004/10/23 17:59,2004/10/23 18:00,5.3,train
train_008218,record_008218.npz,SITH11,2004/10/23 18:03,2004/10/23 18:03,6.3,train
train_008219,record_008219.npz,SITH11,2004/10/23 18:07,2004/10/23 18:08,5.7,train
train_008220,record_008220.npz,SITH11,2004/10/23 18:12,2004/10/23 18:12,6,train
train_008221,record_008221.npz,SITH11,2004/10/23 18:34,2004/10/23 18:34,6.5,train
train_008222,record_008222.npz,SITH11,2004/10/23 18:36,2004/10/23 18:37,5.1,train
train_008223,record_008223.npz,SITH11,2004/10/23 18:57,2004/10/23 18:58,5.3,train
train_008224,record_008224.npz,SITH11,2004/10/23 19:36,2004/10/23 19:37,5.3,train
train_008225,record_008225.npz,SITH11,2004/10/23 19:46,2004/10/23 19:46,5.7,train
train_008226,record_008226.npz,SITH11,2004/10/24 9:28,2004/10/24 9:28,4.8,train
train_008227,record_008227.npz,SITH11,2004/10/24 14:21,2004/10/24 14:22,5,train
train_008228,record_008228.npz,SITH11,2004/10/25 0:28,2004/10/25 0:28,5.3,train
train_008229,record_008229.npz,SITH11,2004/10/25 6:05,2004/10/25 6:05,5.8,train
train_008230,record_008230.npz,SITH11,2004/10/27 10:40,2004/10/27 10:41,6.1,train
train_008231,record_008231.npz,SITH11,2004/11/1 4:35,2004/11/1 4:36,5,train
train_008232,record_008232.npz,SITH11,2004/11/8 11:16,2004/11/8 11:16,5.9,train
train_008233,record_008233.npz,SMNH01,2001/3/24 15:28,2001/3/24 15:28,6.4,train
train_008234,record_008234.npz,SMNH01,2002/9/16 10:10,2002/9/16 10:11,5.3,train
train_008235,record_008235.npz,SMNH01,1999/7/16 2:59,1999/7/16 2:59,4.4,train
train_008236,record_008236.npz,SMNH02,2002/9/16 10:10,2002/9/16 10:11,5.3,train
train_008237,record_008237.npz,SMNH02,2010/2/21 11:49,2010/2/21 11:50,4.5,train
train_008238,record_008238.npz,SMNH02,1999/7/16 2:59,1999/7/16 2:59,4.4,train
train_008239,record_008239.npz,SMNH03,2000/10/6 13:30,2000/10/6 13:30,7.3,train
train_008240,record_008240.npz,SMNH03,2000/10/8 13:17,2000/10/8 13:18,5.5,train
train_008241,record_008241.npz,SMNH03,2001/3/24 15:28,2001/3/24 15:28,6.4,train
train_008242,record_008242.npz,SMNH03,2002/3/6 7:12,2002/3/6 7:12,4.5,train
train_008243,record_008243.npz,SMNH03,2010/2/21 11:49,2010/2/21 11:50,4.5,train
train_008244,record_008244.npz,SMNH03,2010/4/17 5:35,2010/4/17 5:35,4.3,train
train_008245,record_008245.npz,SMNH04,2000/10/6 13:30,2000/10/6 13:30,7.3,train
train_008246,record_008246.npz,SMNH04,2001/3/24 15:28,2001/3/24 15:28,6.4,train
train_008247,record_008247.npz,SMNH04,2002/9/16 10:10,2002/9/16 10:11,5.3,train
train_008248,record_008248.npz,SMNH04,2007/4/26 9:03,2007/4/26 9:03,5.3,train
train_008249,record_008249.npz,SMNH04,2008/3/8 3:52,2008/3/8 3:52,4.1,train
train_008250,record_008250.npz,SMNH04,2010/2/21 11:49,2010/2/21 11:50,4.5,train
train_008251,record_008251.npz,SMNH04,2010/4/17 5:35,2010/4/17 5:35,4.3,train
train_008252,record_008252.npz,SMNH04,2010/7/23 14:25,2010/7/23 14:26,4.4,train
train_008253,record_008253.npz,SMNH04,1999/7/16 2:59,1999/7/16 2:59,4.4,train
train_008254,record_008254.npz,SMNH05,2000/10/6 13:30,2000/10/6 13:30,7.3,train
train_008255,record_008255.npz,SMNH05,2001/3/24 15:28,2001/3/24 15:28,6.4,train
train_008256,record_008256.npz,SMNH05,2001/3/26 5:41,2001/3/26 5:41,5,train
train_008257,record_008257.npz,SMNH05,2001/8/24 21:44,2001/8/24 21:45,4.3,train
train_008258,record_008258.npz,SMNH05,2002/3/6 7:12,2002/3/6 7:12,4.5,train
train_008259,record_008259.npz,SMNH05,2002/3/25 22:58,2002/3/25 22:58,4.7,train
train_008260,record_008260.npz,SMNH05,2002/9/16 10:10,2002/9/16 10:11,5.3,train
train_008261,record_008261.npz,SMNH05,2002/10/13 19:06,2002/10/13 19:07,4.7,train
train_008262,record_008262.npz,SMNH05,2002/10/23 6:22,2002/10/23 6:22,4.4,train
train_008263,record_008263.npz,SMNH05,2003/4/2 1:38,2003/4/2 1:38,4.2,train
train_008264,record_008264.npz,SMNH05,2008/3/8 3:52,2008/3/8 3:52,4.1,train
train_008265,record_008265.npz,SMNH05,2008/5/20 14:41,2008/5/20 14:42,4.2,train
train_008266,record_008266.npz,SMNH05,2009/1/25 2:33,2009/1/25 2:34,4.4,train
train_008267,record_008267.npz,SMNH05,2009/7/18 5:16,2009/7/18 5:17,4.3,train
train_008268,record_008268.npz,SMNH05,2010/2/21 11:49,2010/2/21 11:50,4.5,train
train_008269,record_008269.npz,SMNH05,2010/4/17 5:35,2010/4/17 5:35,4.3,train
train_008270,record_008270.npz,SMNH05,2010/7/23 14:25,2010/7/23 14:26,4.4,train
train_008271,record_008271.npz,SMNH05,2010/10/6 13:51,2010/10/6 13:52,4.5,train
train_008272,record_008272.npz,SMNH05,2011/1/16 20:33,2011/1/16 20:33,4.5,train
train_008273,record_008273.npz,SMNH06,2000/10/6 13:30,2000/10/6 13:30,7.3,train
train_008274,record_008274.npz,SMNH06,2000/10/6 14:43,2000/10/6 14:44,4.1,train
train_008275,record_008275.npz,SMNH06,2000/10/6 14:52,2000/10/6 14:53,4.4,train
train_008276,record_008276.npz,SMNH06,2000/10/6 16:21,2000/10/6 16:22,4.2,train
train_008277,record_008277.npz,SMNH06,2000/10/6 23:13,2000/10/6 23:13,4.1,train
train_008278,record_008278.npz,SMNH06,2000/10/7 4:59,2000/10/7 5:00,4.9,train
train_008279,record_008279.npz,SMNH06,2000/10/7 6:38,2000/10/7 6:38,4.2,train
train_008280,record_008280.npz,SMNH06,2000/10/7 12:03,2000/10/7 12:04,4.2,train
train_008281,record_008281.npz,SMNH06,2000/10/8 13:17,2000/10/8 13:18,5.5,train
train_008282,record_008282.npz,SMNH06,2000/10/8 20:51,2000/10/8 20:51,5,train
train_008283,record_008283.npz,SMNH06,2000/10/17 22:17,2000/10/17 22:17,4.2,train
train_008284,record_008284.npz,SMNH06,2001/1/9 13:37,2001/1/9 13:38,4.6,train
train_008285,record_008285.npz,SMNH06,2001/3/24 15:28,2001/3/24 15:28,6.4,train
train_008286,record_008286.npz,SMNH06,2002/1/24 16:08,2002/1/24 16:09,4.5,train
train_008287,record_008287.npz,SMNH06,2002/3/6 7:12,2002/3/6 7:13,4.5,train
train_008288,record_008288.npz,SMNH06,2002/10/23 6:22,2002/10/23 6:22,4.4,train
train_008289,record_008289.npz,SMNH06,2007/4/26 9:03,2007/4/26 9:03,5.3,train
train_008290,record_008290.npz,SMNH06,1999/7/16 2:59,1999/7/16 2:59,4.4,train
train_008291,record_008291.npz,SMNH08,2000/10/6 13:30,2000/10/6 13:30,7.3,train
train_008292,record_008292.npz,SMNH08,2001/3/24 15:28,2001/3/24 15:28,6.4,train
train_008293,record_008293.npz,SMNH08,2001/3/26 5:41,2001/3/26 5:41,5,train
train_008294,record_008294.npz,SMNH08,2001/8/24 21:44,2001/8/24 21:45,4.3,train
train_008295,record_008295.npz,SMNH08,2001/10/8 11:23,2001/10/8 11:23,4.1,train
train_008296,record_008296.npz,SMNH08,2002/1/24 16:08,2002/1/24 16:09,4.5,train
train_008297,record_008297.npz,SMNH08,2002/3/6 7:12,2002/3/6 7:12,4.5,train
train_008298,record_008298.npz,SMNH08,2002/3/25 22:58,2002/3/25 22:58,4.7,train
train_008299,record_008299.npz,SMNH08,2002/9/16 10:10,2002/9/16 10:11,5.3,train
train_008300,record_008300.npz,SMNH08,2002/10/13 19:06,2002/10/13 19:07,4.7,train
train_008301,record_008301.npz,SMNH08,2002/10/23 6:22,2002/10/23 6:22,4.4,train
train_008302,record_008302.npz,SMNH08,2008/3/8 3:52,2008/3/8 3:52,4.1,train
train_008303,record_008303.npz,SMNH08,2008/5/20 14:41,2008/5/20 14:42,4.2,train
train_008304,record_008304.npz,SMNH08,2009/1/25 2:33,2009/1/25 2:34,4.4,train
train_008305,record_008305.npz,SMNH08,2010/2/21 11:49,2010/2/21 11:50,4.5,train
train_008306,record_008306.npz,SMNH08,2010/4/17 5:35,2010/4/17 5:35,4.3,train
train_008307,record_008307.npz,SMNH08,2010/7/23 14:25,2010/7/23 14:26,4.4,train
train_008308,record_008308.npz,SMNH08,2010/10/6 13:51,2010/10/6 13:52,4.5,train
train_008309,record_008309.npz,SMNH09,2000/10/6 13:30,2000/10/6 13:30,7.3,train
train_008310,record_008310.npz,SMNH09,2001/3/24 15:28,2001/3/24 15:28,6.4,train
train_008311,record_008311.npz,SMNH09,2001/3/24 15:48,2001/3/24 15:48,4.2,train
train_008312,record_008312.npz,SMNH09,2001/3/24 16:25,2001/3/24 16:25,4.2,train
train_008313,record_008313.npz,SMNH09,2001/3/24 17:02,2001/3/24 17:02,4.2,train
train_008314,record_008314.npz,SMNH09,2001/3/25 19:19,2001/3/25 19:19,4.4,train
train_008315,record_008315.npz,SMNH09,2001/3/26 5:41,2001/3/26 5:41,5,train
train_008316,record_008316.npz,SMNH09,2001/4/3 21:14,2001/4/3 21:15,4.4,train
train_008317,record_008317.npz,SMNH09,2001/8/24 21:44,2001/8/24 21:45,4.3,train
train_008318,record_008318.npz,SMNH09,2002/1/24 16:08,2002/1/24 16:09,4.5,train
train_008319,record_008319.npz,SMNH09,2002/3/6 7:12,2002/3/6 7:13,4.5,train
train_008320,record_008320.npz,SMNH09,2002/3/25 22:58,2002/3/25 22:58,4.7,train
train_008321,record_008321.npz,SMNH09,2008/3/8 3:52,2008/3/8 3:52,4.1,train
train_008322,record_008322.npz,SMNH09,2008/5/20 14:41,2008/5/20 14:41,4.2,train
train_008323,record_008323.npz,SMNH09,2009/1/25 2:33,2009/1/25 2:33,4.4,train
train_008324,record_008324.npz,SMNH09,2009/6/25 23:04,2009/6/25 23:04,4.7,train
train_008325,record_008325.npz,SMNH09,2009/7/18 5:16,2009/7/18 5:16,4.3,train
train_008326,record_008326.npz,SMNH09,2010/2/21 11:49,2010/2/21 11:49,4.5,train
train_008327,record_008327.npz,SMNH09,2010/4/17 5:35,2010/4/17 5:35,4.3,train
train_008328,record_008328.npz,SMNH09,2010/5/13 20:01,2010/5/13 20:01,4.7,train
train_008329,record_008329.npz,SMNH09,2010/7/23 14:25,2010/7/23 14:26,4.4,train
train_008330,record_008330.npz,SMNH11,2000/10/6 13:30,2000/10/6 13:30,7.3,train
train_008331,record_008331.npz,SMNH11,2000/10/8 13:17,2000/10/8 13:18,5.5,train
train_008332,record_008332.npz,SMNH11,2000/11/3 16:33,2000/11/3 16:34,4.5,train
train_008333,record_008333.npz,SMNH12,2000/10/6 13:30,2000/10/6 13:30,7.3,train
train_008334,record_008334.npz,SMNH12,2000/10/6 14:43,2000/10/6 14:43,4.1,train
train_008335,record_008335.npz,SMNH12,2000/10/6 23:13,2000/10/6 23:13,4.1,train
train_008336,record_008336.npz,SMNH12,2000/10/7 4:59,2000/10/7 4:59,4.9,train
train_008337,record_008337.npz,SMNH12,2000/10/8 20:51,2000/10/8 20:51,5,train
train_008338,record_008338.npz,SMNH12,2000/10/10 21:58,2000/10/10 21:58,4.4,train
train_008339,record_008339.npz,SMNH12,2000/10/17 22:17,2000/10/17 22:17,4.2,train
train_008340,record_008340.npz,SMNH12,2000/11/3 16:33,2000/11/3 16:34,4.5,train
train_008341,record_008341.npz,SMNH12,2001/3/24 15:28,2001/3/24 15:28,6.4,train
train_008342,record_008342.npz,SMNH12,2001/3/26 5:41,2001/3/26 5:41,5,train
train_008343,record_008343.npz,SMNH12,2001/10/8 11:23,2001/10/8 11:23,4.1,train
train_008344,record_008344.npz,SMNH12,2002/1/24 16:08,2002/1/24 16:08,4.5,train
train_008345,record_008345.npz,SMNH12,2002/3/6 7:12,2002/3/6 7:12,4.5,train
train_008346,record_008346.npz,SMNH12,2002/3/25 22:58,2002/3/25 22:59,4.7,train
train_008347,record_008347.npz,SMNH12,2002/9/16 10:10,2002/9/16 10:11,5.3,train
train_008348,record_008348.npz,SMNH12,2005/5/27 3:17,2005/5/27 3:18,4.7,train
train_008349,record_008349.npz,SMNH12,2008/5/20 14:41,2008/5/20 14:42,4.2,train
train_008350,record_008350.npz,SMNH12,2010/2/21 11:49,2010/2/21 11:50,4.5,train
train_008351,record_008351.npz,SMNH12,2011/1/16 20:33,2011/1/16 20:34,4.5,train
train_008352,record_008352.npz,SMNH13,2000/10/6 13:30,2000/10/6 13:30,7.3,train
train_008353,record_008353.npz,SMNH13,2001/3/24 15:28,2001/3/24 15:28,6.4,train
train_008354,record_008354.npz,SMNH13,2008/3/8 3:52,2008/3/8 3:52,4.1,train
train_008355,record_008355.npz,SMNH13,2008/5/20 14:41,2008/5/20 14:42,4.2,train
train_008356,record_008356.npz,SMNH13,2010/2/21 11:49,2010/2/21 11:50,4.5,train
train_008357,record_008357.npz,SMNH13,2010/7/23 14:25,2010/7/23 14:26,4.4,train
train_008358,record_008358.npz,SMNH15,2003/4/2 1:38,2003/4/2 1:38,4.2,train
train_008359,record_008359.npz,SMNH16,2002/9/16 10:10,2002/9/16 10:11,5.3,train
train_008360,record_008360.npz,SMNH16,2002/10/23 6:22,2002/10/23 6:22,4.4,train
train_008361,record_008361.npz,SMNH16,2010/2/21 11:49,2010/2/21 11:50,4.5,train
train_008362,record_008362.npz,SMNH16,2011/1/16 20:33,2011/1/16 20:34,4.5,train
train_008363,record_008363.npz,SOYH01,2006/8/18 0:20,2006/8/18 0:20,5.9,train
train_008364,record_008364.npz,SOYH02,2006/8/18 0:20,2006/8/18 0:21,5.9,train
train_008365,record_008365.npz,SOYH05,2006/8/18 0:20,2006/8/18 0:20,5.9,train
train_008366,record_008366.npz,SOYH07,2006/8/18 0:20,2006/8/18 0:21,5.9,train
train_008367,record_008367.npz,SOYH07,2007/1/9 5:12,2007/1/9 5:12,4.7,train
train_008368,record_008368.npz,SOYH09,2009/11/19 0:24,2009/11/19 0:24,4.2,train
train_008369,record_008369.npz,SRCH01,2004/12/14 14:56,2004/12/14 14:56,6.1,train
train_008370,record_008370.npz,SRCH01,2007/4/23 17:27,2007/4/23 17:27,4.6,train
train_008371,record_008371.npz,SRCH02,2004/12/14 14:56,2004/12/14 14:56,6.1,train
train_008372,record_008372.npz,SRCH02,2004/12/14 15:01,2004/12/14 15:01,4.7,train
train_008373,record_008373.npz,SRCH03,2004/12/14 14:56,2004/12/14 14:56,6.1,train
train_008374,record_008374.npz,SRCH03,2004/12/14 15:01,2004/12/14 15:01,4.7,train
train_008375,record_008375.npz,SRCH03,2004/12/14 17:54,2004/12/14 17:54,4.8,train
train_008376,record_008376.npz,SRCH03,2004/12/15 2:29,2004/12/15 2:30,4.6,train
train_008377,record_008377.npz,SRCH05,2009/2/28 9:36,2009/2/28 9:36,5.3,train
train_008378,record_008378.npz,SRCH06,2002/7/28 20:31,2002/7/28 20:31,4.8,train
train_008379,record_008379.npz,SRCH06,2003/11/24 21:18,2003/11/24 21:18,5.3,train
train_008380,record_008380.npz,SRCH06,2004/12/14 14:56,2004/12/14 14:56,6.1,train
train_008381,record_008381.npz,SRCH07,2008/1/23 4:34,2008/1/23 4:35,4.9,train
train_008382,record_008382.npz,SRCH07,2008/3/3 17:06,2008/3/3 17:06,4.3,train
train_008383,record_008383.npz,SRCH07,2008/6/26 8:37,2008/6/26 8:37,5.4,train
train_008384,record_008384.npz,SRCH07,2008/8/9 9:54,2008/8/9 9:55,4.5,train
train_008385,record_008385.npz,SRCH07,2008/9/1 14:41,2008/9/1 14:41,4.5,train
train_008386,record_008386.npz,SRCH07,2008/9/2 17:17,2008/9/2 17:17,4.2,train
train_008387,record_008387.npz,SRCH07,2008/10/16 20:49,2008/10/16 20:49,4.2,train
train_008388,record_008388.npz,SRCH07,2009/1/11 14:57,2009/1/11 14:57,4.7,train
train_008389,record_008389.npz,SRCH07,2009/1/11 21:53,2009/1/11 21:53,4.5,train
train_008390,record_008390.npz,SRCH07,2009/2/28 9:36,2009/2/28 9:36,5.3,train
train_008391,record_008391.npz,SRCH07,2009/4/5 17:00,2009/4/5 17:00,4.8,train
train_008392,record_008392.npz,SRCH07,2009/5/10 11:30,2009/5/10 11:30,4.2,train
train_008393,record_008393.npz,SRCH07,2009/5/26 19:31,2009/5/26 19:31,4.7,train
train_008394,record_008394.npz,SRCH07,2009/7/11 0:01,2009/7/11 0:01,4.7,train
train_008395,record_008395.npz,SRCH07,2009/9/8 1:24,2009/9/8 1:24,4.8,train
train_008396,record_008396.npz,SRCH07,2009/10/5 9:35,2009/10/5 9:35,4.7,train
train_008397,record_008397.npz,SRCH07,2009/10/10 17:43,2009/10/10 17:43,5.1,train
train_008398,record_008398.npz,SRCH07,2009/11/10 3:01,2009/11/10 3:02,4.4,train
train_008399,record_008399.npz,SRCH07,2009/12/30 4:23,2009/12/30 4:23,4.8,train
train_008400,record_008400.npz,SRCH07,2010/1/7 5:39,2010/1/7 5:40,4.1,train
train_008401,record_008401.npz,SRCH07,2010/1/15 3:46,2010/1/15 3:46,5,train
train_008402,record_008402.npz,SRCH07,2010/6/28 6:03,2010/6/28 6:03,5.1,train
train_008403,record_008403.npz,SRCH07,2010/7/2 21:30,2010/7/2 21:30,4.2,train
train_008404,record_008404.npz,SRCH07,2010/8/14 13:25,2010/8/14 13:25,4.6,train
train_008405,record_008405.npz,SRCH07,2010/10/14 22:59,2010/10/14 22:59,5.5,train
train_008406,record_008406.npz,SRCH07,2010/11/4 5:33,2010/11/4 5:34,4.4,train
train_008407,record_008407.npz,SRCH07,2010/12/2 6:44,2010/12/2 6:44,4.6,train
train_008408,record_008408.npz,SRCH08,2002/7/28 20:31,2002/7/28 20:31,4.8,train
train_008409,record_008409.npz,SRCH08,2003/1/7 3:27,2003/1/7 3:28,4.6,train
train_008410,record_008410.npz,SRCH08,2004/12/14 14:56,2004/12/14 14:56,6.1,train
train_008411,record_008411.npz,SRCH08,2008/10/16 20:49,2008/10/16 20:49,4.2,train
train_008412,record_008412.npz,SRCH08,2009/1/11 14:57,2009/1/11 14:57,4.7,train
train_008413,record_008413.npz,SRCH08,2009/1/11 21:53,2009/1/11 21:53,4.5,train
train_008414,record_008414.npz,SRCH08,2009/2/28 9:36,2009/2/28 9:36,5.3,train
train_008415,record_008415.npz,SRCH08,2009/4/5 17:00,2009/4/5 17:00,4.8,train
train_008416,record_008416.npz,SRCH08,2009/5/10 11:30,2009/5/10 11:30,4.2,train
train_008417,record_008417.npz,SRCH08,2009/7/11 0:01,2009/7/11 0:01,4.7,train
train_008418,record_008418.npz,SRCH08,2009/9/8 1:24,2009/9/8 1:24,4.8,train
train_008419,record_008419.npz,SRCH08,2009/10/5 9:35,2009/10/5 9:35,4.7,train
train_008420,record_008420.npz,SRCH08,2010/1/15 3:46,2010/1/15 3:46,5,train
train_008421,record_008421.npz,SRCH08,2010/8/14 13:25,2010/8/14 13:25,4.6,train
train_008422,record_008422.npz,SRCH08,2010/10/14 22:59,2010/10/14 22:59,5.5,train
train_008423,record_008423.npz,SRCH08,2010/11/4 5:33,2010/11/4 5:34,4.4,train
train_008424,record_008424.npz,SRCH08,2010/12/2 6:44,2010/12/2 6:44,4.6,train
train_008425,record_008425.npz,SRCH08,2011/1/11 14:11,2011/1/11 14:12,4.1,train
train_008426,record_008426.npz,SRCH08,2011/1/22 14:49,2011/1/22 14:49,4.4,train
train_008427,record_008427.npz,SRCH09,2007/11/27 19:22,2007/11/27 19:22,4.3,train
train_008428,record_008428.npz,SRCH09,2007/12/23 18:53,2007/12/23 18:53,4.5,train
train_008429,record_008429.npz,SRCH09,2007/12/28 10:51,2007/12/28 10:52,4.3,train
train_008430,record_008430.npz,SRCH09,2008/1/2 1:20,2008/1/2 1:20,4.2,train
train_008431,record_008431.npz,SRCH09,2008/1/23 4:34,2008/1/23 4:35,4.9,train
train_008432,record_008432.npz,SRCH09,2008/3/3 17:06,2008/3/3 17:06,4.3,train
train_008433,record_008433.npz,SRCH09,2008/4/29 14:26,2008/4/29 14:26,5.7,train
train_008434,record_008434.npz,SRCH09,2008/5/10 9:01,2008/5/10 9:01,4.8,train
train_008435,record_008435.npz,SRCH09,2008/5/14 3:00,2008/5/14 3:01,4.2,train
train_008436,record_008436.npz,SRCH09,2008/6/26 8:37,2008/6/26 8:37,5.4,train
train_008437,record_008437.npz,SRCH09,2008/7/13 3:17,2008/7/13 3:17,4.1,train
train_008438,record_008438.npz,SRCH09,2008/8/9 9:54,2008/8/9 9:54,4.5,train
train_008439,record_008439.npz,SRCH09,2008/9/1 14:41,2008/9/1 14:41,4.5,train
train_008440,record_008440.npz,SRCH09,2008/9/2 17:17,2008/9/2 17:17,4.2,train
train_008441,record_008441.npz,SRCH09,2008/10/11 4:27,2008/10/11 4:28,4.4,train
train_008442,record_008442.npz,SRCH09,2008/10/16 20:49,2008/10/16 20:49,4.2,train
train_008443,record_008443.npz,SRCH09,2008/11/15 4:14,2008/11/15 4:15,4.1,train
train_008444,record_008444.npz,SRCH09,2009/1/11 14:57,2009/1/11 14:57,4.7,train
train_008445,record_008445.npz,SRCH09,2009/1/11 21:53,2009/1/11 21:53,4.5,train
train_008446,record_008446.npz,SRCH09,2009/2/28 9:36,2009/2/28 9:36,5.3,train
train_008447,record_008447.npz,SRCH09,2009/3/10 10:41,2009/3/10 10:41,4.1,train
train_008448,record_008448.npz,SRCH09,2009/4/5 17:00,2009/4/5 17:00,4.8,train
train_008449,record_008449.npz,SRCH09,2009/5/10 11:30,2009/5/10 11:30,4.2,train
train_008450,record_008450.npz,SRCH09,2009/5/26 19:31,2009/5/26 19:31,4.7,train
train_008451,record_008451.npz,SRCH09,2009/7/11 0:01,2009/7/11 0:01,4.7,train
train_008452,record_008452.npz,SRCH09,2009/8/25 2:22,2009/8/25 2:23,4.5,train
train_008453,record_008453.npz,SRCH09,2009/9/8 1:24,2009/9/8 1:24,4.8,train
train_008454,record_008454.npz,SRCH09,2009/9/18 15:36,2009/9/18 15:37,4.2,train
train_008455,record_008455.npz,SRCH09,2009/9/28 12:08,2009/9/28 12:09,4.3,train
train_008456,record_008456.npz,SRCH09,2009/9/30 2:21,2009/9/30 2:22,4.3,train
train_008457,record_008457.npz,SZOH24,2002/8/11 7:56,2002/8/11 7:56,4.3,train
train_008458,record_008458.npz,SZOH24,2003/3/4 23:43,2003/3/4 23:43,4.1,train
train_008459,record_008459.npz,SZOH24,2004/9/5 23:57,2004/9/5 23:57,7.4,train
train_008460,record_008460.npz,SZOH24,2004/9/7 8:29,2004/9/7 8:30,6.4,train
train_008461,record_008461.npz,SZOH24,2004/11/9 0:07,2004/11/9 0:07,5.7,train
train_008462,record_008462.npz,SZOH24,2005/1/9 18:59,2005/1/9 18:59,4.7,train
train_008463,record_008463.npz,SZOH24,2007/4/15 12:19,2007/4/15 12:19,5.4,train
train_008464,record_008464.npz,SZOH24,2007/4/15 18:34,2007/4/15 18:35,4.6,train
train_008465,record_008465.npz,SZOH24,2007/4/28 9:27,2007/4/28 9:28,4.6,train
train_008466,record_008466.npz,SZOH24,2007/8/31 10:51,2007/8/31 10:51,4.3,train
train_008467,record_008467.npz,SZOH24,2008/1/27 10:33,2008/1/27 10:33,4.1,train
train_008468,record_008468.npz,SZOH24,2008/4/20 1:00,2008/4/20 1:00,4.3,train
train_008469,record_008469.npz,SZOH24,2008/6/13 11:21,2008/6/13 11:22,4.7,train
train_008470,record_008470.npz,SZOH24,2009/2/18 6:47,2009/2/18 6:47,5.2,train
train_008471,record_008471.npz,SZOH24,2009/5/25 20:26,2009/5/25 20:26,4.7,train
train_008472,record_008472.npz,SZOH24,2009/8/11 5:07,2009/8/11 5:07,6.5,train
train_008473,record_008473.npz,SZOH24,2009/8/11 6:27,2009/8/11 6:27,4.4,train
train_008474,record_008474.npz,SZOH24,2009/8/11 18:09,2009/8/11 18:09,4.4,train
train_008475,record_008475.npz,SZOH24,2009/8/13 12:42,2009/8/13 12:43,4.3,train
train_008476,record_008476.npz,SZOH24,2009/8/13 18:11,2009/8/13 18:11,4.5,train
train_008477,record_008477.npz,SZOH24,2009/12/17 23:45,2009/12/17 23:46,5,train
train_008478,record_008478.npz,SZOH24,2009/12/18 8:45,2009/12/18 8:46,5.1,train
train_008479,record_008479.npz,SZOH24,2010/1/10 1:44,2010/1/10 1:44,4.3,train
train_008480,record_008480.npz,SZOH24,2011/2/27 2:19,2011/2/27 2:19,5,train
train_008481,record_008481.npz,SZOH24,2011/2/27 5:38,2011/2/27 5:38,5.5,train
train_008482,record_008482.npz,SZOH24,2011/3/15 22:31,2011/3/15 22:32,6.4,train
train_008483,record_008483.npz,SZOH25,2002/8/11 7:56,2002/8/11 7:56,4.3,train
train_008484,record_008484.npz,SZOH25,2002/9/22 9:36,2002/9/22 9:36,4.2,train
train_008485,record_008485.npz,SZOH25,2003/1/19 4:50,2003/1/19 4:50,5.3,train
train_008486,record_008486.npz,SZOH25,2003/2/7 13:06,2003/2/7 13:07,4.2,train
train_008487,record_008487.npz,SZOH25,2003/3/4 23:43,2003/3/4 23:43,4.1,train
train_008488,record_008488.npz,SZOH25,2004/9/5 23:57,2004/9/5 23:57,7.4,train
train_008489,record_008489.npz,SZOH25,2008/1/27 10:33,2008/1/27 10:33,4.1,train
train_008490,record_008490.npz,SZOH25,2008/1/27 10:53,2008/1/27 10:53,4.2,train
train_008491,record_008491.npz,SZOH25,2008/4/20 1:00,2008/4/20 1:00,4.3,train
train_008492,record_008492.npz,SZOH25,2009/2/18 6:47,2009/2/18 6:47,5.2,train
train_008493,record_008493.npz,SZOH25,2009/5/25 20:26,2009/5/25 20:26,4.7,train
train_008494,record_008494.npz,SZOH25,2009/8/11 5:07,2009/8/11 5:07,6.5,train
train_008495,record_008495.npz,SZOH25,2009/8/11 6:27,2009/8/11 6:27,4.4,train
train_008496,record_008496.npz,SZOH25,2009/8/11 18:09,2009/8/11 18:10,4.4,train
train_008497,record_008497.npz,SZOH25,2009/8/13 12:42,2009/8/13 12:43,4.3,train
train_008498,record_008498.npz,SZOH25,2009/8/13 18:11,2009/8/13 18:11,4.5,train
train_008499,record_008499.npz,SZOH25,2009/12/17 23:45,2009/12/17 23:46,5,train
train_008500,record_008500.npz,SZOH25,2010/1/10 1:44,2010/1/10 1:44,4.3,train
train_008501,record_008501.npz,SZOH25,2010/7/21 6:19,2010/7/21 6:19,5.1,train
train_008502,record_008502.npz,SZOH25,2011/3/15 22:31,2011/3/15 22:32,6.4,train
train_008503,record_008503.npz,SZOH28,2004/9/5 23:57,2004/9/5 23:57,7.4,train
train_008504,record_008504.npz,SZOH28,2008/1/27 10:33,2008/1/27 10:33,4.1,train
train_008505,record_008505.npz,SZOH28,2008/4/20 1:00,2008/4/20 1:00,4.3,train
train_008506,record_008506.npz,SZOH28,2008/6/13 11:21,2008/6/13 11:22,4.7,train
train_008507,record_008507.npz,SZOH28,2009/8/11 5:07,2009/8/11 5:07,6.5,train
train_008508,record_008508.npz,SZOH28,2009/8/11 6:27,2009/8/11 6:27,4.4,train
train_008509,record_008509.npz,SZOH28,2009/8/11 18:09,2009/8/11 18:09,4.4,train
train_008510,record_008510.npz,SZOH28,2009/8/13 12:42,2009/8/13 12:42,4.3,train
train_008511,record_008511.npz,SZOH28,2009/8/13 18:11,2009/8/13 18:11,4.5,train
train_008512,record_008512.npz,SZOH28,2010/1/10 1:44,2010/1/10 1:44,4.3,train
train_008513,record_008513.npz,SZOH28,2011/3/15 22:31,2011/3/15 22:32,6.4,train
train_008514,record_008514.npz,SZOH29,2003/4/1 9:25,2003/4/1 9:25,4.1,train
train_008515,record_008515.npz,SZOH29,2004/7/27 0:55,2004/7/27 0:55,4.5,train
train_008516,record_008516.npz,SZOH29,2004/10/5 8:33,2004/10/5 8:34,4.8,train
train_008517,record_008517.npz,SZOH29,2004/10/6 23:40,2004/10/6 23:41,5.7,train
train_008518,record_008518.npz,SZOH29,2006/4/21 2:50,2006/4/21 2:50,5.8,train
train_008519,record_008519.npz,SZOH29,2006/5/2 18:24,2006/5/2 18:25,5.1,train
train_008520,record_008520.npz,SZOH29,2007/8/31 10:51,2007/8/31 10:51,4.3,train
train_008521,record_008521.npz,SZOH29,2008/1/27 10:33,2008/1/27 10:33,4.1,train
train_008522,record_008522.npz,SZOH29,2008/4/20 1:00,2008/4/20 1:00,4.3,train
train_008523,record_008523.npz,SZOH29,2008/6/13 11:21,2008/6/13 11:21,4.7,train
train_008524,record_008524.npz,SZOH29,2008/7/15 22:23,2008/7/15 22:23,4.3,train
train_008525,record_008525.npz,SZOH29,2009/5/25 20:26,2009/5/25 20:26,4.7,train
train_008526,record_008526.npz,SZOH29,2009/8/11 5:07,2009/8/11 5:07,6.5,train
train_008527,record_008527.npz,SZOH29,2009/8/13 12:42,2009/8/13 12:42,4.3,train
train_008528,record_008528.npz,SZOH30,2004/7/27 0:55,2004/7/27 0:55,4.5,train
train_008529,record_008529.npz,SZOH30,2007/12/21 14:23,2007/12/21 14:23,4.5,train
train_008530,record_008530.npz,SZOH30,2007/12/21 16:01,2007/12/21 16:01,4.2,train
train_008531,record_008531.npz,SZOH30,2008/1/27 10:33,2008/1/27 10:33,4.1,train
train_008532,record_008532.npz,SZOH30,2008/1/27 10:53,2008/1/27 10:53,4.2,train
train_008533,record_008533.npz,SZOH30,2008/6/13 11:21,2008/6/13 11:21,4.7,train
train_008534,record_008534.npz,SZOH30,2009/2/18 6:47,2009/2/18 6:47,5.2,train
train_008535,record_008535.npz,SZOH30,2009/5/25 20:26,2009/5/25 20:26,4.7,train
train_008536,record_008536.npz,SZOH30,2009/8/11 5:07,2009/8/11 5:07,6.5,train
train_008537,record_008537.npz,SZOH30,2009/8/11 6:27,2009/8/11 6:27,4.4,train
train_008538,record_008538.npz,SZOH30,2009/8/11 18:09,2009/8/11 18:09,4.4,train
train_008539,record_008539.npz,SZOH30,2009/8/13 12:42,2009/8/13 12:43,4.3,train
train_008540,record_008540.npz,SZOH30,2009/8/13 18:11,2009/8/13 18:11,4.5,train
train_008541,record_008541.npz,SZOH30,2010/1/10 1:44,2010/1/10 1:45,4.3,train
train_008542,record_008542.npz,SZOH30,2011/2/27 2:19,2011/2/27 2:19,5,train
train_008543,record_008543.npz,SZOH30,2011/2/27 5:38,2011/2/27 5:38,5.5,train
train_008544,record_008544.npz,SZOH30,2011/3/11 15:08,2011/3/11 15:08,4.6,train
train_008545,record_008545.npz,SZOH30,2011/3/15 22:31,2011/3/15 22:31,6.4,train
train_008546,record_008546.npz,SZOH31,2009/5/25 20:26,2009/5/25 20:26,4.7,train
train_008547,record_008547.npz,SZOH31,2009/8/11 5:07,2009/8/11 5:07,6.5,train
train_008548,record_008548.npz,SZOH31,2009/8/13 18:11,2009/8/13 18:11,4.5,train
train_008549,record_008549.npz,SZOH31,2010/1/10 1:44,2010/1/10 1:44,4.3,train
train_008550,record_008550.npz,SZOH31,2011/3/15 22:31,2011/3/15 22:31,6.4,train
train_008551,record_008551.npz,SZOH34,2006/4/21 2:50,2006/4/21 2:50,5.8,train
train_008552,record_008552.npz,SZOH34,2006/5/2 18:24,2006/5/2 18:24,5.1,train
train_008553,record_008553.npz,SZOH34,2009/8/11 5:07,2009/8/11 5:07,6.5,train
train_008554,record_008554.npz,SZOH34,2009/8/13 18:11,2009/8/13 18:11,4.5,train
train_008555,record_008555.npz,SZOH34,2009/12/17 23:45,2009/12/17 23:45,5,train
train_008556,record_008556.npz,SZOH34,2009/12/18 5:41,2009/12/18 5:41,5.1,train
train_008557,record_008557.npz,SZOH34,2010/1/21 2:59,2010/1/21 2:59,4.4,train
train_008558,record_008558.npz,SZOH34,2010/12/6 3:20,2010/12/6 3:20,4.3,train
train_008559,record_008559.npz,SZOH34,2011/2/27 5:38,2011/2/27 5:38,5.5,train
train_008560,record_008560.npz,SZOH34,2011/3/11 15:08,2011/3/11 15:08,4.6,train
train_008561,record_008561.npz,SZOH34,2011/3/15 22:31,2011/3/15 22:31,6.4,train
train_008562,record_008562.npz,SZOH35,2003/7/11 14:24,2003/7/11 14:24,4.1,train
train_008563,record_008563.npz,SZOH35,2003/8/18 18:59,2003/8/18 19:00,4.6,train
train_008564,record_008564.npz,SZOH35,2004/4/7 22:47,2004/4/7 22:47,4.9,train
train_008565,record_008565.npz,SZOH35,2004/7/17 15:10,2004/7/17 15:10,5.5,train
train_008566,record_008566.npz,SZOH35,2004/10/6 23:40,2004/10/6 23:41,5.7,train
train_008567,record_008567.npz,SZOH35,2007/10/1 2:21,2007/10/1 2:21,4.9,train
train_008568,record_008568.npz,SZOH35,2007/10/6 3:46,2007/10/6 3:46,4.2,train
train_008569,record_008569.npz,SZOH35,2008/2/10 9:37,2008/2/10 9:37,5,train
train_008570,record_008570.npz,SZOH35,2008/4/1 23:29,2008/4/1 23:29,4.7,train
train_008571,record_008571.npz,SZOH35,2008/5/1 7:34,2008/5/1 7:34,4.6,train
train_008572,record_008572.npz,SZOH35,2008/5/9 7:43,2008/5/9 7:43,4.6,train
train_008573,record_008573.npz,SZOH35,2008/7/15 21:37,2008/7/15 21:37,4.1,train
train_008574,record_008574.npz,SZOH35,2008/7/15 22:23,2008/7/15 22:23,4.3,train
train_008575,record_008575.npz,SZOH35,2008/7/23 4:16,2008/7/23 4:17,4.4,train
train_008576,record_008576.npz,SZOH35,2008/8/8 12:57,2008/8/8 12:57,4.6,train
train_008577,record_008577.npz,SZOH35,2008/9/21 7:17,2008/9/21 7:17,4.8,train
train_008578,record_008578.npz,SZOH35,2008/10/8 15:07,2008/10/8 15:08,4.7,train
train_008579,record_008579.npz,SZOH35,2008/11/1 15:22,2008/11/1 15:22,4.4,train
train_008580,record_008580.npz,SZOH35,2009/1/22 21:21,2009/1/22 21:21,4.7,train
train_008581,record_008581.npz,SZOH35,2009/2/17 4:54,2009/2/17 4:54,4.6,train
train_008582,record_008582.npz,SZOH35,2009/5/25 20:26,2009/5/25 20:26,4.7,train
train_008583,record_008583.npz,SZOH35,2009/7/16 5:19,2009/7/16 5:19,4.2,train
train_008584,record_008584.npz,SZOH35,2009/8/11 5:07,2009/8/11 5:07,6.5,train
train_008585,record_008585.npz,SZOH35,2009/8/11 6:27,2009/8/11 6:27,4.4,train
train_008586,record_008586.npz,SZOH35,2009/8/11 18:09,2009/8/11 18:09,4.4,train
train_008587,record_008587.npz,SZOH35,2009/8/13 12:42,2009/8/13 12:42,4.3,train
train_008588,record_008588.npz,SZOH35,2009/8/13 18:11,2009/8/13 18:11,4.5,train
train_008589,record_008589.npz,SZOH36,2004/11/9 0:07,2004/11/9 0:07,5.7,train
train_008590,record_008590.npz,SZOH36,2005/1/2 1:30,2005/1/2 1:31,4.2,train
train_008591,record_008591.npz,SZOH36,2005/1/9 18:59,2005/1/9 18:59,4.7,train
train_008592,record_008592.npz,SZOH36,2006/4/21 2:50,2006/4/21 2:50,5.8,train
train_008593,record_008593.npz,SZOH36,2006/4/21 3:20,2006/4/21 3:20,4.5,train
train_008594,record_008594.npz,SZOH36,2006/5/2 18:24,2006/5/2 18:25,5.1,train
train_008595,record_008595.npz,SZOH36,2007/4/15 12:19,2007/4/15 12:20,5.4,train
train_008596,record_008596.npz,SZOH36,2007/4/28 9:27,2007/4/28 9:28,4.6,train
train_008597,record_008597.npz,SZOH36,2007/6/1 11:42,2007/6/1 11:42,4.3,train
train_008598,record_008598.npz,SZOH36,2008/4/20 1:00,2008/4/20 1:00,4.3,train
train_008599,record_008599.npz,SZOH36,2008/6/13 11:21,2008/6/13 11:22,4.7,train
train_008600,record_008600.npz,SZOH36,2008/9/21 7:17,2008/9/21 7:18,4.8,train
train_008601,record_008601.npz,SZOH36,2009/2/18 6:47,2009/2/18 6:47,5.2,train
train_008602,record_008602.npz,SZOH36,2009/5/25 20:26,2009/5/25 20:26,4.7,train
train_008603,record_008603.npz,SZOH36,2009/8/11 5:07,2009/8/11 5:07,6.5,train
train_008604,record_008604.npz,SZOH36,2009/8/13 12:42,2009/8/13 12:42,4.3,train
train_008605,record_008605.npz,SZOH36,2009/8/13 18:11,2009/8/13 18:11,4.5,train
train_008606,record_008606.npz,SZOH36,2011/3/15 22:31,2011/3/15 22:30,6.4,train
train_008607,record_008607.npz,SZOH37,2006/5/2 18:24,2006/5/2 18:24,5.1,train
train_008608,record_008608.npz,SZOH37,2006/10/14 6:38,2006/10/14 6:38,5.1,train
train_008609,record_008609.npz,SZOH37,2006/12/31 8:30,2006/12/31 8:30,4.9,train
train_008610,record_008610.npz,SZOH37,2007/7/24 11:38,2007/7/24 11:38,4.4,train
train_008611,record_008611.npz,SZOH37,2008/2/10 9:37,2008/2/10 9:37,5,train
train_008612,record_008612.npz,SZOH37,2008/5/1 7:34,2008/5/1 7:34,4.6,train
train_008613,record_008613.npz,SZOH37,2008/7/15 21:37,2008/7/15 21:37,4.1,train
train_008614,record_008614.npz,SZOH37,2008/7/15 22:23,2008/7/15 22:23,4.3,train
train_008615,record_008615.npz,SZOH37,2008/8/8 12:57,2008/8/8 12:57,4.6,train
train_008616,record_008616.npz,SZOH37,2008/9/21 7:17,2008/9/21 7:17,4.8,train
train_008617,record_008617.npz,SZOH37,2009/1/22 21:21,2009/1/22 21:21,4.7,train
train_008618,record_008618.npz,SZOH37,2009/5/25 20:26,2009/5/25 20:26,4.7,train
train_008619,record_008619.npz,SZOH37,2009/7/16 5:19,2009/7/16 5:19,4.2,train
train_008620,record_008620.npz,SZOH37,2009/8/11 5:07,2009/8/11 5:07,6.5,train
train_008621,record_008621.npz,SZOH37,2009/8/11 6:27,2009/8/11 6:27,4.4,train
train_008622,record_008622.npz,SZOH37,2009/8/11 18:09,2009/8/11 18:09,4.4,train
train_008623,record_008623.npz,SZOH37,2009/8/13 12:42,2009/8/13 12:42,4.3,train
train_008624,record_008624.npz,SZOH37,2009/8/13 18:11,2009/8/13 18:11,4.5,train
train_008625,record_008625.npz,SZOH37,2009/12/17 23:45,2009/12/17 23:45,5,train
train_008626,record_008626.npz,SZOH37,2009/12/18 2:30,2009/12/18 2:29,4.2,train
train_008627,record_008627.npz,SZOH37,2009/12/18 5:41,2009/12/18 5:41,5.1,train
train_008628,record_008628.npz,SZOH37,2009/12/18 8:45,2009/12/18 8:45,5.1,train
train_008629,record_008629.npz,SZOH37,2009/12/19 0:53,2009/12/19 0:53,4.5,train
train_008630,record_008630.npz,SZOH37,2009/12/19 22:04,2009/12/19 22:05,4.3,train
train_008631,record_008631.npz,SZOH37,2009/12/19 22:09,2009/12/19 22:09,4.5,train
train_008632,record_008632.npz,SZOH37,2010/1/21 2:59,2010/1/21 2:59,4.4,train
train_008633,record_008633.npz,SZOH37,2010/2/17 4:59,2010/2/17 4:59,4.7,train
train_008634,record_008634.npz,SZOH37,2010/3/16 7:30,2010/3/16 7:31,4.5,train
train_008635,record_008635.npz,SZOH39,2006/4/21 2:50,2006/4/21 2:50,5.8,train
train_008636,record_008636.npz,SZOH39,2007/10/1 2:21,2007/10/1 2:21,4.9,train
train_008637,record_008637.npz,SZOH39,2008/1/27 10:53,2008/1/27 10:54,4.2,train
train_008638,record_008638.npz,SZOH39,2008/2/10 9:37,2008/2/10 9:37,5,train
train_008639,record_008639.npz,SZOH39,2008/4/4 19:02,2008/4/4 19:02,5,train
train_008640,record_008640.npz,SZOH39,2008/4/6 21:55,2008/4/6 21:56,4.3,train
train_008641,record_008641.npz,SZOH39,2008/7/15 21:37,2008/7/15 21:37,4.1,train
train_008642,record_008642.npz,SZOH39,2008/7/15 22:23,2008/7/15 22:23,4.3,train
train_008643,record_008643.npz,SZOH39,2008/8/8 12:57,2008/8/8 12:57,4.6,train
train_008644,record_008644.npz,SZOH39,2008/9/21 7:17,2008/9/21 7:17,4.8,train
train_008645,record_008645.npz,SZOH39,2009/1/22 21:21,2009/1/22 21:21,4.7,train
train_008646,record_008646.npz,SZOH39,2009/2/17 4:54,2009/2/17 4:55,4.6,train
train_008647,record_008647.npz,SZOH39,2009/5/25 20:26,2009/5/25 20:26,4.7,train
train_008648,record_008648.npz,SZOH39,2009/7/16 5:19,2009/7/16 5:19,4.2,train
train_008649,record_008649.npz,SZOH39,2009/8/11 5:07,2009/8/11 5:07,6.5,train
train_008650,record_008650.npz,SZOH39,2009/8/11 6:27,2009/8/11 6:26,4.4,train
train_008651,record_008651.npz,SZOH39,2009/8/13 12:42,2009/8/13 12:42,4.3,train
train_008652,record_008652.npz,SZOH39,2009/8/13 18:11,2009/8/13 18:11,4.5,train
train_008653,record_008653.npz,SZOH39,2009/11/14 4:23,2009/11/14 4:24,4.2,train
train_008654,record_008654.npz,SZOH39,2009/12/17 23:45,2009/12/17 23:45,5,train
train_008655,record_008655.npz,SZOH39,2009/12/18 2:30,2009/12/18 2:29,4.2,train
train_008656,record_008656.npz,SZOH39,2009/12/18 8:45,2009/12/18 8:45,5.1,train
train_008657,record_008657.npz,SZOH39,2009/12/19 0:53,2009/12/19 0:53,4.5,train
train_008658,record_008658.npz,SZOH42,2005/7/23 16:35,2005/7/23 16:35,6,train
train_008659,record_008659.npz,SZOH42,2006/5/2 18:24,2006/5/2 18:24,5.1,train
train_008660,record_008660.npz,SZOH42,2006/5/2 18:26,2006/5/2 18:26,4.3,train
train_008661,record_008661.npz,SZOH42,2007/10/1 2:21,2007/10/1 2:21,4.9,train
train_008662,record_008662.npz,SZOH42,2008/2/10 9:37,2008/2/10 9:37,5,train
train_008663,record_008663.npz,SZOH42,2008/4/1 23:29,2008/4/1 23:29,4.7,train
train_008664,record_008664.npz,SZOH42,2008/4/6 21:55,2008/4/6 21:56,4.3,train
train_008665,record_008665.npz,SZOH42,2008/5/1 7:34,2008/5/1 7:34,4.6,train
train_008666,record_008666.npz,SZOH42,2008/5/9 7:43,2008/5/9 7:43,4.6,train
train_008667,record_008667.npz,SZOH42,2008/6/13 11:21,2008/6/13 11:21,4.7,train
train_008668,record_008668.npz,SZOH42,2008/7/15 21:37,2008/7/15 21:37,4.1,train
train_008669,record_008669.npz,SZOH42,2008/7/15 22:23,2008/7/15 22:23,4.3,train
train_008670,record_008670.npz,SZOH42,2008/7/23 4:16,2008/7/23 4:17,4.4,train
train_008671,record_008671.npz,SZOH42,2008/8/8 12:57,2008/8/8 12:57,4.6,train
train_008672,record_008672.npz,SZOH42,2008/8/20 15:13,2008/8/20 15:14,4.6,train
train_008673,record_008673.npz,SZOH42,2008/9/21 7:17,2008/9/21 7:17,4.8,train
train_008674,record_008674.npz,SZOH42,2008/10/8 15:07,2008/10/8 15:08,4.7,train
train_008675,record_008675.npz,SZOH42,2009/1/22 21:21,2009/1/22 21:21,4.7,train
train_008676,record_008676.npz,SZOH42,2009/2/17 4:54,2009/2/17 4:54,4.6,train
train_008677,record_008677.npz,SZOH42,2009/5/25 20:26,2009/5/25 20:26,4.7,train
train_008678,record_008678.npz,SZOH42,2009/7/16 5:19,2009/7/16 5:19,4.2,train
train_008679,record_008679.npz,SZOH42,2009/8/11 5:07,2009/8/11 5:07,6.5,train
train_008680,record_008680.npz,SZOH42,2009/8/11 6:27,2009/8/11 6:26,4.4,train
train_008681,record_008681.npz,SZOH42,2009/8/11 18:09,2009/8/11 18:09,4.4,train
train_008682,record_008682.npz,SZOH42,2009/8/13 12:42,2009/8/13 12:42,4.3,train
train_008683,record_008683.npz,SZOH42,2009/8/13 18:11,2009/8/13 18:11,4.5,train
train_008684,record_008684.npz,SZOH43,2004/10/6 23:40,2004/10/6 23:41,5.7,train
train_008685,record_008685.npz,SZOH43,2006/7/9 17:48,2006/7/9 17:48,4.8,train
train_008686,record_008686.npz,SZOH43,2007/4/15 12:19,2007/4/15 12:20,5.4,train
train_008687,record_008687.npz,SZOH43,2007/7/24 11:38,2007/7/24 11:39,4.4,train
train_008688,record_008688.npz,SZOH43,2008/1/27 10:33,2008/1/27 10:33,4.1,train
train_008689,record_008689.npz,SZOH43,2008/1/27 10:53,2008/1/27 10:53,4.2,train
train_008690,record_008690.npz,SZOH43,2008/2/10 9:37,2008/2/10 9:38,5,train
train_008691,record_008691.npz,SZOH43,2008/4/20 1:00,2008/4/20 1:00,4.3,train
train_008692,record_008692.npz,SZOH43,2008/6/13 11:21,2008/6/13 11:22,4.7,train
train_008693,record_008693.npz,SZOH43,2009/1/22 21:21,2009/1/22 21:21,4.7,train
train_008694,record_008694.npz,SZOH43,2009/5/25 20:26,2009/5/25 20:26,4.7,train
train_008695,record_008695.npz,SZOH43,2009/7/16 5:19,2009/7/16 5:19,4.2,train
train_008696,record_008696.npz,SZOH43,2009/8/11 5:07,2009/8/11 5:07,6.5,train
train_008697,record_008697.npz,SZOH43,2009/12/17 23:45,2009/12/17 23:45,5,train
train_008698,record_008698.npz,SZOH43,2009/12/18 2:30,2009/12/18 2:29,4.2,train
train_008699,record_008699.npz,SZOH43,2009/12/18 8:45,2009/12/18 8:45,5.1,train
train_008700,record_008700.npz,SZOH43,2009/12/19 0:53,2009/12/19 0:53,4.5,train
train_008701,record_008701.npz,SZOH43,2009/12/19 22:04,2009/12/19 22:05,4.3,train
train_008702,record_008702.npz,SZOH43,2009/12/19 22:09,2009/12/19 22:09,4.5,train
train_008703,record_008703.npz,SZOH43,2010/1/10 1:44,2010/1/10 1:45,4.3,train
train_008704,record_008704.npz,SZOH43,2010/1/21 2:59,2010/1/21 2:59,4.4,train
train_008705,record_008705.npz,SZOH43,2010/3/16 7:30,2010/3/16 7:31,4.5,train
train_008706,record_008706.npz,TCGH09,2001/5/31 8:59,2001/5/31 8:59,4.5,train
train_008707,record_008707.npz,TCGH09,2001/7/20 6:02,2001/7/20 6:02,4.8,train
train_008708,record_008708.npz,TCGH09,2001/10/18 6:30,2001/10/18 6:30,4.3,train
train_008709,record_008709.npz,TCGH09,2002/2/12 22:44,2002/2/12 22:44,5.5,train
train_008710,record_008710.npz,TCGH09,2002/6/14 11:42,2002/6/14 11:43,4.9,train
train_008711,record_008711.npz,TCGH09,2002/7/13 21:45,2002/7/13 21:46,4.8,train
train_008712,record_008712.npz,TCGH09,2003/3/13 12:13,2003/3/13 12:13,4.8,train
train_008713,record_008713.npz,TCGH09,2004/7/10 20:07,2004/7/10 20:07,4.7,train
train_008714,record_008714.npz,TCGH09,2004/10/6 23:40,2004/10/6 23:40,5.7,train
train_008715,record_008715.npz,TCGH09,2004/10/23 17:56,2004/10/23 17:56,6.8,train
train_008716,record_008716.npz,TCGH09,2004/10/23 18:03,2004/10/23 18:03,6.3,train
train_008717,record_008717.npz,TCGH09,2004/10/23 18:34,2004/10/23 18:34,6.5,train
train_008718,record_008718.npz,TCGH09,2004/10/27 10:40,2004/10/27 10:41,6.1,train
train_008719,record_008719.npz,TCGH09,2005/2/16 4:46,2005/2/16 4:46,5.4,train
train_008720,record_008720.npz,TCGH09,2005/5/8 15:04,2005/5/8 15:04,4.5,train
train_008721,record_008721.npz,TCGH09,2005/5/15 15:55,2005/5/15 15:55,4.8,train
train_008722,record_008722.npz,TCGH09,2005/12/28 18:46,2005/12/28 18:46,4.8,train
train_008723,record_008723.npz,TCGH09,2006/4/2 20:46,2006/4/2 20:47,4.3,train
train_008724,record_008724.npz,TCGH09,2007/6/1 7:29,2007/6/1 7:29,4.5,train
train_008725,record_008725.npz,TCGH09,2007/7/16 10:13,2007/7/16 10:13,6.8,train
train_008726,record_008726.npz,TCGH09,2007/11/11 19:49,2007/11/11 19:49,4.3,train
train_008727,record_008727.npz,TCGH09,2007/11/12 9:20,2007/11/12 9:21,4.1,train
train_008728,record_008728.npz,TCGH09,2007/11/26 22:51,2007/11/26 22:52,6,train
train_008729,record_008729.npz,TCGH09,2007/11/30 18:37,2007/11/30 18:37,4.7,train
train_008730,record_008730.npz,TCGH09,2007/12/22 19:39,2007/12/22 19:39,4.4,train
train_008731,record_008731.npz,TCGH09,2008/2/2 13:07,2008/2/2 13:07,4.3,train
train_008732,record_008732.npz,TCGH09,2008/2/9 7:07,2008/2/9 7:07,4.9,train
train_008733,record_008733.npz,TCGH09,2008/3/2 18:33,2008/3/2 18:33,4.3,train
train_008734,record_008734.npz,TCGH10,2000/7/21 3:39,2000/7/21 3:39,6,train
train_008735,record_008735.npz,TCGH10,2001/3/6 14:32,2001/3/6 14:32,4.6,train
train_008736,record_008736.npz,TCGH10,2001/5/31 8:59,2001/5/31 8:59,4.5,train
train_008737,record_008737.npz,TCGH10,2001/7/20 6:02,2001/7/20 6:02,4.8,train
train_008738,record_008738.npz,TCGH10,2001/9/4 23:54,2001/9/4 23:55,5.2,train
train_008739,record_008739.npz,TCGH10,2002/1/29 18:50,2002/1/29 18:51,4.2,train
train_008740,record_008740.npz,TCGH10,2002/2/12 22:44,2002/2/12 22:44,5.5,train
train_008741,record_008741.npz,TCGH10,2002/2/25 22:14,2002/2/25 22:14,4.7,train
train_008742,record_008742.npz,TCGH10,2002/6/14 11:42,2002/6/14 11:43,4.9,train
train_008743,record_008743.npz,TCGH10,2002/10/21 1:06,2002/10/21 1:06,5.2,train
train_008744,record_008744.npz,TCGH10,2002/10/26 19:43,2002/10/26 19:43,4.8,train
train_008745,record_008745.npz,TCGH10,2003/1/9 13:14,2003/1/9 13:14,4.7,train
train_008746,record_008746.npz,TCGH10,2003/1/21 13:19,2003/1/21 13:19,5,train
train_008747,record_008747.npz,TCGH10,2003/1/31 17:53,2003/1/31 17:54,4.4,train
train_008748,record_008748.npz,TCGH10,2003/2/14 10:54,2003/2/14 10:54,4.7,train
train_008749,record_008749.npz,TCGH10,2003/2/16 12:03,2003/2/16 12:04,5,train
train_008750,record_008750.npz,TCGH10,2003/3/3 7:47,2003/3/3 7:47,5.3,train
train_008751,record_008751.npz,TCGH10,2003/3/13 12:13,2003/3/13 12:13,4.8,train
train_008752,record_008752.npz,TCGH10,2003/4/8 3:28,2003/4/8 3:29,5.8,train
train_008753,record_008753.npz,TCGH10,2003/4/8 4:17,2003/4/8 4:17,4.6,train
train_008754,record_008754.npz,TCGH10,2003/4/21 10:18,2003/4/21 10:18,4.6,train
train_008755,record_008755.npz,TCGH10,2003/4/25 7:40,2003/4/25 7:40,4.7,train
train_008756,record_008756.npz,TCGH10,2003/5/6 23:48,2003/5/6 23:49,4.3,train
train_008757,record_008757.npz,TCGH10,2003/5/11 16:28,2003/5/11 16:29,4.5,train
train_008758,record_008758.npz,TCGH10,2003/5/12 0:57,2003/5/12 0:57,5.2,train
train_008759,record_008759.npz,TCGH10,2003/5/12 0:59,2003/5/12 0:59,4.6,train
train_008760,record_008760.npz,TCGH10,2003/6/9 18:59,2003/6/9 18:59,4.6,train
train_008761,record_008761.npz,TCGH10,2003/6/16 18:34,2003/6/16 18:34,5,train
train_008762,record_008762.npz,TCGH10,2003/7/26 7:13,2003/7/26 7:14,6.2,train
train_008763,record_008763.npz,TCGH11,2000/7/21 3:39,2000/7/21 3:39,6,train
train_008764,record_008764.npz,TCGH11,2000/9/9 20:48,2000/9/9 20:49,4.2,train
train_008765,record_008765.npz,TCGH11,2000/11/16 18:31,2000/11/16 18:32,5,train
train_008766,record_008766.npz,TCGH11,2001/3/6 14:32,2001/3/6 14:32,4.6,train
train_008767,record_008767.npz,TCGH11,2001/3/31 6:09,2001/3/31 6:09,4.9,train
train_008768,record_008768.npz,TCGH11,2001/5/24 13:23,2001/5/24 13:23,4.2,train
train_008769,record_008769.npz,TCGH11,2001/5/31 8:59,2001/5/31 8:59,4.5,train
train_008770,record_008770.npz,TCGH11,2001/7/20 6:02,2001/7/20 6:02,4.8,train
train_008771,record_008771.npz,TCGH11,2001/7/26 3:33,2001/7/26 3:33,4.2,train
train_008772,record_008772.npz,TCGH11,2001/9/4 23:54,2001/9/4 23:55,5.2,train
train_008773,record_008773.npz,TCGH11,2001/9/25 4:35,2001/9/25 4:35,4.3,train
train_008774,record_008774.npz,TCGH11,2001/9/25 4:57,2001/9/25 4:57,4.5,train
train_008775,record_008775.npz,TCGH11,2001/10/18 6:30,2001/10/18 6:30,4.3,train
train_008776,record_008776.npz,TCGH11,2001/10/28 12:24,2001/10/28 12:25,4.3,train
train_008777,record_008777.npz,TCGH11,2001/12/8 7:07,2001/12/8 7:07,4.5,train
train_008778,record_008778.npz,TCGH11,2001/12/16 13:48,2001/12/16 13:48,4.1,train
train_008779,record_008779.npz,TCGH11,2002/1/6 18:35,2002/1/6 18:35,4.2,train
train_008780,record_008780.npz,TCGH11,2002/1/29 18:50,2002/1/29 18:51,4.2,train
train_008781,record_008781.npz,TCGH11,2002/2/2 5:09,2002/2/2 5:09,4.3,train
train_008782,record_008782.npz,TCGH11,2002/2/5 19:57,2002/2/5 19:57,4.4,train
train_008783,record_008783.npz,TCGH11,2002/2/12 22:44,2002/2/12 22:44,5.5,train
train_008784,record_008784.npz,TCGH11,2002/2/25 22:14,2002/2/25 22:14,4.7,train
train_008785,record_008785.npz,TCGH11,2002/3/17 3:01,2002/3/17 3:01,4.1,train
train_008786,record_008786.npz,TCGH11,2002/5/4 23:29,2002/5/4 23:30,4.1,train
train_008787,record_008787.npz,TCGH12,2000/7/21 3:39,2000/7/21 3:39,6,train
train_008788,record_008788.npz,TCGH12,2000/9/9 20:48,2000/9/9 20:49,4.2,train
train_008789,record_008789.npz,TCGH12,2000/10/18 12:58,2000/10/18 12:58,4.5,train
train_008790,record_008790.npz,TCGH12,2001/3/6 14:32,2001/3/6 14:32,4.6,train
train_008791,record_008791.npz,TCGH12,2001/5/31 8:59,2001/5/31 8:59,4.5,train
train_008792,record_008792.npz,TCGH12,2001/7/20 6:02,2001/7/20 6:02,4.8,train
train_008793,record_008793.npz,TCGH12,2001/9/4 23:54,2001/9/4 23:55,5.2,train
train_008794,record_008794.npz,TCGH12,2001/10/18 6:30,2001/10/18 6:30,4.3,train
train_008795,record_008795.npz,TCGH12,2002/2/5 19:57,2002/2/5 19:57,4.4,train
train_008796,record_008796.npz,TCGH12,2002/2/12 22:44,2002/2/12 22:44,5.5,train
train_008797,record_008797.npz,TCGH12,2002/2/25 22:14,2002/2/25 22:14,4.7,train
train_008798,record_008798.npz,TCGH12,2002/3/17 3:01,2002/3/17 3:01,4.1,train
train_008799,record_008799.npz,TCGH12,2002/6/14 11:42,2002/6/14 11:43,4.9,train
train_008800,record_008800.npz,TCGH12,2002/7/13 21:45,2002/7/13 21:46,4.8,train
train_008801,record_008801.npz,TCGH12,2002/7/27 17:59,2002/7/27 17:59,4.5,train
train_008802,record_008802.npz,TCGH12,2002/10/21 1:06,2002/10/21 1:06,5.2,train
train_008803,record_008803.npz,TCGH12,2002/10/26 19:43,2002/10/26 19:43,4.8,train
train_008804,record_008804.npz,TCGH12,2002/12/14 5:15,2002/12/14 5:16,4.5,train
train_008805,record_008805.npz,TCGH12,2002/12/23 5:31,2002/12/23 5:32,4.1,train
train_008806,record_008806.npz,TCGH12,2003/1/9 13:14,2003/1/9 13:14,4.7,train
train_008807,record_008807.npz,TCGH12,2003/1/21 13:19,2003/1/21 13:19,5,train
train_008808,record_008808.npz,TCGH12,2003/1/31 17:53,2003/1/31 17:53,4.4,train
train_008809,record_008809.npz,TCGH12,2003/2/14 10:54,2003/2/14 10:54,4.7,train
train_008810,record_008810.npz,TCGH12,2003/2/16 12:03,2003/2/16 12:04,5,train
train_008811,record_008811.npz,TCGH12,2003/3/3 7:47,2003/3/3 7:47,5.3,train
train_008812,record_008812.npz,TCGH12,2003/3/13 12:13,2003/3/13 12:13,4.8,train
train_008813,record_008813.npz,TCGH12,2003/3/17 22:14,2003/3/17 22:15,4.1,train
train_008814,record_008814.npz,TCGH13,2000/7/21 3:39,2000/7/21 3:39,6,train
train_008815,record_008815.npz,TCGH13,2001/3/6 14:32,2001/3/6 14:32,4.6,train
train_008816,record_008816.npz,TCGH13,2001/5/31 8:59,2001/5/31 8:59,4.5,train
train_008817,record_008817.npz,TCGH13,2001/7/20 6:02,2001/7/20 6:02,4.8,train
train_008818,record_008818.npz,TCGH13,2001/9/4 23:54,2001/9/4 23:55,5.2,train
train_008819,record_008819.npz,TCGH13,2001/9/25 4:57,2001/9/25 4:57,4.5,train
train_008820,record_008820.npz,TCGH13,2001/10/18 6:30,2001/10/18 6:30,4.3,train
train_008821,record_008821.npz,TCGH13,2002/1/29 18:50,2002/1/29 18:51,4.2,train
train_008822,record_008822.npz,TCGH13,2002/2/5 19:57,2002/2/5 19:57,4.4,train
train_008823,record_008823.npz,TCGH13,2002/2/12 22:44,2002/2/12 22:44,5.5,train
train_008824,record_008824.npz,TCGH13,2002/2/25 22:14,2002/2/25 22:14,4.7,train
train_008825,record_008825.npz,TCGH13,2002/6/14 11:42,2002/6/14 11:43,4.9,train
train_008826,record_008826.npz,TCGH13,2002/7/24 5:05,2002/7/24 5:06,5.7,train
train_008827,record_008827.npz,TCGH13,2002/7/27 17:59,2002/7/27 17:59,4.5,train
train_008828,record_008828.npz,TCGH13,2002/10/21 1:06,2002/10/21 1:06,5.2,train
train_008829,record_008829.npz,TCGH13,2003/1/21 13:19,2003/1/21 13:19,5,train
train_008830,record_008830.npz,TCGH13,2003/2/16 12:03,2003/2/16 12:04,5,train
train_008831,record_008831.npz,TCGH13,2003/3/13 12:13,2003/3/13 12:13,4.8,train
train_008832,record_008832.npz,TCGH13,2003/6/9 18:59,2003/6/9 18:59,4.6,train
train_008833,record_008833.npz,TCGH13,2003/8/4 20:57,2003/8/4 20:57,4.9,train
train_008834,record_008834.npz,TCGH13,2003/11/15 3:44,2003/11/15 3:44,5.8,train
train_008835,record_008835.npz,TCGH13,2004/1/23 18:01,2004/1/23 18:01,5.3,train
train_008836,record_008836.npz,TCGH13,2004/4/4 8:02,2004/4/4 8:02,5.8,train
train_008837,record_008837.npz,TCGH13,2004/10/6 23:40,2004/10/6 23:40,5.7,train
train_008838,record_008838.npz,TCGH13,2004/10/23 18:34,2004/10/23 18:34,6.5,train
train_008839,record_008839.npz,TCGH13,2005/1/1 5:14,2005/1/1 5:14,5,train
train_008840,record_008840.npz,TCGH13,2005/2/16 4:46,2005/2/16 4:46,5.4,train
train_008841,record_008841.npz,TCGH13,2005/4/4 2:57,2005/4/4 2:57,5.3,train
train_008842,record_008842.npz,TCGH13,2005/5/14 0:14,2005/5/14 0:14,4.4,train
train_008843,record_008843.npz,TCGH13,2005/5/15 15:55,2005/5/15 15:55,4.8,train
train_008844,record_008844.npz,TCGH14,2000/7/21 3:39,2000/7/21 3:39,6,train
train_008845,record_008845.npz,TCGH14,2001/5/31 8:59,2001/5/31 8:59,4.5,train
train_008846,record_008846.npz,TCGH14,2001/7/20 6:02,2001/7/20 6:02,4.8,train
train_008847,record_008847.npz,TCGH14,2001/10/18 6:30,2001/10/18 6:30,4.3,train
train_008848,record_008848.npz,TCGH14,2002/6/14 11:42,2002/6/14 11:43,4.9,train
train_008849,record_008849.npz,TCGH14,2003/3/13 12:13,2003/3/13 12:13,4.8,train
train_008850,record_008850.npz,TCGH14,2003/5/12 0:57,2003/5/12 0:57,5.2,train
train_008851,record_008851.npz,TCGH14,2004/7/10 20:07,2004/7/10 20:07,4.7,train
train_008852,record_008852.npz,TCGH14,2004/10/6 23:40,2004/10/6 23:40,5.7,train
train_008853,record_008853.npz,TCGH14,2004/10/23 17:56,2004/10/23 17:56,6.8,train
train_008854,record_008854.npz,TCGH14,2004/10/23 18:34,2004/10/23 18:34,6.5,train
train_008855,record_008855.npz,TCGH14,2005/2/8 11:29,2005/2/8 11:29,4.8,train
train_008856,record_008856.npz,TCGH14,2005/2/16 4:46,2005/2/16 4:46,5.4,train
train_008857,record_008857.npz,TCGH14,2005/2/23 21:59,2005/2/23 21:59,4.4,train
train_008858,record_008858.npz,TCGH14,2005/4/11 7:22,2005/4/11 7:22,6.1,train
train_008859,record_008859.npz,TCGH14,2005/7/23 16:35,2005/7/23 16:35,6,train
train_008860,record_008860.npz,TCGH14,2005/7/28 19:15,2005/7/28 19:15,5,train
train_008861,record_008861.npz,TCGH14,2005/12/28 18:46,2005/12/28 18:46,4.8,train
train_008862,record_008862.npz,TCGH14,2006/4/2 20:46,2006/4/2 20:46,4.3,train
train_008863,record_008863.npz,TCGH14,2006/4/20 12:40,2006/4/20 12:40,4.3,train
train_008864,record_008864.npz,TCGH14,2007/6/1 7:29,2007/6/1 7:29,4.5,train
train_008865,record_008865.npz,TCGH14,2007/6/2 14:43,2007/6/2 14:43,4.6,train
train_008866,record_008866.npz,TCGH14,2007/6/4 13:34,2007/6/4 13:34,4.4,train
train_008867,record_008867.npz,TCGH14,2007/7/16 10:13,2007/7/16 10:13,6.8,train
train_008868,record_008868.npz,TCGH14,2007/10/17 22:33,2007/10/17 22:33,4.1,train
train_008869,record_008869.npz,TCGH14,2007/11/30 18:37,2007/11/30 18:37,4.7,train
train_008870,record_008870.npz,TCGH14,2008/2/9 7:07,2008/2/9 7:07,4.9,train
train_008871,record_008871.npz,TCGH14,2008/3/2 18:33,2008/3/2 18:33,4.3,train
train_008872,record_008872.npz,TCGH15,2000/7/21 3:39,2000/7/21 3:39,6,train
train_008873,record_008873.npz,TCGH15,2000/9/9 20:48,2000/9/9 20:48,4.2,train
train_008874,record_008874.npz,TCGH15,2001/5/31 8:59,2001/5/31 8:59,4.5,train
train_008875,record_008875.npz,TCGH15,2001/7/20 6:02,2001/7/20 6:02,4.8,train
train_008876,record_008876.npz,TCGH15,2001/10/18 6:30,2001/10/18 6:30,4.3,train
train_008877,record_008877.npz,TCGH15,2002/2/5 19:57,2002/2/5 19:57,4.4,train
train_008878,record_008878.npz,TCGH15,2002/2/12 22:44,2002/2/12 22:44,5.5,train
train_008879,record_008879.npz,TCGH15,2002/3/17 3:01,2002/3/17 3:01,4.1,train
train_008880,record_008880.npz,TCGH15,2002/6/14 11:42,2002/6/14 11:43,4.9,train
train_008881,record_008881.npz,TCGH15,2002/7/13 21:45,2002/7/13 21:46,4.8,train
train_008882,record_008882.npz,TCGH15,2002/7/27 17:59,2002/7/27 17:59,4.5,train
train_008883,record_008883.npz,TCGH15,2002/8/15 4:16,2002/8/15 4:16,4.1,train
train_008884,record_008884.npz,TCGH15,2002/9/7 6:57,2002/9/7 6:57,4.1,train
train_008885,record_008885.npz,TCGH15,2002/10/21 1:06,2002/10/21 1:06,5.2,train
train_008886,record_008886.npz,TCGH15,2002/12/23 5:31,2002/12/23 5:32,4.1,train
train_008887,record_008887.npz,TCGH15,2003/1/9 13:14,2003/1/9 13:14,4.7,train
train_008888,record_008888.npz,TCGH15,2003/1/21 13:19,2003/1/21 13:19,5,train
train_008889,record_008889.npz,TCGH15,2003/1/31 17:53,2003/1/31 17:53,4.4,train
train_008890,record_008890.npz,TCGH15,2003/2/14 10:54,2003/2/14 10:54,4.7,train
train_008891,record_008891.npz,TCGH15,2003/2/16 12:03,2003/2/16 12:04,5,train
train_008892,record_008892.npz,TCGH15,2003/3/13 12:13,2003/3/13 12:13,4.8,train
train_008893,record_008893.npz,TCGH15,2003/4/8 4:17,2003/4/8 4:17,4.6,train
train_008894,record_008894.npz,TCGH15,2003/5/6 23:48,2003/5/6 23:48,4.3,train
train_008895,record_008895.npz,TCGH15,2003/8/4 20:57,2003/8/4 20:57,4.9,train
train_008896,record_008896.npz,TCGH15,2003/9/20 12:55,2003/9/20 12:55,5.8,train
train_008897,record_008897.npz,TCGH15,2004/4/4 8:02,2004/4/4 8:02,5.8,train
train_008898,record_008898.npz,TCGH15,2004/6/3 18:44,2004/6/3 18:44,4.1,train
train_008899,record_008899.npz,TCGH16,2001/3/6 14:32,2001/3/6 14:32,4.6,train
train_008900,record_008900.npz,TCGH16,2002/6/14 11:42,2002/6/14 11:43,4.9,train
train_008901,record_008901.npz,TCGH16,2002/7/13 21:45,2002/7/13 21:46,4.8,train
train_008902,record_008902.npz,TCGH16,2002/7/27 17:59,2002/7/27 17:59,4.5,train
train_008903,record_008903.npz,TCGH16,2002/10/21 1:06,2002/10/21 1:06,5.2,train
train_008904,record_008904.npz,TCGH16,2003/1/9 13:14,2003/1/9 13:14,4.7,train
train_008905,record_008905.npz,TCGH16,2003/1/21 13:19,2003/1/21 13:19,5,train
train_008906,record_008906.npz,TCGH16,2003/1/31 17:53,2003/1/31 17:54,4.4,train
train_008907,record_008907.npz,TCGH16,2003/2/14 10:54,2003/2/14 10:54,4.7,train
train_008908,record_008908.npz,TCGH16,2003/2/16 12:03,2003/2/16 12:04,5,train
train_008909,record_008909.npz,TCGH16,2003/3/13 12:13,2003/3/13 12:13,4.8,train
train_008910,record_008910.npz,TCGH16,2003/4/8 4:17,2003/4/8 4:17,4.6,train
train_008911,record_008911.npz,TCGH16,2003/4/21 10:18,2003/4/21 10:18,4.6,train
train_008912,record_008912.npz,TCGH16,2003/5/6 23:48,2003/5/6 23:48,4.3,train
train_008913,record_008913.npz,TCGH16,2003/5/12 0:57,2003/5/12 0:57,5.2,train
train_008914,record_008914.npz,TCGH16,2003/5/17 23:33,2003/5/17 23:33,5.1,train
train_008915,record_008915.npz,TCGH16,2003/6/9 18:59,2003/6/9 18:59,4.6,train
train_008916,record_008916.npz,TCGH16,2003/8/4 20:57,2003/8/4 20:57,4.9,train
train_008917,record_008917.npz,TCGH16,2003/8/18 18:59,2003/8/18 18:59,4.6,train
train_008918,record_008918.npz,TCGH16,2003/9/20 12:55,2003/9/20 12:55,5.8,train
train_008919,record_008919.npz,TCGH16,2003/11/15 3:44,2003/11/15 3:44,5.8,train
train_008920,record_008920.npz,TCGH16,2004/1/23 18:01,2004/1/23 18:01,5.3,train
train_008921,record_008921.npz,TCGH16,2004/3/11 11:35,2004/3/11 11:35,5.3,train
train_008922,record_008922.npz,TCGH16,2004/4/4 8:02,2004/4/4 8:02,5.8,train
train_008923,record_008923.npz,TCGH16,2004/6/3 18:44,2004/6/3 18:44,4.1,train
train_008924,record_008924.npz,TCGH16,2004/7/10 20:07,2004/7/10 20:07,4.7,train
train_008925,record_008925.npz,TCGH16,2004/9/1 11:49,2004/9/1 11:49,5.6,train
train_008926,record_008926.npz,TCGH16,2004/10/6 23:40,2004/10/6 23:40,5.7,train
train_008927,record_008927.npz,TCGH16,2004/10/7 22:01,2004/10/7 22:01,4.4,train
train_008928,record_008928.npz,TCGH16,2004/10/17 2:19,2004/10/17 2:19,5.5,train
train_008929,record_008929.npz,TCGH17,2004/10/6 23:40,2004/10/6 23:41,5.7,train
train_008930,record_008930.npz,TCGH17,2004/10/23 17:56,2004/10/23 17:56,6.8,train
train_008931,record_008931.npz,TCGH17,2004/10/23 18:03,2004/10/23 18:03,6.3,train
train_008932,record_008932.npz,TCGH17,2004/10/23 18:34,2004/10/23 18:34,6.5,train
train_008933,record_008933.npz,TCGH17,2004/10/25 6:05,2004/10/25 6:05,5.8,train
train_008934,record_008934.npz,TCGH17,2004/10/27 10:40,2004/10/27 10:41,6.1,train
train_008935,record_008935.npz,TCGH17,2004/11/4 8:57,2004/11/4 8:57,5.2,train
train_008936,record_008936.npz,TCGH17,2005/4/3 17:41,2005/4/3 17:42,4.5,train
train_008937,record_008937.npz,TCGH17,2007/7/16 10:13,2007/7/16 10:13,6.8,train
train_008938,record_008938.npz,TCGH17,2007/11/11 19:49,2007/11/11 19:49,4.3,train
train_008939,record_008939.npz,TCGH17,2007/11/26 22:51,2007/11/26 22:52,6,train
train_008940,record_008940.npz,TCGH17,2007/11/30 18:37,2007/11/30 18:37,4.7,train
train_008941,record_008941.npz,TCGH17,2007/12/22 19:39,2007/12/22 19:39,4.4,train
train_008942,record_008942.npz,TCGH17,2008/3/8 1:55,2008/3/8 1:55,5.2,train
train_008943,record_008943.npz,TCGH17,2008/3/9 6:13,2008/3/9 6:14,4.4,train
train_008944,record_008944.npz,TCGH17,2008/3/24 12:40,2008/3/24 12:40,5.3,train
train_008945,record_008945.npz,TCGH17,2008/3/24 22:29,2008/3/24 22:30,4.6,train
train_008946,record_008946.npz,TCGH17,2008/4/4 19:02,2008/4/4 19:02,5,train
train_008947,record_008947.npz,TCGH17,2008/4/6 21:55,2008/4/6 21:56,4.3,train
train_008948,record_008948.npz,TCGH17,2008/5/8 1:45,2008/5/8 1:45,7,train
train_008949,record_008949.npz,TCGH17,2008/7/5 16:49,2008/7/5 16:49,5.2,train
train_008950,record_008950.npz,TCGH17,2008/8/20 15:13,2008/8/20 15:13,4.6,train
train_008951,record_008951.npz,TCGH17,2008/8/22 19:59,2008/8/22 20:00,5.2,train
train_008952,record_008952.npz,TCGH17,2008/9/21 7:17,2008/9/21 7:17,4.8,train
train_008953,record_008953.npz,TCGH17,2008/11/22 21:13,2008/11/22 21:14,4.4,train
train_008954,record_008954.npz,TCGH17,2008/12/15 21:14,2008/12/15 21:15,4.4,train
train_008955,record_008955.npz,TCGH17,2009/2/1 6:52,2009/2/1 6:52,5.8,train
train_008956,record_008956.npz,TCGH17,2009/2/20 18:17,2009/2/20 18:17,4.4,train
train_008957,record_008957.npz,TCGH17,2010/9/29 12:02,2010/9/29 12:02,4.8,train
train_008958,record_008958.npz,TCGH17,2010/9/29 17:00,2010/9/29 17:00,5.7,train
train_008959,record_008959.npz,TKCH01,2000/11/14 0:57,2000/11/14 0:57,5.9,train
train_008960,record_008960.npz,TKCH01,2002/12/1 18:57,2002/12/1 18:57,5.4,train
train_008961,record_008961.npz,TKCH01,2003/9/26 4:50,2003/9/26 4:50,8,train
train_008962,record_008962.npz,TKCH01,2003/9/26 6:08,2003/9/26 6:07,7.1,train
train_008963,record_008963.npz,TKCH01,2003/9/26 15:27,2003/9/26 15:27,6.1,train
train_008964,record_008964.npz,TKCH01,2003/9/29 11:37,2003/9/29 11:37,6.5,train
train_008965,record_008965.npz,TKCH01,2003/10/8 18:07,2003/10/8 18:07,6.4,train
train_008966,record_008966.npz,TKCH01,2004/6/7 13:14,2004/6/7 13:14,4.9,train
train_008967,record_008967.npz,TKCH01,2004/11/29 3:32,2004/11/29 3:32,7.1,train
train_008968,record_008968.npz,TKCH01,2004/12/6 23:15,2004/12/6 23:15,6.9,train
train_008969,record_008969.npz,TKCH01,2005/1/18 23:09,2005/1/18 23:09,6.4,train
train_008970,record_008970.npz,TKCH01,2007/12/10 16:23,2007/12/10 16:23,4.2,train
train_008971,record_008971.npz,TKCH01,2008/9/11 9:21,2008/9/11 9:21,7.1,train
train_008972,record_008972.npz,TKCH01,2008/9/12 7:34,2008/9/12 7:35,5.2,train
train_008973,record_008973.npz,TKCH01,2009/3/20 15:52,2009/3/20 15:52,5,train
train_008974,record_008974.npz,TKCH01,2009/6/5 12:30,2009/6/5 12:31,6.4,train
train_008975,record_008975.npz,TKCH01,2009/12/28 9:13,2009/12/28 9:13,5,train
train_008976,record_008976.npz,TKCH01,2010/4/9 3:41,2010/4/9 3:42,4.8,train
train_008977,record_008977.npz,TKCH01,2010/7/8 21:23,2010/7/8 21:23,4.7,train
train_008978,record_008978.npz,TKCH01,2010/8/14 13:25,2010/8/14 13:25,4.6,train
train_008979,record_008979.npz,TKCH01,2010/9/4 6:15,2010/9/4 6:15,5.1,train
train_008980,record_008980.npz,TKCH01,2010/10/14 22:59,2010/10/14 22:59,5.5,train
train_008981,record_008981.npz,TKCH02,2001/4/27 2:49,2001/4/27 2:49,5.9,train
train_008982,record_008982.npz,TKCH02,2002/3/17 1:22,2002/3/17 1:23,4.6,train
train_008983,record_008983.npz,TKCH02,2002/12/1 18:57,2002/12/1 18:57,5.4,train
train_008984,record_008984.npz,TKCH02,2003/9/11 4:32,2003/9/11 4:32,4.9,train
train_008985,record_008985.npz,TKCH02,2003/9/26 4:50,2003/9/26 4:50,8,train
train_008986,record_008986.npz,TKCH02,2003/9/26 6:08,2003/9/26 6:07,7.1,train
train_008987,record_008987.npz,TKCH02,2003/9/29 11:37,2003/9/29 11:37,6.5,train
train_008988,record_008988.npz,TKCH02,2004/11/29 3:32,2004/11/29 3:32,7.1,train
train_008989,record_008989.npz,TKCH02,2004/12/6 23:15,2004/12/6 23:15,6.9,train
train_008990,record_008990.npz,TKCH02,2005/1/18 23:09,2005/1/18 23:09,6.4,train
train_008991,record_008991.npz,TKCH02,2008/3/3 17:06,2008/3/3 17:06,4.3,train
train_008992,record_008992.npz,TKCH02,2008/9/11 9:21,2008/9/11 9:21,7.1,train
train_008993,record_008993.npz,TKCH02,2008/9/12 7:34,2008/9/12 7:35,5.2,train
train_008994,record_008994.npz,TKCH02,2009/1/11 14:57,2009/1/11 14:57,4.7,train
train_008995,record_008995.npz,TKCH02,2009/1/11 21:53,2009/1/11 21:53,4.5,train
train_008996,record_008996.npz,TKCH02,2009/1/31 4:07,2009/1/31 4:07,4.2,train
train_008997,record_008997.npz,TKCH02,2009/2/22 23:24,2009/2/22 23:24,5.4,train
train_008998,record_008998.npz,TKCH02,2009/3/7 23:33,2009/3/7 23:33,5.4,train
train_008999,record_008999.npz,TKCH02,2009/3/10 10:41,2009/3/10 10:41,4.1,train
train_009000,record_009000.npz,TKCH02,2009/3/20 15:52,2009/3/20 15:52,5,train
train_009001,record_009001.npz,TKCH02,2009/4/5 17:00,2009/4/5 17:00,4.8,train
train_009002,record_009002.npz,TKCH02,2009/4/28 20:21,2009/4/28 20:21,5.4,train
train_009003,record_009003.npz,TKCH02,2009/5/10 11:30,2009/5/10 11:30,4.2,train
train_009004,record_009004.npz,TKCH02,2009/6/5 12:30,2009/6/5 12:31,6.4,train
train_009005,record_009005.npz,TKCH02,2009/7/13 4:28,2009/7/13 4:28,4.4,train
train_009006,record_009006.npz,TKCH02,2009/9/8 1:24,2009/9/8 1:24,4.8,train
train_009007,record_009007.npz,TKCH02,2009/9/29 21:03,2009/9/29 21:03,4.5,train
train_009008,record_009008.npz,TKCH03,2001/4/14 8:16,2001/4/14 8:16,5.4,train
train_009009,record_009009.npz,TKCH03,2001/7/5 22:12,2001/7/5 22:12,4.9,train
train_009010,record_009010.npz,TKCH03,2002/3/17 1:22,2002/3/17 1:23,4.6,train
train_009011,record_009011.npz,TKCH03,2002/7/28 20:31,2002/7/28 20:31,4.8,train
train_009012,record_009012.npz,TKCH03,2002/8/29 18:04,2002/8/29 18:04,4.6,train
train_009013,record_009013.npz,TKCH03,2002/9/26 19:12,2002/9/26 19:13,4.2,train
train_009014,record_009014.npz,TKCH03,2002/12/1 18:57,2002/12/1 18:57,5.4,train
train_009015,record_009015.npz,TKCH03,2003/3/16 14:35,2003/3/16 14:35,4.6,train
train_009016,record_009016.npz,TKCH03,2003/7/3 8:52,2003/7/3 8:52,5.8,train
train_009017,record_009017.npz,TKCH03,2003/7/8 13:30,2003/7/8 13:31,5.2,train
train_009018,record_009018.npz,TKCH03,2003/8/16 10:26,2003/8/16 10:26,4.5,train
train_009019,record_009019.npz,TKCH03,2003/8/30 9:31,2003/8/30 9:31,4.7,train
train_009020,record_009020.npz,TKCH03,2003/8/30 19:06,2003/8/30 19:07,5.2,train
train_009021,record_009021.npz,TKCH03,2003/9/11 4:32,2003/9/11 4:32,4.9,train
train_009022,record_009022.npz,TKCH03,2003/9/26 4:50,2003/9/26 4:50,8,train
train_009023,record_009023.npz,TKCH03,2003/9/26 6:08,2003/9/26 6:07,7.1,train
train_009024,record_009024.npz,TKCH03,2003/9/26 15:27,2003/9/26 15:27,6.1,train
train_009025,record_009025.npz,TKCH03,2003/9/29 11:37,2003/9/29 11:37,6.5,train
train_009026,record_009026.npz,TKCH03,2003/12/12 10:46,2003/12/12 10:46,5,train
train_009027,record_009027.npz,TKCH03,2003/12/22 17:47,2003/12/22 17:47,5.7,train
train_009028,record_009028.npz,TKCH03,2004/4/12 3:06,2004/4/12 3:06,5.8,train
train_009029,record_009029.npz,TKCH03,2004/6/7 13:14,2004/6/7 13:14,4.9,train
train_009030,record_009030.npz,TKCH03,2004/6/11 3:12,2004/6/11 3:12,5.2,train
train_009031,record_009031.npz,TKCH03,2004/7/20 5:58,2004/7/20 5:59,5,train
train_009032,record_009032.npz,TKCH03,2004/7/29 13:08,2004/7/29 13:09,4.7,train
train_009033,record_009033.npz,TKCH03,2004/9/5 3:25,2004/9/5 3:26,4.5,train
train_009034,record_009034.npz,TKCH03,2004/9/10 13:22,2004/9/10 13:22,5.1,train
train_009035,record_009035.npz,TKCH03,2004/10/8 4:26,2004/10/8 4:27,5.1,train
train_009036,record_009036.npz,TKCH03,2004/11/11 19:03,2004/11/11 19:03,6.3,train
train_009037,record_009037.npz,TKCH04,2002/7/28 20:31,2002/7/28 20:31,4.8,train
train_009038,record_009038.npz,TKCH04,2002/12/1 18:57,2002/12/1 18:57,5.4,train
train_009039,record_009039.npz,TKCH04,2003/3/16 14:35,2003/3/16 14:35,4.6,train
train_009040,record_009040.npz,TKCH04,2003/9/11 4:32,2003/9/11 4:32,4.9,train
train_009041,record_009041.npz,TKCH04,2003/9/26 4:50,2003/9/26 4:50,8,train
train_009042,record_009042.npz,TKCH04,2003/9/26 6:08,2003/9/26 6:07,7.1,train
train_009043,record_009043.npz,TKCH04,2003/9/29 11:37,2003/9/29 11:37,6.5,train
train_009044,record_009044.npz,TKCH04,2003/11/24 21:18,2003/11/24 21:18,5.3,train
train_009045,record_009045.npz,TKCH04,2003/12/12 10:46,2003/12/12 10:46,5,train
train_009046,record_009046.npz,TKCH04,2004/6/7 13:14,2004/6/7 13:14,4.9,train
train_009047,record_009047.npz,TKCH04,2004/6/11 3:12,2004/6/11 3:12,5.2,train
train_009048,record_009048.npz,TKCH04,2004/7/20 5:58,2004/7/20 5:58,5,train
train_009049,record_009049.npz,TKCH04,2004/10/8 4:26,2004/10/8 4:27,5.1,train
train_009050,record_009050.npz,TKCH04,2004/11/27 7:42,2004/11/27 7:42,5.6,train
train_009051,record_009051.npz,TKCH04,2004/11/29 3:32,2004/11/29 3:32,7.1,train
train_009052,record_009052.npz,TKCH04,2005/1/18 23:09,2005/1/18 23:09,6.4,train
train_009053,record_009053.npz,TKCH04,2006/6/13 11:40,2006/6/13 11:40,4.7,train
train_009054,record_009054.npz,TKCH04,2007/11/27 19:22,2007/11/27 19:22,4.3,train
train_009055,record_009055.npz,TKCH04,2007/12/10 16:23,2007/12/10 16:24,4.2,train
train_009056,record_009056.npz,TKCH04,2007/12/28 10:51,2007/12/28 10:52,4.3,train
train_009057,record_009057.npz,TKCH04,2008/1/2 1:20,2008/1/2 1:20,4.2,train
train_009058,record_009058.npz,TKCH04,2008/1/23 4:34,2008/1/23 4:35,4.9,train
train_009059,record_009059.npz,TKCH04,2008/3/3 17:06,2008/3/3 17:06,4.3,train
train_009060,record_009060.npz,TKCH04,2008/3/21 18:16,2008/3/21 18:16,4.7,train
train_009061,record_009061.npz,TKCH04,2008/6/26 8:37,2008/6/26 8:37,5.4,train
train_009062,record_009062.npz,TKCH04,2008/7/13 3:17,2008/7/13 3:17,4.1,train
train_009063,record_009063.npz,TKCH04,2008/8/9 9:54,2008/8/9 9:54,4.5,train
train_009064,record_009064.npz,TKCH04,2008/8/29 23:41,2008/8/29 23:41,4.1,train
train_009065,record_009065.npz,TKCH04,2008/9/1 14:41,2008/9/1 14:41,4.5,train
train_009066,record_009066.npz,TKCH04,2008/9/2 17:17,2008/9/2 17:17,4.2,train
train_009067,record_009067.npz,TKCH05,2000/11/14 0:57,2000/11/14 0:57,5.9,train
train_009068,record_009068.npz,TKCH05,2002/3/17 1:22,2002/3/17 1:23,4.6,train
train_009069,record_009069.npz,TKCH05,2002/7/28 20:31,2002/7/28 20:31,4.8,train
train_009070,record_009070.npz,TKCH05,2002/8/5 6:07,2002/8/5 6:08,4.5,train
train_009071,record_009071.npz,TKCH05,2002/8/29 18:04,2002/8/29 18:04,4.6,train
train_009072,record_009072.npz,TKCH05,2002/10/31 12:15,2002/10/31 12:16,4.1,train
train_009073,record_009073.npz,TKCH05,2002/11/30 16:15,2002/11/30 16:16,5.2,train
train_009074,record_009074.npz,TKCH05,2002/12/1 18:57,2002/12/1 18:57,5.4,train
train_009075,record_009075.npz,TKCH05,2003/1/7 3:27,2003/1/7 3:27,4.6,train
train_009076,record_009076.npz,TKCH05,2003/1/15 18:02,2003/1/15 18:03,4.5,train
train_009077,record_009077.npz,TKCH05,2003/3/16 14:35,2003/3/16 14:35,4.6,train
train_009078,record_009078.npz,TKCH05,2003/9/11 4:32,2003/9/11 4:32,4.9,train
train_009079,record_009079.npz,TKCH05,2003/9/26 4:50,2003/9/26 4:50,8,train
train_009080,record_009080.npz,TKCH05,2003/9/26 6:08,2003/9/26 6:07,7.1,train
train_009081,record_009081.npz,TKCH05,2003/9/26 15:27,2003/9/26 15:27,6.1,train
train_009082,record_009082.npz,TKCH05,2003/9/29 11:37,2003/9/29 11:37,6.5,train
train_009083,record_009083.npz,TKCH05,2003/9/29 16:50,2003/9/29 16:50,5.5,train
train_009084,record_009084.npz,TKCH05,2003/10/8 18:07,2003/10/8 18:07,6.4,train
train_009085,record_009085.npz,TKCH05,2003/12/22 17:47,2003/12/22 17:47,5.7,train
train_009086,record_009086.npz,TKCH05,2004/4/12 3:06,2004/4/12 3:06,5.8,train
train_009087,record_009087.npz,TKCH05,2004/6/7 13:14,2004/6/7 13:14,4.9,train
train_009088,record_009088.npz,TKCH05,2004/6/11 3:12,2004/6/11 3:12,5.2,train
train_009089,record_009089.npz,TKCH05,2004/7/20 5:58,2004/7/20 5:58,5,train
train_009090,record_009090.npz,TKCH05,2004/9/10 13:22,2004/9/10 13:22,5.1,train
train_009091,record_009091.npz,TKCH05,2004/11/11 19:03,2004/11/11 19:03,6.3,train
train_009092,record_009092.npz,TKCH05,2004/11/27 7:42,2004/11/27 7:42,5.6,train
train_009093,record_009093.npz,TKCH06,2000/10/7 8:19,2000/10/7 8:19,4.6,train
train_009094,record_009094.npz,TKCH06,2002/3/17 1:22,2002/3/17 1:23,4.6,train
train_009095,record_009095.npz,TKCH06,2002/7/28 20:31,2002/7/28 20:31,4.8,train
train_009096,record_009096.npz,TKCH06,2002/8/29 18:04,2002/8/29 18:04,4.6,train
train_009097,record_009097.npz,TKCH06,2002/10/29 8:26,2002/10/29 8:26,4.2,train
train_009098,record_009098.npz,TKCH06,2002/10/31 12:15,2002/10/31 12:16,4.1,train
train_009099,record_009099.npz,TKCH06,2002/12/1 18:57,2002/12/1 18:57,5.4,train
train_009100,record_009100.npz,TKCH06,2002/12/4 14:17,2002/12/4 14:17,4.7,train
train_009101,record_009101.npz,TKCH06,2003/1/7 3:27,2003/1/7 3:27,4.6,train
train_009102,record_009102.npz,TKCH06,2003/1/15 18:02,2003/1/15 18:02,4.5,train
train_009103,record_009103.npz,TKCH06,2003/2/3 4:25,2003/2/3 4:25,4.3,train
train_009104,record_009104.npz,TKCH06,2003/2/24 2:00,2003/2/24 2:00,4.6,train
train_009105,record_009105.npz,TKCH06,2003/3/16 14:35,2003/3/16 14:35,4.6,train
train_009106,record_009106.npz,TKCH06,2003/4/18 0:40,2003/4/18 0:41,4.4,train
train_009107,record_009107.npz,TKCH06,2003/6/18 13:35,2003/6/18 13:36,4.4,train
train_009108,record_009108.npz,TKCH06,2003/8/16 10:26,2003/8/16 10:26,4.5,train
train_009109,record_009109.npz,TKCH06,2003/8/30 19:06,2003/8/30 19:07,5.2,train
train_009110,record_009110.npz,TKCH06,2003/9/11 4:32,2003/9/11 4:32,4.9,train
train_009111,record_009111.npz,TKCH06,2003/9/26 4:50,2003/9/26 4:50,8,train
train_009112,record_009112.npz,TKCH06,2003/9/26 6:08,2003/9/26 6:07,7.1,train
train_009113,record_009113.npz,TKCH06,2003/9/26 15:27,2003/9/26 15:27,6.1,train
train_009114,record_009114.npz,TKCH06,2003/9/27 5:38,2003/9/27 5:38,6,train
train_009115,record_009115.npz,TKCH06,2003/9/28 7:23,2003/9/28 7:23,5.2,train
train_009116,record_009116.npz,TKCH06,2003/9/29 11:37,2003/9/29 11:37,6.5,train
train_009117,record_009117.npz,TKCH06,2003/9/29 16:50,2003/9/29 16:50,5.5,train
train_009118,record_009118.npz,TKCH06,2003/9/29 23:22,2003/9/29 23:22,5.7,train
train_009119,record_009119.npz,TKCH06,2003/10/11 9:09,2003/10/11 9:09,6.1,train
train_009120,record_009120.npz,TKCH06,2003/11/24 18:48,2003/11/24 18:48,4.8,train
train_009121,record_009121.npz,TKCH08,2000/10/7 8:19,2000/10/7 8:19,4.6,train
train_009122,record_009122.npz,TKCH08,2000/11/14 0:57,2000/11/14 0:57,5.9,train
train_009123,record_009123.npz,TKCH08,2000/11/14 12:53,2000/11/14 12:53,5.2,train
train_009124,record_009124.npz,TKCH08,2001/5/8 6:27,2001/5/8 6:27,4.6,train
train_009125,record_009125.npz,TKCH08,2001/6/21 21:54,2001/6/21 21:54,4.4,train
train_009126,record_009126.npz,TKCH08,2001/8/14 5:11,2001/8/14 5:11,6.2,train
train_009127,record_009127.npz,TKCH08,2002/3/17 1:22,2002/3/17 1:23,4.6,train
train_009128,record_009128.npz,TKCH08,2002/7/28 20:31,2002/7/28 20:31,4.8,train
train_009129,record_009129.npz,TKCH08,2002/10/14 23:13,2002/10/14 23:13,5.9,train
train_009130,record_009130.npz,TKCH08,2002/12/1 18:57,2002/12/1 18:57,5.4,train
train_009131,record_009131.npz,TKCH08,2003/1/7 3:27,2003/1/7 3:27,4.6,train
train_009132,record_009132.npz,TKCH08,2003/1/15 18:02,2003/1/15 18:02,4.5,train
train_009133,record_009133.npz,TKCH08,2003/3/16 14:35,2003/3/16 14:35,4.6,train
train_009134,record_009134.npz,TKCH08,2003/4/14 12:46,2003/4/14 12:46,4.3,train
train_009135,record_009135.npz,TKCH08,2003/4/18 0:40,2003/4/18 0:41,4.4,train
train_009136,record_009136.npz,TKCH08,2003/6/18 13:35,2003/6/18 13:36,4.4,train
train_009137,record_009137.npz,TKCH08,2003/8/16 10:26,2003/8/16 10:26,4.5,train
train_009138,record_009138.npz,TKCH08,2003/8/30 19:06,2003/8/30 19:06,5.2,train
train_009139,record_009139.npz,TKCH08,2003/9/11 4:32,2003/9/11 4:32,4.9,train
train_009140,record_009140.npz,TKCH08,2003/9/26 4:50,2003/9/26 4:50,8,train
train_009141,record_009141.npz,TKCH08,2003/9/26 5:02,2003/9/26 5:02,4.4,train
train_009142,record_009142.npz,TKCH08,2003/9/26 5:05,2003/9/26 5:05,5.1,train
train_009143,record_009143.npz,TKCH08,2003/9/26 5:10,2003/9/26 5:10,5.8,train
train_009144,record_009144.npz,TKCH08,2003/9/26 5:57,2003/9/26 5:57,5.6,train
train_009145,record_009145.npz,TKCH08,2003/9/26 6:08,2003/9/26 6:07,7.1,train
train_009146,record_009146.npz,TKCH08,2003/9/26 7:20,2003/9/26 7:20,5.2,train
train_009147,record_009147.npz,TKCH08,2003/9/26 7:24,2003/9/26 7:24,4.6,train
train_009148,record_009148.npz,TKCH08,2003/9/26 11:35,2003/9/26 11:35,5.8,train
train_009149,record_009149.npz,TKCH08,2003/9/26 15:27,2003/9/26 15:27,6.1,train
train_009150,record_009150.npz,TKCH08,2003/9/27 5:38,2003/9/27 5:38,6,train
train_009151,record_009151.npz,TKCH10,2003/9/26 6:08,2003/9/26 6:08,7.1,train
train_009152,record_009152.npz,TKCH10,2004/7/20 5:58,2004/7/20 5:59,5,train
train_009153,record_009153.npz,TKCH10,2004/11/29 3:32,2004/11/29 3:32,7.1,train
train_009154,record_009154.npz,TKCH10,2008/1/2 1:20,2008/1/2 1:20,4.2,train
train_009155,record_009155.npz,TKCH10,2008/1/23 4:34,2008/1/23 4:35,4.9,train
train_009156,record_009156.npz,TKCH10,2008/3/3 17:06,2008/3/3 17:06,4.3,train
train_009157,record_009157.npz,TKCH10,2008/6/26 8:37,2008/6/26 8:37,5.4,train
train_009158,record_009158.npz,TKCH10,2008/7/13 3:17,2008/7/13 3:17,4.1,train
train_009159,record_009159.npz,TKCH10,2008/8/9 9:54,2008/8/9 9:55,4.5,train
train_009160,record_009160.npz,TKCH10,2008/8/29 23:41,2008/8/29 23:41,4.1,train
train_009161,record_009161.npz,TKCH10,2008/9/1 14:41,2008/9/1 14:41,4.5,train
train_009162,record_009162.npz,TKCH10,2008/9/2 17:17,2008/9/2 17:17,4.2,train
train_009163,record_009163.npz,TKCH10,2008/9/12 7:34,2008/9/12 7:35,5.2,train
train_009164,record_009164.npz,TKCH10,2008/10/16 20:49,2008/10/16 20:49,4.2,train
train_009165,record_009165.npz,TKCH10,2008/11/15 4:14,2008/11/15 4:15,4.1,train
train_009166,record_009166.npz,TKCH10,2009/1/11 14:57,2009/1/11 14:57,4.7,train
train_009167,record_009167.npz,TKCH10,2009/1/11 21:53,2009/1/11 21:53,4.5,train
train_009168,record_009168.npz,TKCH10,2009/1/31 4:07,2009/1/31 4:07,4.2,train
train_009169,record_009169.npz,TKCH10,2009/2/28 9:36,2009/2/28 9:36,5.3,train
train_009170,record_009170.npz,TKCH10,2009/3/7 23:33,2009/3/7 23:33,5.4,train
train_009171,record_009171.npz,TKCH10,2009/3/10 10:41,2009/3/10 10:41,4.1,train
train_009172,record_009172.npz,TKCH10,2009/3/20 15:52,2009/3/20 15:52,5,train
train_009173,record_009173.npz,TKCH10,2009/4/5 17:00,2009/4/5 17:00,4.8,train
train_009174,record_009174.npz,TKCH10,2009/4/28 20:21,2009/4/28 20:21,5.4,train
train_009175,record_009175.npz,TKCH10,2009/5/10 11:30,2009/5/10 11:30,4.2,train
train_009176,record_009176.npz,TKCH10,2009/5/26 19:31,2009/5/26 19:31,4.7,train
train_009177,record_009177.npz,TKCH10,2009/6/5 12:30,2009/6/5 12:31,6.4,train
train_009178,record_009178.npz,TKCH10,2009/8/25 2:22,2009/8/25 2:23,4.5,train
train_009179,record_009179.npz,TKCH11,2002/3/17 1:22,2002/3/17 1:23,4.6,train
train_009180,record_009180.npz,TKCH11,2002/7/28 20:31,2002/7/28 20:31,4.8,train
train_009181,record_009181.npz,TKCH11,2002/10/31 12:15,2002/10/31 12:16,4.1,train
train_009182,record_009182.npz,TKCH11,2002/12/1 18:57,2002/12/1 18:57,5.4,train
train_009183,record_009183.npz,TKCH11,2003/1/7 3:27,2003/1/7 3:27,4.6,train
train_009184,record_009184.npz,TKCH11,2003/3/16 14:35,2003/3/16 14:35,4.6,train
train_009185,record_009185.npz,TKCH11,2003/8/16 10:26,2003/8/16 10:26,4.5,train
train_009186,record_009186.npz,TKCH11,2003/9/11 4:32,2003/9/11 4:32,4.9,train
train_009187,record_009187.npz,TKCH11,2003/9/26 4:50,2003/9/26 4:50,8,train
train_009188,record_009188.npz,TKCH11,2003/9/26 6:08,2003/9/26 6:07,7.1,train
train_009189,record_009189.npz,TKCH11,2003/9/28 7:23,2003/9/28 7:23,5.2,train
train_009190,record_009190.npz,TKCH11,2003/9/29 11:37,2003/9/29 11:37,6.5,train
train_009191,record_009191.npz,TKCH11,2003/10/11 9:09,2003/10/11 9:09,6.1,train
train_009192,record_009192.npz,TKCH11,2003/11/24 21:18,2003/11/24 21:18,5.3,train
train_009193,record_009193.npz,TKCH11,2003/12/12 10:46,2003/12/12 10:46,5,train
train_009194,record_009194.npz,TKCH11,2004/2/15 21:53,2004/2/15 21:53,4.8,train
train_009195,record_009195.npz,TKCH11,2004/6/11 3:12,2004/6/11 3:12,5.2,train
train_009196,record_009196.npz,TKCH11,2004/9/10 13:22,2004/9/10 13:22,5.1,train
train_009197,record_009197.npz,TKCH11,2004/10/8 4:26,2004/10/8 4:26,5.1,train
train_009198,record_009198.npz,TKCH11,2004/11/11 19:03,2004/11/11 19:03,6.3,train
train_009199,record_009199.npz,TKCH11,2004/11/27 7:42,2004/11/27 7:42,5.6,train
train_009200,record_009200.npz,TKCH11,2005/1/18 23:09,2005/1/18 23:09,6.4,train
train_009201,record_009201.npz,TKCH11,2005/8/16 8:29,2005/8/16 8:29,4.6,train
train_009202,record_009202.npz,TKCH11,2006/6/13 11:40,2006/6/13 11:40,4.7,train
train_009203,record_009203.npz,TKCH11,2007/4/27 1:38,2007/4/27 1:38,5.2,train
train_009204,record_009204.npz,TKCH11,2007/11/27 19:22,2007/11/27 19:22,4.3,train
train_009205,record_009205.npz,TKCH11,2007/12/10 16:23,2007/12/10 16:24,4.2,train
train_009206,record_009206.npz,TKCH11,2007/12/28 10:51,2007/12/28 10:52,4.3,train
train_009207,record_009207.npz,TKCH11,2008/1/2 1:20,2008/1/2 1:20,4.2,train
train_009208,record_009208.npz,TKSH02,2000/3/18 11:08,2000/3/18 11:08,4.1,train
train_009209,record_009209.npz,TKSH02,2000/4/28 11:42,2000/4/28 11:42,4.2,train
train_009210,record_009210.npz,TKSH02,2000/10/6 13:30,2000/10/6 13:30,7.3,train
train_009211,record_009211.npz,TKSH02,2001/1/12 8:00,2001/1/12 8:00,5.4,train
train_009212,record_009212.npz,TKSH02,2001/1/25 19:45,2001/1/25 19:45,4.4,train
train_009213,record_009213.npz,TKSH02,2001/3/24 15:28,2001/3/24 15:28,6.4,train
train_009214,record_009214.npz,TKSH02,2004/4/20 22:26,2004/4/20 22:27,4.6,train
train_009215,record_009215.npz,TKSH02,2005/5/27 3:17,2005/5/27 3:17,4.7,train
train_009216,record_009216.npz,TKSH02,2005/11/1 12:47,2005/11/1 12:48,4.3,train
train_009217,record_009217.npz,TKSH02,2006/5/8 12:45,2006/5/8 12:45,4.2,train
train_009218,record_009218.npz,TKSH02,2007/4/26 9:03,2007/4/26 9:03,5.3,train
train_009219,record_009219.npz,TKSH02,2008/4/17 0:58,2008/4/17 0:59,4.1,train
train_009220,record_009220.npz,TKSH02,2008/8/24 5:45,2008/8/24 5:45,4.3,train
train_009221,record_009221.npz,TKSH02,2009/7/22 23:51,2009/7/22 23:51,4.6,train
train_009222,record_009222.npz,TKSH02,2009/12/16 14:12,2009/12/16 14:13,4.6,train
train_009223,record_009223.npz,TKSH02,2010/4/17 5:35,2010/4/17 5:35,4.3,train
train_009224,record_009224.npz,TKSH02,2010/7/21 6:19,2010/7/21 6:19,5.1,train
train_009225,record_009225.npz,TKSH02,2010/7/23 14:25,2010/7/23 14:26,4.4,train
train_009226,record_009226.npz,TKSH02,2010/10/6 13:51,2010/10/6 13:51,4.5,train
train_009227,record_009227.npz,TKSH02,2010/11/29 15:52,2010/11/29 15:53,4.1,train
train_009228,record_009228.npz,TKSH02,2011/1/16 20:33,2011/1/16 20:33,4.5,train
train_009229,record_009229.npz,TKSH02,2011/2/21 15:46,2011/2/21 15:46,4.8,train
train_009230,record_009230.npz,TKSH03,2000/3/18 11:08,2000/3/18 11:09,4.1,train
train_009231,record_009231.npz,TKSH03,2000/4/15 2:41,2000/4/15 2:41,4.8,train
train_009232,record_009232.npz,TKSH03,2000/10/6 13:30,2000/10/6 13:30,7.3,train
train_009233,record_009233.npz,TKSH03,2001/2/8 14:12,2001/2/8 14:12,4.2,train
train_009234,record_009234.npz,TKSH03,2001/3/24 15:28,2001/3/24 15:28,6.4,train
train_009235,record_009235.npz,TKSH03,2003/8/14 23:46,2003/8/14 23:46,4.6,train
train_009236,record_009236.npz,TKSH03,2005/5/27 3:17,2005/5/27 3:17,4.7,train
train_009237,record_009237.npz,TKSH03,2009/12/16 14:12,2009/12/16 14:13,4.6,train
train_009238,record_009238.npz,TKSH03,2010/10/6 13:51,2010/10/6 13:51,4.5,train
train_009239,record_009239.npz,TKSH03,2011/1/16 20:33,2011/1/16 20:33,4.5,train
train_009240,record_009240.npz,TKSH03,1999/7/16 2:59,1999/7/16 2:59,4.4,train
train_009241,record_009241.npz,TKSH03,1999/8/21 5:33,1999/8/21 5:33,5.4,train
train_009242,record_009242.npz,TKSH03,1999/10/30 6:25,1999/10/30 6:26,4.5,train
train_009243,record_009243.npz,TKSH04,2002/9/16 10:10,2002/9/16 10:11,5.3,train
train_009244,record_009244.npz,TKSH04,2004/10/27 21:27,2004/10/27 21:27,4.4,train
train_009245,record_009245.npz,TKSH04,2006/5/15 1:42,2006/5/15 1:42,4.5,train
train_009246,record_009246.npz,TKSH04,2007/4/26 9:03,2007/4/26 9:03,5.3,train
train_009247,record_009247.npz,TKSH04,2008/4/17 0:58,2008/4/17 0:59,4.1,train
train_009248,record_009248.npz,TKSH05,2002/9/16 10:10,2002/9/16 10:11,5.3,train
train_009249,record_009249.npz,TKSH05,2003/8/14 23:46,2003/8/14 23:46,4.6,train
train_009250,record_009250.npz,TKSH05,2003/8/31 10:41,2003/8/31 10:41,4.2,train
train_009251,record_009251.npz,TKSH05,2004/6/8 8:05,2004/6/8 8:05,4.5,train
train_009252,record_009252.npz,TKSH05,2004/6/8 9:04,2004/6/8 9:05,4.3,train
train_009253,record_009253.npz,TKSH05,2005/5/27 3:17,2005/5/27 3:17,4.7,train
train_009254,record_009254.npz,TKSH05,2008/8/24 5:45,2008/8/24 5:45,4.3,train
train_009255,record_009255.npz,TKSH06,2005/5/27 3:17,2005/5/27 3:17,4.7,train
train_009256,record_009256.npz,TKSH06,2008/8/24 5:45,2008/8/24 5:45,4.3,train
train_009257,record_009257.npz,TKSH06,2009/7/22 23:51,2009/7/22 23:51,4.6,train
train_009258,record_009258.npz,TKSH06,2009/12/16 14:12,2009/12/16 14:13,4.6,train
train_009259,record_009259.npz,TKSH06,2010/2/21 11:49,2010/2/21 11:50,4.5,train
train_009260,record_009260.npz,TKSH06,2010/4/17 5:35,2010/4/17 5:35,4.3,train
train_009261,record_009261.npz,TKSH06,2010/7/21 6:19,2010/7/21 6:20,5.1,train
train_009262,record_009262.npz,TKSH06,2010/7/23 14:25,2010/7/23 14:25,4.4,train
train_009263,record_009263.npz,TKSH06,2010/10/6 13:51,2010/10/6 13:51,4.5,train
train_009264,record_009264.npz,TKSH06,2010/11/29 15:52,2010/11/29 15:53,4.1,train
train_009265,record_009265.npz,TKSH06,2011/1/16 20:33,2011/1/16 20:33,4.5,train
train_009266,record_009266.npz,TKSH06,2011/2/21 15:46,2011/2/21 15:46,4.8,train
train_009267,record_009267.npz,TKYH12,2004/10/6 23:40,2004/10/6 23:40,5.7,train
train_009268,record_009268.npz,TKYH12,2005/5/7 4:52,2005/5/7 4:52,4.2,train
train_009269,record_009269.npz,TKYH12,2005/6/20 1:15,2005/6/20 1:15,5.6,train
train_009270,record_009270.npz,TKYH12,2005/7/23 16:35,2005/7/23 16:35,6,train
train_009271,record_009271.npz,TKYH12,2006/4/21 2:50,2006/4/21 2:50,5.8,train
train_009272,record_009272.npz,TKYH12,2007/7/12 5:29,2007/7/12 5:29,4.2,train
train_009273,record_009273.npz,TKYH12,2008/2/10 9:37,2008/2/10 9:37,5,train
train_009274,record_009274.npz,TKYH12,2008/3/2 18:33,2008/3/2 18:34,4.3,train
train_009275,record_009275.npz,TKYH12,2008/3/8 1:55,2008/3/8 1:55,5.2,train
train_009276,record_009276.npz,TKYH12,2008/3/9 6:13,2008/3/9 6:14,4.4,train
train_009277,record_009277.npz,TKYH12,2008/4/1 23:29,2008/4/1 23:29,4.7,train
train_009278,record_009278.npz,TKYH12,2008/4/4 19:02,2008/4/4 19:02,5,train
train_009279,record_009279.npz,TKYH12,2008/4/6 21:55,2008/4/6 21:56,4.3,train
train_009280,record_009280.npz,TKYH12,2008/4/10 9:54,2008/4/10 9:54,4.1,train
train_009281,record_009281.npz,TKYH12,2008/5/1 7:34,2008/5/1 7:34,4.6,train
train_009282,record_009282.npz,TKYH12,2008/5/9 7:43,2008/5/9 7:43,4.6,train
train_009283,record_009283.npz,TKYH12,2008/6/13 11:21,2008/6/13 11:22,4.7,train
train_009284,record_009284.npz,TKYH12,2008/6/22 12:48,2008/6/22 12:49,4.3,train
train_009285,record_009285.npz,TKYH12,2008/7/15 21:37,2008/7/15 21:37,4.1,train
train_009286,record_009286.npz,TKYH12,2008/7/15 22:23,2008/7/15 22:23,4.3,train
train_009287,record_009287.npz,TKYH12,2008/8/8 12:57,2008/8/8 12:57,4.6,train
train_009288,record_009288.npz,TKYH12,2008/8/20 15:13,2008/8/20 15:13,4.6,train
train_009289,record_009289.npz,TKYH12,2008/8/22 19:59,2008/8/22 20:00,5.2,train
train_009290,record_009290.npz,TKYH12,2008/9/21 7:17,2008/9/21 7:17,4.8,train
train_009291,record_009291.npz,TKYH12,2008/10/8 15:07,2008/10/8 15:08,4.7,train
train_009292,record_009292.npz,TKYH12,2008/11/22 21:13,2008/11/22 21:14,4.4,train
train_009293,record_009293.npz,TKYH12,2009/2/17 4:54,2009/2/17 4:54,4.6,train
train_009294,record_009294.npz,TKYH12,2009/2/20 18:17,2009/2/20 18:17,4.4,train
train_009295,record_009295.npz,TKYH13,2003/7/11 14:24,2003/7/11 14:24,4.1,train
train_009296,record_009296.npz,TKYH13,2008/3/9 6:13,2008/3/9 6:14,4.4,train
train_009297,record_009297.npz,TKYH13,2008/4/1 23:29,2008/4/1 23:29,4.7,train
train_009298,record_009298.npz,TKYH13,2008/4/4 19:02,2008/4/4 19:02,5,train
train_009299,record_009299.npz,TKYH13,2008/4/10 9:54,2008/4/10 9:54,4.1,train
train_009300,record_009300.npz,TKYH13,2008/5/9 7:43,2008/5/9 7:43,4.6,train
train_009301,record_009301.npz,TKYH13,2008/6/13 11:21,2008/6/13 11:22,4.7,train
train_009302,record_009302.npz,TKYH13,2008/7/15 21:37,2008/7/15 21:37,4.1,train
train_009303,record_009303.npz,TKYH13,2008/7/15 22:23,2008/7/15 22:23,4.3,train
train_009304,record_009304.npz,TKYH13,2008/8/8 12:57,2008/8/8 12:57,4.6,train
train_009305,record_009305.npz,TKYH13,2008/8/20 15:13,2008/8/20 15:13,4.6,train
train_009306,record_009306.npz,TKYH13,2008/8/22 19:59,2008/8/22 20:00,5.2,train
train_009307,record_009307.npz,TKYH13,2008/9/21 7:17,2008/9/21 7:17,4.8,train
train_009308,record_009308.npz,TKYH13,2008/10/8 15:07,2008/10/8 15:08,4.7,train
train_009309,record_009309.npz,TKYH13,2008/11/22 21:13,2008/11/22 21:14,4.4,train
train_009310,record_009310.npz,TKYH13,2009/8/11 5:07,2009/8/11 5:07,6.5,train
train_009311,record_009311.npz,TKYH13,2011/2/5 10:56,2011/2/5 10:56,5.2,train
train_009312,record_009312.npz,TKYH13,2011/2/27 2:19,2011/2/27 2:19,5,train
train_009313,record_009313.npz,TKYH13,2011/2/27 5:38,2011/2/27 5:38,5.5,train
train_009314,record_009314.npz,TKYH13,2011/3/12 3:59,2011/3/12 3:59,6.7,train
train_009315,record_009315.npz,TKYH13,2011/3/15 22:31,2011/3/15 22:31,6.4,train
train_009316,record_009316.npz,TKYH13,2011/3/16 12:52,2011/3/16 12:52,6.1,train
train_009317,record_009317.npz,TTRH01,2000/5/16 4:09,2000/5/16 4:09,4.3,train
train_009318,record_009318.npz,TTRH01,2000/6/5 9:54,2000/6/5 9:55,4.7,train
train_009319,record_009319.npz,TTRH01,2000/10/6 13:30,2000/10/6 13:30,7.3,train
train_009320,record_009320.npz,TTRH01,2001/1/12 8:00,2001/1/12 8:00,5.4,train
train_009321,record_009321.npz,TTRH01,2002/9/16 10:10,2002/9/16 10:10,5.3,train
train_009322,record_009322.npz,TTRH01,2008/4/17 0:58,2008/4/17 0:58,4.1,train
train_009323,record_009323.npz,TTRH02,2001/3/24 15:28,2001/3/24 15:28,6.4,train
train_009324,record_009324.npz,TTRH02,2002/9/16 10:10,2002/9/16 10:11,5.3,train
train_009325,record_009325.npz,TTRH02,2008/3/8 3:52,2008/3/8 3:53,4.1,train
train_009326,record_009326.npz,TTRH02,2010/2/21 11:49,2010/2/21 11:50,4.5,train
train_009327,record_009327.npz,TTRH02,2011/1/16 20:33,2011/1/16 20:33,4.5,train
train_009328,record_009328.npz,TTRH03,2011/1/16 20:33,2011/1/16 20:34,4.5,train
train_009329,record_009329.npz,TTRH03,1999/7/16 2:59,1999/7/16 2:59,4.4,train
train_009330,record_009330.npz,TTRH03,1999/10/30 6:25,1999/10/30 6:26,4.5,train
train_009331,record_009331.npz,TTRH04,2000/10/6 13:30,2000/10/6 13:30,7.3,train
train_009332,record_009332.npz,TTRH04,2000/10/17 22:17,2000/10/17 22:17,4.2,train
train_009333,record_009333.npz,TTRH04,2000/12/7 23:09,2000/12/7 23:09,4.2,train
train_009334,record_009334.npz,TTRH04,2001/1/12 8:00,2001/1/12 8:00,5.4,train
train_009335,record_009335.npz,TTRH04,2001/1/20 5:20,2001/1/20 5:20,4.7,train
train_009336,record_009336.npz,TTRH04,2001/1/20 7:24,2001/1/20 7:24,4.5,train
train_009337,record_009337.npz,TTRH04,2001/1/24 0:03,2001/1/24 0:04,4.2,train
train_009338,record_009338.npz,TTRH04,2001/2/11 9:17,2001/2/11 9:17,4.3,train
train_009339,record_009339.npz,TTRH04,2001/3/24 15:28,2001/3/24 15:28,6.4,train
train_009340,record_009340.npz,TTRH04,2001/8/25 22:21,2001/8/25 22:21,5.1,train
train_009341,record_009341.npz,TTRH04,2001/10/8 11:23,2001/10/8 11:23,4.1,train
train_009342,record_009342.npz,TTRH04,2002/1/24 16:08,2002/1/24 16:08,4.5,train
train_009343,record_009343.npz,TTRH04,2002/3/6 7:12,2002/3/6 7:12,4.5,train
train_009344,record_009344.npz,TTRH04,2002/10/23 6:22,2002/10/23 6:22,4.4,train
train_009345,record_009345.npz,TTRH05,2008/4/17 0:58,2008/4/17 0:59,4.1,train
train_009346,record_009346.npz,TTRH05,2009/2/18 6:47,2009/2/18 6:47,5.2,train
train_009347,record_009347.npz,TTRH06,2002/9/16 10:10,2002/9/16 10:10,5.3,train
train_009348,record_009348.npz,TTRH06,2008/4/17 0:58,2008/4/17 0:59,4.1,train
train_009349,record_009349.npz,TTRH06,2009/2/18 6:47,2009/2/18 6:47,5.2,train
train_009350,record_009350.npz,TTRH06,2010/7/21 6:19,2010/7/21 6:19,5.1,train
train_009351,record_009351.npz,TYMH01,2000/6/7 6:16,2000/6/7 6:17,6.1,train
train_009352,record_009352.npz,TYMH01,2001/6/13 2:52,2001/6/13 2:52,4.5,train
train_009353,record_009353.npz,TYMH01,2001/10/28 10:09,2001/10/28 10:10,4.1,train
train_009354,record_009354.npz,TYMH01,2002/11/17 13:48,2002/11/17 13:48,4.5,train
train_009355,record_009355.npz,TYMH01,2003/3/13 21:04,2003/3/13 21:05,4.1,train
train_009356,record_009356.npz,TYMH01,2004/10/23 17:56,2004/10/23 17:56,6.8,train
train_009357,record_009357.npz,TYMH01,2004/10/23 18:03,2004/10/23 18:04,6.3,train
train_009358,record_009358.npz,TYMH01,2004/10/23 18:12,2004/10/23 18:12,6,train
train_009359,record_009359.npz,TYMH01,2004/10/23 18:34,2004/10/23 18:34,6.5,train
train_009360,record_009360.npz,TYMH01,2004/10/25 6:05,2004/10/25 6:05,5.8,train
train_009361,record_009361.npz,TYMH01,2004/10/27 10:40,2004/10/27 10:41,6.1,train
train_009362,record_009362.npz,TYMH01,2007/3/25 9:48,2007/3/25 9:48,4.4,train
train_009363,record_009363.npz,TYMH01,2007/3/25 9:52,2007/3/25 9:51,4.5,train
train_009364,record_009364.npz,TYMH01,2007/3/25 9:56,2007/3/25 9:55,4.7,train
train_009365,record_009365.npz,TYMH01,2007/3/25 10:11,2007/3/25 10:11,4.5,train
train_009366,record_009366.npz,TYMH01,2007/3/25 10:16,2007/3/25 10:16,4.1,train
train_009367,record_009367.npz,TYMH01,2007/3/25 11:19,2007/3/25 11:19,4.2,train
train_009368,record_009368.npz,TYMH01,2007/3/25 15:43,2007/3/25 15:43,4.5,train
train_009369,record_009369.npz,TYMH01,2007/3/25 18:11,2007/3/25 18:11,5.3,train
train_009370,record_009370.npz,TYMH01,2007/3/25 18:23,2007/3/25 18:23,4.2,train
train_009371,record_009371.npz,TYMH01,2007/3/26 2:14,2007/3/26 2:15,4.2,train
train_009372,record_009372.npz,TYMH01,2007/3/26 14:46,2007/3/26 14:46,4.8,train
train_009373,record_009373.npz,TYMH01,2007/3/27 7:16,2007/3/27 7:16,4.1,train
train_009374,record_009374.npz,TYMH01,2007/3/28 10:51,2007/3/28 10:51,4.6,train
train_009375,record_009375.npz,TYMH01,2007/3/28 13:05,2007/3/28 13:05,4.7,train
train_009376,record_009376.npz,TYMH01,2007/4/6 15:18,2007/4/6 15:18,4.3,train
train_009377,record_009377.npz,TYMH01,2007/5/2 20:44,2007/5/2 20:44,4.7,train
train_009378,record_009378.npz,TYMH01,2007/5/5 1:11,2007/5/5 1:11,4.5,train
train_009379,record_009379.npz,TYMH01,2007/5/11 2:12,2007/5/11 2:12,4.5,train
train_009380,record_009380.npz,TYMH01,2007/6/11 3:45,2007/6/11 3:45,5,train
train_009381,record_009381.npz,TYMH02,2000/6/7 6:16,2000/6/7 6:17,6.1,train
train_009382,record_009382.npz,TYMH02,2002/11/17 13:48,2002/11/17 13:48,4.5,train
train_009383,record_009383.npz,TYMH02,2008/3/17 7:00,2008/3/17 7:01,4.5,train
train_009384,record_009384.npz,TYMH02,2008/4/16 18:46,2008/4/16 18:46,4.1,train
train_009385,record_009385.npz,TYMH02,2008/6/13 11:21,2008/6/13 11:21,4.7,train
train_009386,record_009386.npz,TYMH04,2000/6/7 6:16,2000/6/7 6:17,6.1,train
train_009387,record_009387.npz,TYMH04,2007/3/25 9:42,2007/3/25 9:42,6.9,train
train_009388,record_009388.npz,TYMH04,2007/3/25 18:11,2007/3/25 18:12,5.3,train
train_009389,record_009389.npz,TYMH04,2007/7/16 10:13,2007/7/16 10:13,6.8,train
train_009390,record_009390.npz,TYMH04,2007/7/16 15:37,2007/7/16 15:38,5.8,train
train_009391,record_009391.npz,TYMH04,2008/1/26 4:33,2008/1/26 4:33,4.8,train
train_009392,record_009392.npz,TYMH04,2008/3/12 18:00,2008/3/12 18:00,4.1,train
train_009393,record_009393.npz,TYMH04,2008/3/17 7:00,2008/3/17 7:01,4.5,train
train_009394,record_009394.npz,TYMH04,2009/2/18 6:47,2009/2/18 6:47,5.2,train
train_009395,record_009395.npz,TYMH04,2009/5/12 19:40,2009/5/12 19:40,4.8,train
train_009396,record_009396.npz,TYMH04,2010/5/1 18:20,2010/5/1 18:21,4.9,train
train_009397,record_009397.npz,TYMH04,2010/10/3 6:37,2010/10/3 6:38,4.5,train
train_009398,record_009398.npz,TYMH04,2010/10/3 6:52,2010/10/3 6:52,4.6,train
train_009399,record_009399.npz,TYMH04,2010/10/3 9:26,2010/10/3 9:27,4.7,train
train_009400,record_009400.npz,TYMH04,2011/2/27 2:19,2011/2/27 2:19,5,train
train_009401,record_009401.npz,TYMH04,2011/2/27 5:38,2011/2/27 5:38,5.5,train
train_009402,record_009402.npz,TYMH04,2011/3/12 3:59,2011/3/12 3:59,6.7,train
train_009403,record_009403.npz,TYMH04,2011/3/12 4:32,2011/3/12 4:32,5.9,train
train_009404,record_009404.npz,TYMH04,2011/3/12 5:42,2011/3/12 5:42,5.3,train
train_009405,record_009405.npz,TYMH04,2011/3/15 22:31,2011/3/15 22:32,6.4,train
train_009406,record_009406.npz,TYMH07,2000/6/5 9:54,2000/6/5 9:55,4.7,train
train_009407,record_009407.npz,TYMH07,2000/6/7 6:16,2000/6/7 6:17,6.1,train
train_009408,record_009408.npz,TYMH07,2000/6/13 6:44,2000/6/13 6:44,4.3,train
train_009409,record_009409.npz,TYMH07,2000/6/22 20:36,2000/6/22 20:37,4.6,train
train_009410,record_009410.npz,TYMH07,2002/11/17 13:48,2002/11/17 13:48,4.5,train
train_009411,record_009411.npz,TYMH07,2007/3/25 9:42,2007/3/25 9:42,6.9,train
train_009412,record_009412.npz,TYMH07,2008/1/26 4:33,2008/1/26 4:33,4.8,train
train_009413,record_009413.npz,TYMH07,2008/3/17 7:00,2008/3/17 7:01,4.5,train
train_009414,record_009414.npz,TYMH07,2008/4/16 18:46,2008/4/16 18:47,4.1,train
train_009415,record_009415.npz,TYMH07,2008/6/13 11:21,2008/6/13 11:21,4.7,train
train_009416,record_009416.npz,TYMH07,2009/2/18 6:47,2009/2/18 6:47,5.2,train
train_009417,record_009417.npz,TYMH07,2009/5/12 19:40,2009/5/12 19:41,4.8,train
train_009418,record_009418.npz,TYMH07,2010/10/3 9:26,2010/10/3 9:27,4.7,train
train_009419,record_009419.npz,TYMH07,2011/2/27 2:19,2011/2/27 2:19,5,train
train_009420,record_009420.npz,TYMH07,2011/2/27 5:38,2011/2/27 5:38,5.5,train
train_009421,record_009421.npz,TYMH07,2011/3/12 3:59,2011/3/12 3:59,6.7,train
train_009422,record_009422.npz,TYMH07,2011/3/12 4:32,2011/3/12 4:32,5.9,train
train_009423,record_009423.npz,TYMH07,2011/3/15 22:31,2011/3/15 22:32,6.4,train
train_009424,record_009424.npz,WKYH01,2000/4/15 2:41,2000/4/15 2:41,4.8,train
train_009425,record_009425.npz,WKYH01,2000/4/28 11:42,2000/4/28 11:42,4.2,train
train_009426,record_009426.npz,WKYH01,2000/10/31 1:43,2000/10/31 1:43,5.5,train
train_009427,record_009427.npz,WKYH01,2001/1/25 19:45,2001/1/25 19:45,4.4,train
train_009428,record_009428.npz,WKYH01,2001/2/8 14:12,2001/2/8 14:12,4.2,train
train_009429,record_009429.npz,WKYH01,2001/8/25 22:21,2001/8/25 22:21,5.1,train
train_009430,record_009430.npz,WKYH01,2001/9/13 5:43,2001/9/13 5:43,4.4,train
train_009431,record_009431.npz,WKYH01,2001/10/2 21:14,2001/10/2 21:14,4.6,train
train_009432,record_009432.npz,WKYH01,2001/10/15 1:53,2001/10/15 1:53,4.3,train
train_009433,record_009433.npz,WKYH01,2002/2/4 6:02,2002/2/4 6:02,4.4,train
train_009434,record_009434.npz,WKYH01,2002/3/11 15:54,2002/3/11 15:54,4.1,train
train_009435,record_009435.npz,WKYH01,2004/10/27 21:27,2004/10/27 21:27,4.4,train
train_009436,record_009436.npz,WKYH01,2007/11/6 10:02,2007/11/6 10:02,4.1,train
train_009437,record_009437.npz,WKYH01,2008/4/17 0:58,2008/4/17 0:58,4.1,train
train_009438,record_009438.npz,WKYH01,2008/8/24 5:45,2008/8/24 5:45,4.3,train
train_009439,record_009439.npz,WKYH01,2009/7/22 23:51,2009/7/22 23:51,4.6,train
train_009440,record_009440.npz,WKYH01,2010/7/21 6:19,2010/7/21 6:19,5.1,train
train_009441,record_009441.npz,WKYH01,2010/11/29 15:52,2010/11/29 15:52,4.1,train
train_009442,record_009442.npz,WKYH01,2011/1/16 20:33,2011/1/16 20:33,4.5,train
train_009443,record_009443.npz,WKYH01,2011/2/21 15:46,2011/2/21 15:46,4.8,train
train_009444,record_009444.npz,WKYH02,2000/4/15 2:41,2000/4/15 2:41,4.8,train
train_009445,record_009445.npz,WKYH02,2000/10/31 1:43,2000/10/31 1:43,5.5,train
train_009446,record_009446.npz,WKYH02,2001/8/25 22:21,2001/8/25 22:21,5.1,train
train_009447,record_009447.npz,WKYH02,2001/10/15 1:53,2001/10/15 1:53,4.3,train
train_009448,record_009448.npz,WKYH02,2004/9/5 19:07,2004/9/5 19:07,6.9,train
train_009449,record_009449.npz,WKYH02,2004/9/5 23:57,2004/9/5 23:57,7.4,train
train_009450,record_009450.npz,WKYH02,2004/9/7 8:29,2004/9/7 8:30,6.4,train
train_009451,record_009451.npz,WKYH02,1999/3/25 0:07,1999/3/25 0:07,4.3,train
train_009452,record_009452.npz,WKYH03,2000/4/15 2:41,2000/4/15 2:41,4.8,train
train_009453,record_009453.npz,WKYH03,2004/9/5 19:07,2004/9/5 19:07,6.9,train
train_009454,record_009454.npz,WKYH03,1999/3/25 0:07,1999/3/25 0:07,4.3,train
train_009455,record_009455.npz,WKYH03,1999/8/21 5:33,1999/8/21 5:33,5.4,train
train_009456,record_009456.npz,WKYH03,1999/11/29 21:34,1999/11/29 21:34,4.7,train
train_009457,record_009457.npz,WKYH04,2000/4/15 2:41,2000/4/15 2:41,4.8,train
train_009458,record_009458.npz,WKYH04,2000/10/31 1:43,2000/10/31 1:43,5.5,train
train_009459,record_009459.npz,WKYH04,2001/10/2 21:14,2001/10/2 21:14,4.6,train
train_009460,record_009460.npz,WKYH04,2001/10/15 1:53,2001/10/15 1:53,4.3,train
train_009461,record_009461.npz,WKYH04,2004/9/5 19:07,2004/9/5 19:07,6.9,train
train_009462,record_009462.npz,WKYH04,2004/9/5 23:57,2004/9/5 23:57,7.4,train
train_009463,record_009463.npz,WKYH04,2004/9/7 8:29,2004/9/7 8:30,6.4,train
train_009464,record_009464.npz,WKYH04,2008/8/24 5:45,2008/8/24 5:45,4.3,train
train_009465,record_009465.npz,WKYH04,2011/2/21 15:46,2011/2/21 15:46,4.8,train
train_009466,record_009466.npz,WKYH04,1999/7/19 5:14,1999/7/19 5:15,4.1,train
train_009467,record_009467.npz,WKYH04,1999/8/21 5:33,1999/8/21 5:33,5.4,train
train_009468,record_009468.npz,WKYH06,2000/4/15 2:41,2000/4/15 2:41,4.8,train
train_009469,record_009469.npz,WKYH06,2000/10/31 1:43,2000/10/31 1:43,5.5,train
train_009470,record_009470.npz,WKYH06,2001/9/13 5:43,2001/9/13 5:43,4.4,train
train_009471,record_009471.npz,WKYH06,2001/10/2 21:14,2001/10/2 21:14,4.6,train
train_009472,record_009472.npz,WKYH06,2001/10/15 1:53,2001/10/15 1:53,4.3,train
train_009473,record_009473.npz,WKYH06,2002/2/4 6:02,2002/2/4 6:02,4.4,train
train_009474,record_009474.npz,WKYH06,2002/3/11 15:54,2002/3/11 15:54,4.1,train
train_009475,record_009475.npz,WKYH06,2004/9/5 19:07,2004/9/5 19:07,6.9,train
train_009476,record_009476.npz,WKYH06,2004/9/5 23:57,2004/9/5 23:57,7.4,train
train_009477,record_009477.npz,WKYH06,2004/9/7 8:29,2004/9/7 8:30,6.4,train
train_009478,record_009478.npz,WKYH06,2007/4/15 12:19,2007/4/15 12:20,5.4,train
train_009479,record_009479.npz,WKYH06,2008/8/24 5:45,2008/8/24 5:45,4.3,train
train_009480,record_009480.npz,WKYH06,2010/11/29 15:52,2010/11/29 15:52,4.1,train
train_009481,record_009481.npz,WKYH06,2011/2/21 15:46,2011/2/21 15:46,4.8,train
train_009482,record_009482.npz,WKYH06,1999/3/16 16:43,1999/3/16 16:44,4.9,train
train_009483,record_009483.npz,WKYH06,1999/7/19 5:14,1999/7/19 5:15,4.1,train
train_009484,record_009484.npz,WKYH07,2000/4/15 2:41,2000/4/15 2:41,4.8,train
train_009485,record_009485.npz,WKYH07,2000/4/28 11:42,2000/4/28 11:42,4.2,train
train_009486,record_009486.npz,WKYH07,2000/10/31 1:43,2000/10/31 1:43,5.5,train
train_009487,record_009487.npz,WKYH07,2001/8/25 22:21,2001/8/25 22:22,5.1,train
train_009488,record_009488.npz,WKYH07,2001/9/13 5:43,2001/9/13 5:43,4.4,train
train_009489,record_009489.npz,WKYH07,2001/10/2 21:14,2001/10/2 21:14,4.6,train
train_009490,record_009490.npz,WKYH07,2002/2/4 6:02,2002/2/4 6:02,4.4,train
train_009491,record_009491.npz,WKYH07,2004/1/6 14:50,2004/1/6 14:51,5.4,train
train_009492,record_009492.npz,WKYH07,2004/9/5 19:07,2004/9/5 19:07,6.9,train
train_009493,record_009493.npz,WKYH07,2004/9/5 23:57,2004/9/5 23:57,7.4,train
train_009494,record_009494.npz,WKYH07,2004/9/7 8:29,2004/9/7 8:30,6.4,train
train_009495,record_009495.npz,WKYH07,2004/10/27 21:27,2004/10/27 21:27,4.4,train
train_009496,record_009496.npz,WKYH07,2005/3/14 19:49,2005/3/14 19:50,4.3,train
train_009497,record_009497.npz,WKYH07,2007/4/15 12:19,2007/4/15 12:19,5.4,train
train_009498,record_009498.npz,WKYH07,2007/4/15 18:34,2007/4/15 18:35,4.6,train
train_009499,record_009499.npz,WKYH07,2007/7/16 17:24,2007/7/16 17:24,4.7,train
train_009500,record_009500.npz,WKYH07,2010/11/29 15:52,2010/11/29 15:52,4.1,train
train_009501,record_009501.npz,WKYH07,2011/2/21 15:46,2011/2/21 15:46,4.8,train
train_009502,record_009502.npz,WKYH08,2001/8/25 22:21,2001/8/25 22:21,5.1,train
train_009503,record_009503.npz,WKYH08,2004/9/5 19:07,2004/9/5 19:07,6.9,train
train_009504,record_009504.npz,WKYH08,2008/4/17 0:58,2008/4/17 0:58,4.1,train
train_009505,record_009505.npz,WKYH08,2008/8/24 5:45,2008/8/24 5:45,4.3,train
train_009506,record_009506.npz,WKYH08,2008/8/30 18:28,2008/8/30 18:29,4.2,train
train_009507,record_009507.npz,WKYH08,2008/10/1 9:25,2008/10/1 9:25,4.4,train
train_009508,record_009508.npz,WKYH08,2009/2/18 6:47,2009/2/18 6:47,5.2,train
train_009509,record_009509.npz,WKYH08,2010/7/21 6:19,2010/7/21 6:19,5.1,train
train_009510,record_009510.npz,WKYH08,2011/2/21 15:46,2011/2/21 15:46,4.8,train
train_009511,record_009511.npz,WKYH08,1999/8/21 5:33,1999/8/21 5:33,5.4,train
train_009512,record_009512.npz,WKYH08,1999/11/7 3:34,1999/11/7 3:34,4.8,train
train_009513,record_009513.npz,WKYH08,1999/11/29 21:34,1999/11/29 21:34,4.7,train
train_009514,record_009514.npz,WKYH10,2000/4/15 2:41,2000/4/15 2:41,4.8,train
train_009515,record_009515.npz,WKYH10,2000/4/28 11:42,2000/4/28 11:42,4.2,train
train_009516,record_009516.npz,WKYH10,2002/2/4 6:02,2002/2/4 6:02,4.4,train
train_009517,record_009517.npz,WKYH10,2002/12/17 7:17,2002/12/17 7:17,4.3,train
train_009518,record_009518.npz,WKYH10,2004/9/5 19:07,2004/9/5 19:07,6.9,train
train_009519,record_009519.npz,WKYH10,2004/9/5 23:57,2004/9/5 23:57,7.4,train
train_009520,record_009520.npz,WKYH10,2004/10/27 21:27,2004/10/27 21:27,4.4,train
train_009521,record_009521.npz,WKYH10,2005/11/1 12:47,2005/11/1 12:47,4.3,train
train_009522,record_009522.npz,WKYH10,1999/8/21 5:33,1999/8/21 5:33,5.4,train
train_009523,record_009523.npz,YMGH02,2000/6/8 9:32,2000/6/8 9:33,4.8,train
train_009524,record_009524.npz,YMGH02,2001/3/24 15:28,2001/3/24 15:28,6.4,train
train_009525,record_009525.npz,YMGH02,2002/9/25 14:45,2002/9/25 14:45,4.5,train
train_009526,record_009526.npz,YMGH02,2005/4/20 6:11,2005/4/20 6:11,5.8,train
train_009527,record_009527.npz,YMGH02,2008/3/8 3:52,2008/3/8 3:52,4.1,train
train_009528,record_009528.npz,YMGH02,2008/5/20 14:41,2008/5/20 14:41,4.2,train
train_009529,record_009529.npz,YMGH02,2009/1/25 2:33,2009/1/25 2:33,4.4,train
train_009530,record_009530.npz,YMGH02,2009/6/25 23:04,2009/6/25 23:04,4.7,train
train_009531,record_009531.npz,YMGH02,2009/7/18 5:16,2009/7/18 5:16,4.3,train
train_009532,record_009532.npz,YMGH02,2010/2/21 11:49,2010/2/21 11:50,4.5,train
train_009533,record_009533.npz,YMGH02,2010/4/17 5:35,2010/4/17 5:35,4.3,train
train_009534,record_009534.npz,YMGH02,2010/5/13 20:01,2010/5/13 20:01,4.7,train
train_009535,record_009535.npz,YMGH02,1999/3/9 12:53,1999/3/9 12:54,4.5,train
train_009536,record_009536.npz,YMGH02,1999/7/16 2:59,1999/7/16 3:00,4.4,train
train_009537,record_009537.npz,YMGH02,1999/7/25 13:24,1999/7/25 13:24,4.1,train
train_009538,record_009538.npz,YMGH07,2001/3/24 15:28,2001/3/24 15:28,6.4,train
train_009539,record_009539.npz,YMGH07,2005/4/20 6:11,2005/4/20 6:11,5.8,train
train_009540,record_009540.npz,YMGH07,2005/4/20 9:09,2005/4/20 9:09,5.1,train
train_009541,record_009541.npz,YMGH07,2008/5/20 14:41,2008/5/20 14:41,4.2,train
train_009542,record_009542.npz,YMGH07,2009/1/25 2:33,2009/1/25 2:33,4.4,train
train_009543,record_009543.npz,YMGH07,2009/6/25 23:04,2009/6/25 23:04,4.7,train
train_009544,record_009544.npz,YMGH07,2009/7/18 5:16,2009/7/18 5:16,4.3,train
train_009545,record_009545.npz,YMGH07,2010/2/21 11:49,2010/2/21 11:50,4.5,train
train_009546,record_009546.npz,YMGH07,2010/5/13 20:01,2010/5/13 20:01,4.7,train
train_009547,record_009547.npz,YMGH07,1999/3/9 12:53,1999/3/9 12:54,4.5,train
train_009548,record_009548.npz,YMGH08,2005/4/20 6:11,2005/4/20 6:11,5.8,train
train_009549,record_009549.npz,YMGH08,2008/5/20 14:41,2008/5/20 14:41,4.2,train
train_009550,record_009550.npz,YMGH08,2009/1/25 2:33,2009/1/25 2:33,4.4,train
train_009551,record_009551.npz,YMGH09,2000/10/6 13:30,2000/10/6 13:30,7.3,train
train_009552,record_009552.npz,YMGH09,2000/10/10 21:58,2000/10/10 21:58,4.4,train
train_009553,record_009553.npz,YMGH09,2001/3/24 15:28,2001/3/24 15:28,6.4,train
train_009554,record_009554.npz,YMGH09,2001/3/26 5:41,2001/3/26 5:41,5,train
train_009555,record_009555.npz,YMGH09,2005/4/20 6:11,2005/4/20 6:11,5.8,train
train_009556,record_009556.npz,YMGH09,2008/5/20 14:41,2008/5/20 14:41,4.2,train
train_009557,record_009557.npz,YMGH09,2009/1/25 2:33,2009/1/25 2:33,4.4,train
train_009558,record_009558.npz,YMGH09,2009/6/25 23:04,2009/6/25 23:04,4.7,train
train_009559,record_009559.npz,YMGH09,2010/2/21 11:49,2010/2/21 11:50,4.5,train
train_009560,record_009560.npz,YMGH09,2010/7/23 14:25,2010/7/23 14:26,4.4,train
train_009561,record_009561.npz,YMGH10,2001/3/24 15:28,2001/3/24 15:28,6.4,train
train_009562,record_009562.npz,YMGH10,2002/3/25 22:58,2002/3/25 22:58,4.7,train
train_009563,record_009563.npz,YMGH10,2003/3/27 13:47,2003/3/27 13:48,4.2,train
train_009564,record_009564.npz,YMGH10,2008/3/8 3:52,2008/3/8 3:52,4.1,train
train_009565,record_009565.npz,YMGH10,2008/5/20 14:41,2008/5/20 14:41,4.2,train
train_009566,record_009566.npz,YMGH10,2009/1/25 2:33,2009/1/25 2:33,4.4,train
train_009567,record_009567.npz,YMGH10,2009/6/25 23:04,2009/6/25 23:04,4.7,train
train_009568,record_009568.npz,YMGH10,2009/7/18 5:16,2009/7/18 5:16,4.3,train
train_009569,record_009569.npz,YMGH10,2010/2/21 11:49,2010/2/21 11:50,4.5,train
train_009570,record_009570.npz,YMGH10,2010/5/13 20:01,2010/5/13 20:01,4.7,train
train_009571,record_009571.npz,YMGH10,2010/7/23 14:25,2010/7/23 14:26,4.4,train
train_009572,record_009572.npz,YMGH11,2000/10/6 13:30,2000/10/6 13:30,7.3,train
train_009573,record_009573.npz,YMGH11,2001/3/24 15:28,2001/3/24 15:28,6.4,train
train_009574,record_009574.npz,YMGH11,2001/4/3 21:14,2001/4/3 21:14,4.4,train
train_009575,record_009575.npz,YMGH11,2002/3/25 22:58,2002/3/25 22:58,4.7,train
train_009576,record_009576.npz,YMGH11,2002/9/25 14:45,2002/9/25 14:45,4.5,train
train_009577,record_009577.npz,YMGH11,2002/10/13 19:06,2002/10/13 19:07,4.7,train
train_009578,record_009578.npz,YMGH11,2003/3/26 4:08,2003/3/26 4:09,4.5,train
train_009579,record_009579.npz,YMGH11,2006/6/12 5:01,2006/6/12 5:01,6.2,train
train_009580,record_009580.npz,YMGH11,2008/3/8 3:52,2008/3/8 3:52,4.1,train
train_009581,record_009581.npz,YMGH11,2008/5/20 14:41,2008/5/20 14:41,4.2,train
train_009582,record_009582.npz,YMGH11,2009/1/25 2:33,2009/1/25 2:33,4.4,train
train_009583,record_009583.npz,YMGH11,2009/6/25 23:04,2009/6/25 23:04,4.7,train
train_009584,record_009584.npz,YMGH11,2009/7/18 5:16,2009/7/18 5:16,4.3,train
train_009585,record_009585.npz,YMGH11,2009/8/5 12:51,2009/8/5 12:52,5,train
train_009586,record_009586.npz,YMGH11,2010/2/21 11:49,2010/2/21 11:49,4.5,train
train_009587,record_009587.npz,YMGH11,2010/4/17 5:35,2010/4/17 5:35,4.3,train
train_009588,record_009588.npz,YMGH11,2010/5/13 20:01,2010/5/13 20:01,4.7,train
train_009589,record_009589.npz,YMGH11,2010/7/23 14:25,2010/7/23 14:26,4.4,train
train_009590,record_009590.npz,YMGH12,2001/3/24 15:28,2001/3/24 15:28,6.4,train
train_009591,record_009591.npz,YMGH12,2008/3/8 3:52,2008/3/8 3:52,4.1,train
train_009592,record_009592.npz,YMGH12,2008/5/20 14:41,2008/5/20 14:41,4.2,train
train_009593,record_009593.npz,YMGH12,2009/1/25 2:33,2009/1/25 2:33,4.4,train
train_009594,record_009594.npz,YMGH12,2009/6/25 23:04,2009/6/25 23:04,4.7,train
train_009595,record_009595.npz,YMGH12,2009/7/18 5:16,2009/7/18 5:16,4.3,train
train_009596,record_009596.npz,YMGH12,2010/2/21 11:49,2010/2/21 11:50,4.5,train
train_009597,record_009597.npz,YMGH12,2010/5/13 20:01,2010/5/13 20:01,4.7,train
train_009598,record_009598.npz,YMGH12,2010/7/23 14:25,2010/7/23 14:26,4.4,train
train_009599,record_009599.npz,YMGH13,2001/3/24 15:28,2001/3/24 15:28,6.4,train
train_009600,record_009600.npz,YMGH13,2002/9/25 14:45,2002/9/25 14:45,4.5,train
train_009601,record_009601.npz,YMGH13,2005/3/25 21:03,2005/3/25 21:03,4.1,train
train_009602,record_009602.npz,YMGH13,2005/4/20 6:11,2005/4/20 6:11,5.8,train
train_009603,record_009603.npz,YMGH13,2005/4/20 6:22,2005/4/20 6:23,4.7,train
train_009604,record_009604.npz,YMGH13,2005/4/20 9:09,2005/4/20 9:10,5.1,train
train_009605,record_009605.npz,YMGH13,2005/9/12 20:18,2005/9/12 20:19,4.1,train
train_009606,record_009606.npz,YMGH13,2006/6/12 5:01,2006/6/12 5:01,6.2,train
train_009607,record_009607.npz,YMGH13,2009/1/25 2:33,2009/1/25 2:33,4.4,train
train_009608,record_009608.npz,YMGH13,2009/6/25 23:04,2009/6/25 23:04,4.7,train
train_009609,record_009609.npz,YMGH13,2009/7/18 5:16,2009/7/18 5:16,4.3,train
train_009610,record_009610.npz,YMGH13,2010/2/21 11:49,2010/2/21 11:50,4.5,train
train_009611,record_009611.npz,YMGH13,2010/5/13 20:01,2010/5/13 20:01,4.7,train
train_009612,record_009612.npz,YMGH14,2002/10/13 19:06,2002/10/13 19:07,4.7,train
train_009613,record_009613.npz,YMGH14,2005/4/20 6:11,2005/4/20 6:11,5.8,train
train_009614,record_009614.npz,YMGH14,2008/5/20 14:41,2008/5/20 14:41,4.2,train
train_009615,record_009615.npz,YMGH14,2009/1/25 2:33,2009/1/25 2:33,4.4,train
train_009616,record_009616.npz,YMGH14,2009/6/25 23:04,2009/6/25 23:04,4.7,train
train_009617,record_009617.npz,YMGH14,2009/7/18 5:16,2009/7/18 5:16,4.3,train
train_009618,record_009618.npz,YMGH14,2010/2/21 11:49,2010/2/21 11:50,4.5,train
train_009619,record_009619.npz,YMGH14,2010/5/13 20:01,2010/5/13 20:01,4.7,train
train_009620,record_009620.npz,YMGH14,2010/7/23 14:25,2010/7/23 14:26,4.4,train
train_009621,record_009621.npz,YMGH15,2004/4/20 22:26,2004/4/20 22:26,4.6,train
train_009622,record_009622.npz,YMGH15,2006/9/26 7:03,2006/9/26 7:04,5.3,train
train_009623,record_009623.npz,YMGH15,2007/6/6 23:42,2007/6/6 23:43,4.9,train
train_009624,record_009624.npz,YMGH15,2007/6/7 0:18,2007/6/7 0:18,4.2,train
train_009625,record_009625.npz,YMGH15,2008/3/8 3:52,2008/3/8 3:52,4.1,train
train_009626,record_009626.npz,YMGH15,2008/5/20 14:41,2008/5/20 14:41,4.2,train
train_009627,record_009627.npz,YMGH15,2009/1/25 2:33,2009/1/25 2:33,4.4,train
train_009628,record_009628.npz,YMGH15,2009/6/14 19:17,2009/6/14 19:18,4.2,train
train_009629,record_009629.npz,YMGH15,2009/6/25 23:04,2009/6/25 23:04,4.7,train
train_009630,record_009630.npz,YMGH15,2009/7/18 5:16,2009/7/18 5:16,4.3,train
train_009631,record_009631.npz,YMGH15,2009/8/5 12:51,2009/8/5 12:51,5,train
train_009632,record_009632.npz,YMGH15,2009/12/16 14:12,2009/12/16 14:13,4.6,train
train_009633,record_009633.npz,YMGH15,2010/2/21 11:49,2010/2/21 11:49,4.5,train
train_009634,record_009634.npz,YMGH15,2010/4/17 5:35,2010/4/17 5:35,4.3,train
train_009635,record_009635.npz,YMGH15,2010/5/13 20:01,2010/5/13 20:01,4.7,train
train_009636,record_009636.npz,YMGH15,2010/7/23 14:25,2010/7/23 14:26,4.4,train
train_009637,record_009637.npz,YMGH16,2002/9/25 14:45,2002/9/25 14:45,4.5,train
train_009638,record_009638.npz,YMGH16,2002/10/13 19:06,2002/10/13 19:06,4.7,train
train_009639,record_009639.npz,YMGH16,2002/11/4 13:36,2002/11/4 13:36,5.7,train
train_009640,record_009640.npz,YMGH16,2003/3/26 4:08,2003/3/26 4:08,4.5,train
train_009641,record_009641.npz,YMGH16,2003/5/31 3:58,2003/5/31 3:58,4.5,train
train_009642,record_009642.npz,YMGH16,2005/4/20 6:11,2005/4/20 6:11,5.8,train
train_009643,record_009643.npz,YMGH16,2005/5/25 20:31,2005/5/25 20:31,4.6,train
train_009644,record_009644.npz,YMGH16,2005/5/27 3:17,2005/5/27 3:17,4.7,train
train_009645,record_009645.npz,YMGH16,2005/9/4 19:06,2005/9/4 19:06,4.3,train
train_009646,record_009646.npz,YMGH16,2006/5/28 20:36,2006/5/28 20:36,4.3,train
train_009647,record_009647.npz,YMGH16,2006/6/12 5:01,2006/6/12 5:01,6.2,train
train_009648,record_009648.npz,YMGH16,2006/9/26 7:03,2006/9/26 7:04,5.3,train
train_009649,record_009649.npz,YMGH16,2008/3/8 3:52,2008/3/8 3:52,4.1,train
train_009650,record_009650.npz,YMGH16,2008/5/20 14:41,2008/5/20 14:41,4.2,train
train_009651,record_009651.npz,YMGH16,2009/1/25 2:33,2009/1/25 2:33,4.4,train
train_009652,record_009652.npz,YMGH16,2009/6/14 19:17,2009/6/14 19:18,4.2,train
train_009653,record_009653.npz,YMGH16,2009/6/25 23:04,2009/6/25 23:04,4.7,train
train_009654,record_009654.npz,YMGH16,2009/7/18 5:16,2009/7/18 5:16,4.3,train
train_009655,record_009655.npz,YMGH16,2009/8/5 12:51,2009/8/5 12:51,5,train
train_009656,record_009656.npz,YMGH16,2010/4/17 5:35,2010/4/17 5:35,4.3,train
train_009657,record_009657.npz,YMGH16,2010/5/13 20:01,2010/5/13 20:01,4.7,train
train_009658,record_009658.npz,YMGH16,2010/7/23 14:25,2010/7/23 14:25,4.4,train
train_009659,record_009659.npz,YMGH16,2010/8/10 21:24,2010/8/10 21:24,4.4,train
train_009660,record_009660.npz,YMGH17,2002/3/25 22:58,2002/3/25 22:58,4.7,train
train_009661,record_009661.npz,YMGH17,2002/9/25 14:45,2002/9/25 14:45,4.5,train
train_009662,record_009662.npz,YMGH17,2002/10/13 19:06,2002/10/13 19:06,4.7,train
train_009663,record_009663.npz,YMGH17,2003/3/26 4:08,2003/3/26 4:08,4.5,train
train_009664,record_009664.npz,YMGH17,2003/3/27 13:47,2003/3/27 13:48,4.2,train
train_009665,record_009665.npz,YMGH17,2006/6/12 5:01,2006/6/12 5:01,6.2,train
train_009666,record_009666.npz,YMGH17,2006/9/26 7:03,2006/9/26 7:04,5.3,train
train_009667,record_009667.npz,YMGH17,2008/3/8 3:52,2008/3/8 3:52,4.1,train
train_009668,record_009668.npz,YMGH17,2008/5/20 14:41,2008/5/20 14:41,4.2,train
train_009669,record_009669.npz,YMGH17,2009/1/25 2:33,2009/1/25 2:33,4.4,train
train_009670,record_009670.npz,YMGH17,2009/6/14 19:17,2009/6/14 19:18,4.2,train
train_009671,record_009671.npz,YMGH17,2009/7/18 5:16,2009/7/18 5:16,4.3,train
train_009672,record_009672.npz,YMGH17,2010/4/17 5:35,2010/4/17 5:35,4.3,train
train_009673,record_009673.npz,YMGH17,2010/5/13 20:01,2010/5/13 20:01,4.7,train
train_009674,record_009674.npz,YMGH17,2010/7/23 14:25,2010/7/23 14:25,4.4,train
train_009675,record_009675.npz,YMGH17,2011/1/16 20:33,2011/1/16 20:33,4.5,train
train_009676,record_009676.npz,YMNH09,2001/6/1 0:41,2001/6/1 0:41,4.8,train
train_009677,record_009677.npz,YMNH09,2001/7/20 6:02,2001/7/20 6:03,4.8,train
train_009678,record_009678.npz,YMNH09,2001/12/8 4:07,2001/12/8 4:08,4.5,train
train_009679,record_009679.npz,YMNH09,2002/7/13 21:45,2002/7/13 21:46,4.8,train
train_009680,record_009680.npz,YMNH09,2002/9/22 9:36,2002/9/22 9:36,4.2,train
train_009681,record_009681.npz,YMNH09,2003/3/13 12:13,2003/3/13 12:13,4.8,train
train_009682,record_009682.npz,YMNH09,2008/1/27 10:33,2008/1/27 10:33,4.1,train
train_009683,record_009683.npz,YMNH09,2008/4/4 19:02,2008/4/4 19:02,5,train
train_009684,record_009684.npz,YMNH09,2008/6/13 11:21,2008/6/13 11:21,4.7,train
train_009685,record_009685.npz,YMNH09,2008/7/15 21:37,2008/7/15 21:37,4.1,train
train_009686,record_009686.npz,YMNH09,2008/7/15 22:23,2008/7/15 22:23,4.3,train
train_009687,record_009687.npz,YMNH09,2008/8/8 12:57,2008/8/8 12:57,4.6,train
train_009688,record_009688.npz,YMNH09,2009/2/18 6:47,2009/2/18 6:47,5.2,train
train_009689,record_009689.npz,YMNH09,2009/5/25 20:26,2009/5/25 20:26,4.7,train
train_009690,record_009690.npz,YMNH09,2009/7/16 5:19,2009/7/16 5:19,4.2,train
train_009691,record_009691.npz,YMNH09,2009/8/11 5:07,2009/8/11 5:07,6.5,train
train_009692,record_009692.npz,YMNH09,2009/8/11 6:27,2009/8/11 6:27,4.4,train
train_009693,record_009693.npz,YMNH09,2009/8/11 18:09,2009/8/11 18:09,4.4,train
train_009694,record_009694.npz,YMNH09,2009/8/13 12:42,2009/8/13 12:43,4.3,train
train_009695,record_009695.npz,YMNH09,2009/8/13 18:11,2009/8/13 18:11,4.5,train
train_009696,record_009696.npz,YMNH09,2009/12/17 23:45,2009/12/17 23:45,5,train
train_009697,record_009697.npz,YMNH09,2009/12/18 5:41,2009/12/18 5:41,5.1,train
train_009698,record_009698.npz,YMNH09,2009/12/18 8:45,2009/12/18 8:46,5.1,train
train_009699,record_009699.npz,YMNH09,2009/12/19 0:53,2009/12/19 0:53,4.5,train
train_009700,record_009700.npz,YMNH09,2010/1/10 1:44,2010/1/10 1:45,4.3,train
train_009701,record_009701.npz,YMNH10,2008/4/4 19:02,2008/4/4 19:02,5,train
train_009702,record_009702.npz,YMNH10,2008/4/20 1:00,2008/4/20 1:00,4.3,train
train_009703,record_009703.npz,YMNH10,2008/5/9 7:43,2008/5/9 7:43,4.6,train
train_009704,record_009704.npz,YMNH10,2008/6/13 11:21,2008/6/13 11:21,4.7,train
train_009705,record_009705.npz,YMNH10,2008/7/15 21:37,2008/7/15 21:37,4.1,train
train_009706,record_009706.npz,YMNH10,2008/7/15 22:23,2008/7/15 22:23,4.3,train
train_009707,record_009707.npz,YMNH10,2008/8/8 12:57,2008/8/8 12:57,4.6,train
train_009708,record_009708.npz,YMNH10,2009/2/18 6:47,2009/2/18 6:47,5.2,train
train_009709,record_009709.npz,YMNH10,2009/5/25 20:26,2009/5/25 20:26,4.7,train
train_009710,record_009710.npz,YMNH10,2009/7/16 5:19,2009/7/16 5:19,4.2,train
train_009711,record_009711.npz,YMNH10,2009/8/11 5:07,2009/8/11 5:07,6.5,train
train_009712,record_009712.npz,YMNH10,2009/8/11 6:27,2009/8/11 6:27,4.4,train
train_009713,record_009713.npz,YMNH10,2009/8/11 18:09,2009/8/11 18:09,4.4,train
train_009714,record_009714.npz,YMNH10,2009/8/13 12:42,2009/8/13 12:43,4.3,train
train_009715,record_009715.npz,YMNH10,2009/8/13 18:11,2009/8/13 18:11,4.5,train
train_009716,record_009716.npz,YMNH10,2009/8/21 8:51,2009/8/21 8:51,4.2,train
train_009717,record_009717.npz,YMNH10,2009/9/4 11:30,2009/9/4 11:31,4.5,train
train_009718,record_009718.npz,YMNH10,2009/12/17 23:45,2009/12/17 23:45,5,train
train_009719,record_009719.npz,YMNH10,2009/12/18 5:41,2009/12/18 5:41,5.1,train
train_009720,record_009720.npz,YMNH10,2009/12/18 8:45,2009/12/18 8:45,5.1,train
train_009721,record_009721.npz,YMNH10,2009/12/19 0:53,2009/12/19 0:53,4.5,train
train_009722,record_009722.npz,YMNH10,2010/1/21 2:59,2010/1/21 2:59,4.4,train
train_009723,record_009723.npz,YMNH10,2010/2/17 4:59,2010/2/17 4:59,4.7,train
train_009724,record_009724.npz,YMNH10,2010/9/27 2:55,2010/9/27 2:55,4.5,train
train_009725,record_009725.npz,YMNH10,2010/11/5 19:14,2010/11/5 19:14,4.6,train
train_009726,record_009726.npz,YMNH10,2010/12/6 3:20,2010/12/6 3:20,4.3,train
train_009727,record_009727.npz,YMNH11,2003/3/13 12:13,2003/3/13 12:13,4.8,train
train_009728,record_009728.npz,YMNH11,2005/7/23 16:35,2005/7/23 16:35,6,train
train_009729,record_009729.npz,YMNH11,2008/2/10 9:37,2008/2/10 9:37,5,train
train_009730,record_009730.npz,YMNH11,2008/3/8 1:55,2008/3/8 1:55,5.2,train
train_009731,record_009731.npz,YMNH11,2008/3/9 6:13,2008/3/9 6:14,4.4,train
train_009732,record_009732.npz,YMNH11,2008/4/1 23:29,2008/4/1 23:29,4.7,train
train_009733,record_009733.npz,YMNH11,2008/4/4 19:02,2008/4/4 19:02,5,train
train_009734,record_009734.npz,YMNH11,2008/4/10 9:54,2008/4/10 9:54,4.1,train
train_009735,record_009735.npz,YMNH11,2008/5/1 7:34,2008/5/1 7:34,4.6,train
train_009736,record_009736.npz,YMNH11,2008/5/9 7:43,2008/5/9 7:43,4.6,train
train_009737,record_009737.npz,YMNH11,2008/6/13 11:21,2008/6/13 11:21,4.7,train
train_009738,record_009738.npz,YMNH11,2008/6/22 12:48,2008/6/22 12:49,4.3,train
train_009739,record_009739.npz,YMNH11,2008/8/8 12:57,2008/8/8 12:57,4.6,train
train_009740,record_009740.npz,YMNH11,2008/8/20 15:13,2008/8/20 15:13,4.6,train
train_009741,record_009741.npz,YMNH11,2008/8/22 19:59,2008/8/22 20:00,5.2,train
train_009742,record_009742.npz,YMNH11,2008/9/21 7:17,2008/9/21 7:17,4.8,train
train_009743,record_009743.npz,YMNH11,2008/10/8 15:07,2008/10/8 15:08,4.7,train
train_009744,record_009744.npz,YMNH11,2009/1/26 17:54,2009/1/26 17:55,4.4,train
train_009745,record_009745.npz,YMNH11,2009/2/17 4:54,2009/2/17 4:54,4.6,train
train_009746,record_009746.npz,YMNH11,2009/5/25 20:26,2009/5/25 20:27,4.7,train
train_009747,record_009747.npz,YMNH11,2009/7/22 3:56,2009/7/22 3:57,4.2,train
train_009748,record_009748.npz,YMNH11,2009/8/11 5:07,2009/8/11 5:07,6.5,train
train_009749,record_009749.npz,YMNH11,2009/8/11 6:27,2009/8/11 6:27,4.4,train
train_009750,record_009750.npz,YMNH11,2009/8/11 18:09,2009/8/11 18:10,4.4,train
train_009751,record_009751.npz,YMNH11,2009/8/13 18:11,2009/8/13 18:11,4.5,train
train_009752,record_009752.npz,YMNH11,2009/8/21 8:51,2009/8/21 8:51,4.2,train
train_009753,record_009753.npz,YMNH11,2009/9/4 11:30,2009/9/4 11:30,4.5,train
train_009754,record_009754.npz,YMNH14,2003/10/15 16:30,2003/10/15 16:30,5.1,train
train_009755,record_009755.npz,YMNH14,2007/10/1 2:21,2007/10/1 2:21,4.9,train
train_009756,record_009756.npz,YMNH14,2007/10/6 3:46,2007/10/6 3:46,4.2,train
train_009757,record_009757.npz,YMNH14,2008/2/10 9:37,2008/2/10 9:37,5,train
train_009758,record_009758.npz,YMNH14,2008/4/1 23:29,2008/4/1 23:29,4.7,train
train_009759,record_009759.npz,YMNH14,2008/4/4 19:02,2008/4/4 19:02,5,train
train_009760,record_009760.npz,YMNH14,2008/5/9 7:43,2008/5/9 7:43,4.6,train
train_009761,record_009761.npz,YMNH14,2008/6/13 11:21,2008/6/13 11:22,4.7,train
train_009762,record_009762.npz,YMNH14,2008/8/8 12:57,2008/8/8 12:57,4.6,train
train_009763,record_009763.npz,YMNH14,2008/8/20 15:13,2008/8/20 15:14,4.6,train
train_009764,record_009764.npz,YMNH14,2008/9/21 7:17,2008/9/21 7:17,4.8,train
train_009765,record_009765.npz,YMNH14,2008/10/8 15:07,2008/10/8 15:08,4.7,train
train_009766,record_009766.npz,YMNH14,2009/1/26 17:54,2009/1/26 17:55,4.4,train
train_009767,record_009767.npz,YMNH14,2009/2/17 4:54,2009/2/17 4:55,4.6,train
train_009768,record_009768.npz,YMNH14,2009/8/11 5:07,2009/8/11 5:07,6.5,train
train_009769,record_009769.npz,YMNH14,2009/8/11 6:27,2009/8/11 6:27,4.4,train
train_009770,record_009770.npz,YMNH14,2009/8/11 18:09,2009/8/11 18:10,4.4,train
train_009771,record_009771.npz,YMNH14,2009/8/13 18:11,2009/8/13 18:11,4.5,train
train_009772,record_009772.npz,YMNH14,2009/9/4 11:30,2009/9/4 11:31,4.5,train
train_009773,record_009773.npz,YMNH14,2009/11/14 4:23,2009/11/14 4:23,4.2,train
train_009774,record_009774.npz,YMNH14,2009/12/17 23:45,2009/12/17 23:45,5,train
train_009775,record_009775.npz,YMNH14,2009/12/18 2:30,2009/12/18 2:29,4.2,train
train_009776,record_009776.npz,YMNH14,2009/12/18 5:41,2009/12/18 5:41,5.1,train
train_009777,record_009777.npz,YMNH14,2009/12/18 8:45,2009/12/18 8:45,5.1,train
train_009778,record_009778.npz,YMNH14,2009/12/19 0:53,2009/12/19 0:53,4.5,train
train_009779,record_009779.npz,YMNH14,2009/12/19 22:04,2009/12/19 22:05,4.3,train
train_009780,record_009780.npz,YMNH15,2005/7/31 14:53,2005/7/31 14:53,4.4,train
train_009781,record_009781.npz,YMNH15,2008/2/10 9:37,2008/2/10 9:37,5,train
train_009782,record_009782.npz,YMNH15,2008/4/4 19:02,2008/4/4 19:02,5,train
train_009783,record_009783.npz,YMNH15,2008/5/9 7:43,2008/5/9 7:43,4.6,train
train_009784,record_009784.npz,YMNH15,2008/6/13 11:21,2008/6/13 11:21,4.7,train
train_009785,record_009785.npz,YMNH15,2008/7/15 21:37,2008/7/15 21:37,4.1,train
train_009786,record_009786.npz,YMNH15,2008/7/15 22:23,2008/7/15 22:23,4.3,train
train_009787,record_009787.npz,YMNH15,2008/8/8 12:57,2008/8/8 12:57,4.6,train
train_009788,record_009788.npz,YMNH15,2008/9/21 7:17,2008/9/21 7:17,4.8,train
train_009789,record_009789.npz,YMNH15,2009/1/26 17:54,2009/1/26 17:55,4.4,train
train_009790,record_009790.npz,YMNH15,2009/5/25 20:26,2009/5/25 20:26,4.7,train
train_009791,record_009791.npz,YMNH15,2009/7/16 5:19,2009/7/16 5:19,4.2,train
train_009792,record_009792.npz,YMNH15,2009/8/11 5:07,2009/8/11 5:07,6.5,train
train_009793,record_009793.npz,YMNH15,2009/8/11 6:27,2009/8/11 6:27,4.4,train
train_009794,record_009794.npz,YMNH15,2009/8/11 18:09,2009/8/11 18:09,4.4,train
train_009795,record_009795.npz,YMNH15,2009/8/13 12:42,2009/8/13 12:43,4.3,train
train_009796,record_009796.npz,YMNH15,2009/8/13 18:11,2009/8/13 18:11,4.5,train
train_009797,record_009797.npz,YMNH15,2009/9/4 11:30,2009/9/4 11:30,4.5,train
train_009798,record_009798.npz,YMNH15,2009/11/14 4:23,2009/11/14 4:24,4.2,train
train_009799,record_009799.npz,YMNH15,2009/12/17 23:45,2009/12/17 23:45,5,train
train_009800,record_009800.npz,YMNH15,2009/12/18 5:41,2009/12/18 5:41,5.1,train
train_009801,record_009801.npz,YMNH15,2009/12/18 8:45,2009/12/18 8:45,5.1,train
train_009802,record_009802.npz,YMNH15,2009/12/19 0:53,2009/12/19 0:53,4.5,train
train_009803,record_009803.npz,YMNH15,2009/12/19 22:04,2009/12/19 22:05,4.3,train
train_009804,record_009804.npz,YMNH15,2009/12/19 22:09,2009/12/19 22:10,4.5,train
train_009805,record_009805.npz,YMTH01,2001/12/2 22:02,2001/12/2 22:02,6.4,train
train_009806,record_009806.npz,YMTH01,2002/11/3 12:37,2002/11/3 12:38,6.1,train
train_009807,record_009807.npz,YMTH01,2003/1/5 18:51,2003/1/5 18:51,4.4,train
train_009808,record_009808.npz,YMTH01,2003/3/3 7:47,2003/3/3 7:47,5.3,train
train_009809,record_009809.npz,YMTH01,2003/7/26 0:13,2003/7/26 0:13,5.5,train
train_009810,record_009810.npz,YMTH01,2003/7/26 7:13,2003/7/26 7:13,6.2,train
train_009811,record_009811.npz,YMTH01,2003/7/26 7:19,2003/7/26 7:18,4.4,train
train_009812,record_009812.npz,YMTH01,2003/7/26 7:52,2003/7/26 7:51,4.3,train
train_009813,record_009813.npz,YMTH01,2003/7/26 10:22,2003/7/26 10:21,4.8,train
train_009814,record_009814.npz,YMTH01,2003/7/26 16:56,2003/7/26 16:56,5.3,train
train_009815,record_009815.npz,YMTH01,2004/10/23 17:56,2004/10/23 17:56,6.8,train
train_009816,record_009816.npz,YMTH01,2004/10/23 18:12,2004/10/23 18:12,6,train
train_009817,record_009817.npz,YMTH01,2004/10/23 18:34,2004/10/23 18:34,6.5,train
train_009818,record_009818.npz,YMTH01,2005/8/16 11:46,2005/8/16 11:46,7.2,train
train_009819,record_009819.npz,YMTH01,2006/7/1 8:28,2006/7/1 8:28,5.3,train
train_009820,record_009820.npz,YMTH01,2006/7/6 6:11,2006/7/6 6:11,4.3,train
train_009821,record_009821.npz,YMTH01,2007/11/7 20:05,2007/11/7 20:06,4.6,train
train_009822,record_009822.npz,YMTH01,2009/2/1 18:32,2009/2/1 18:33,5.2,train
train_009823,record_009823.npz,YMTH01,2009/2/17 9:13,2009/2/17 9:13,4.9,train
train_009824,record_009824.npz,YMTH01,2009/2/18 21:45,2009/2/18 21:45,4.1,train
train_009825,record_009825.npz,YMTH01,2009/4/21 18:58,2009/4/21 18:58,5.2,train
train_009826,record_009826.npz,YMTH01,2009/6/1 0:33,2009/6/1 0:33,4.6,train
train_009827,record_009827.npz,YMTH01,2009/6/23 16:37,2009/6/23 16:37,5.6,train
train_009828,record_009828.npz,YMTH01,2009/8/1 18:45,2009/8/1 18:46,5,train
train_009829,record_009829.npz,YMTH01,2009/8/2 0:57,2009/8/2 0:57,4.9,train
train_009830,record_009830.npz,YMTH01,2009/8/2 2:54,2009/8/2 2:54,4.8,train
train_009831,record_009831.npz,YMTH01,2009/9/8 22:33,2009/9/8 22:34,4.5,train
train_009832,record_009832.npz,YMTH03,2003/5/26 18:24,2003/5/26 18:24,7,train
train_009833,record_009833.npz,YMTH03,2004/10/23 17:56,2004/10/23 17:56,6.8,train
train_009834,record_009834.npz,YMTH03,2005/8/16 11:46,2005/8/16 11:46,7.2,train
train_009835,record_009835.npz,YMTH03,2007/7/16 10:13,2007/7/16 10:13,6.8,train
train_009836,record_009836.npz,YMTH03,2007/11/26 22:51,2007/11/26 22:52,6,train
train_009837,record_009837.npz,YMTH03,2008/3/8 1:55,2008/3/8 1:55,5.2,train
train_009838,record_009838.npz,YMTH03,2008/3/24 12:40,2008/3/24 12:40,5.3,train
train_009839,record_009839.npz,YMTH03,2008/3/24 22:29,2008/3/24 22:30,4.6,train
train_009840,record_009840.npz,YMTH03,2008/4/17 4:19,2008/4/17 4:20,5.8,train
train_009841,record_009841.npz,YMTH03,2008/6/2 0:58,2008/6/2 0:58,4.8,train
train_009842,record_009842.npz,YMTH03,2008/6/4 22:12,2008/6/4 22:12,4.4,train
train_009843,record_009843.npz,YMTH03,2008/6/14 8:43,2008/6/14 8:43,7.2,train
train_009844,record_009844.npz,YMTH03,2008/6/14 9:20,2008/6/14 9:20,5.7,train
train_009845,record_009845.npz,YMTH03,2008/6/14 10:00,2008/6/14 10:00,4.5,train
train_009846,record_009846.npz,YMTH03,2008/6/14 10:40,2008/6/14 10:40,4.8,train
train_009847,record_009847.npz,YMTH03,2008/6/14 19:12,2008/6/14 19:12,4.1,train
train_009848,record_009848.npz,YMTH03,2008/6/14 23:42,2008/6/14 23:43,4.8,train
train_009849,record_009849.npz,YMTH03,2008/6/16 23:14,2008/6/16 23:14,5.3,train
train_009850,record_009850.npz,YMTH03,2008/6/18 16:55,2008/6/18 16:55,4.5,train
train_009851,record_009851.npz,YMTH03,2008/6/26 23:34,2008/6/26 23:34,4.6,train
train_009852,record_009852.npz,YMTH03,2008/6/27 22:57,2008/6/27 22:57,4.6,train
train_009853,record_009853.npz,YMTH03,2008/6/29 15:53,2008/6/29 15:53,4.3,train
train_009854,record_009854.npz,YMTH03,2008/7/19 11:39,2008/7/19 11:40,6.9,train
train_009855,record_009855.npz,YMTH04,2001/10/2 17:20,2001/10/2 17:20,5.4,train
train_009856,record_009856.npz,YMTH04,2003/5/26 18:24,2003/5/26 18:24,7,train
train_009857,record_009857.npz,YMTH04,2004/1/23 18:01,2004/1/23 18:01,5.3,train
train_009858,record_009858.npz,YMTH04,2004/10/23 17:56,2004/10/23 17:56,6.8,train
train_009859,record_009859.npz,YMTH04,2005/8/16 11:46,2005/8/16 11:46,7.2,train
train_009860,record_009860.npz,YMTH04,2007/7/16 10:13,2007/7/16 10:13,6.8,train
train_009861,record_009861.npz,YMTH04,2007/11/26 22:51,2007/11/26 22:52,6,train
train_009862,record_009862.npz,YMTH04,2007/12/25 23:04,2007/12/25 23:05,5.6,train
train_009863,record_009863.npz,YMTH04,2008/1/6 9:34,2008/1/6 9:35,4.1,train
train_009864,record_009864.npz,YMTH04,2008/3/2 18:33,2008/3/2 18:33,4.3,train
train_009865,record_009865.npz,YMTH04,2008/3/3 17:57,2008/3/3 17:58,4.4,train
train_009866,record_009866.npz,YMTH04,2008/3/8 1:55,2008/3/8 1:55,5.2,train
train_009867,record_009867.npz,YMTH04,2008/3/24 12:40,2008/3/24 12:40,5.3,train
train_009868,record_009868.npz,YMTH04,2008/3/24 22:29,2008/3/24 22:30,4.6,train
train_009869,record_009869.npz,YMTH04,2008/4/17 4:19,2008/4/17 4:20,5.8,train
train_009870,record_009870.npz,YMTH04,2008/5/2 14:41,2008/5/2 14:41,5.1,train
train_009871,record_009871.npz,YMTH04,2008/6/2 0:58,2008/6/2 0:58,4.8,train
train_009872,record_009872.npz,YMTH04,2008/6/4 22:12,2008/6/4 22:12,4.4,train
train_009873,record_009873.npz,YMTH04,2008/6/14 8:43,2008/6/14 8:43,7.2,train
train_009874,record_009874.npz,YMTH04,2008/6/14 8:49,2008/6/14 8:49,4.5,train
train_009875,record_009875.npz,YMTH04,2008/6/14 9:20,2008/6/14 9:20,5.7,train
train_009876,record_009876.npz,YMTH04,2008/6/14 10:00,2008/6/14 10:00,4.5,train
train_009877,record_009877.npz,YMTH05,2004/10/23 17:56,2004/10/23 17:56,6.8,train
train_009878,record_009878.npz,YMTH05,2004/10/23 18:03,2004/10/23 18:03,6.3,train
train_009879,record_009879.npz,YMTH05,2004/10/23 18:34,2004/10/23 18:34,6.5,train
train_009880,record_009880.npz,YMTH05,2007/7/16 10:13,2007/7/16 10:13,6.8,train
train_009881,record_009881.npz,YMTH05,2007/7/16 15:37,2007/7/16 15:38,5.8,train
train_009882,record_009882.npz,YMTH05,2007/11/26 22:51,2007/11/26 22:52,6,train
train_009883,record_009883.npz,YMTH05,2008/3/8 1:55,2008/3/8 1:55,5.2,train
train_009884,record_009884.npz,YMTH05,2008/3/12 18:00,2008/3/12 18:00,4.1,train
train_009885,record_009885.npz,YMTH05,2008/3/24 12:40,2008/3/24 12:40,5.3,train
train_009886,record_009886.npz,YMTH05,2008/6/14 8:43,2008/6/14 8:44,7.2,train
train_009887,record_009887.npz,YMTH05,2008/6/14 9:20,2008/6/14 9:20,5.7,train
train_009888,record_009888.npz,YMTH05,2008/10/30 0:48,2008/10/30 0:48,5.1,train
train_009889,record_009889.npz,YMTH05,2009/2/1 6:52,2009/2/1 6:52,5.8,train
train_009890,record_009890.npz,YMTH05,2009/8/2 0:57,2009/8/2 0:57,4.9,train
train_009891,record_009891.npz,YMTH05,2010/3/13 21:46,2010/3/13 21:46,5.5,train
train_009892,record_009892.npz,YMTH05,2010/3/14 17:08,2010/3/14 17:08,6.7,train
train_009893,record_009893.npz,YMTH05,2010/4/16 16:38,2010/4/16 16:38,4.6,train
train_009894,record_009894.npz,YMTH05,2010/5/1 18:20,2010/5/1 18:20,4.9,train
train_009895,record_009895.npz,YMTH05,2010/6/13 12:33,2010/6/13 12:33,6.2,train
train_009896,record_009896.npz,YMTH05,2011/3/11 14:58,2011/3/11 14:57,6.4,train
train_009897,record_009897.npz,YMTH05,2011/3/11 17:41,2011/3/11 17:41,6.1,train
train_009898,record_009898.npz,YMTH05,2011/3/12 3:59,2011/3/12 3:59,6.7,train
train_009899,record_009899.npz,YMTH05,2011/3/12 4:32,2011/3/12 4:32,5.9,train
train_009900,record_009900.npz,YMTH05,2011/3/12 22:15,2011/3/12 22:16,6.2,train
train_009901,record_009901.npz,YMTH05,2011/3/13 8:25,2011/3/13 8:25,6.2,train
train_009902,record_009902.npz,YMTH06,2002/2/12 22:44,2002/2/12 22:45,5.5,train
train_009903,record_009903.npz,YMTH06,2003/1/9 13:14,2003/1/9 13:14,4.7,train
train_009904,record_009904.npz,YMTH06,2003/2/16 12:03,2003/2/16 12:04,5,train
train_009905,record_009905.npz,YMTH06,2003/3/3 7:47,2003/3/3 7:47,5.3,train
train_009906,record_009906.npz,YMTH06,2003/3/16 0:06,2003/3/16 0:07,4.7,train
train_009907,record_009907.npz,YMTH06,2003/5/26 18:24,2003/5/26 18:25,7,train
train_009908,record_009908.npz,YMTH06,2004/1/23 18:01,2004/1/23 18:01,5.3,train
train_009909,record_009909.npz,YMTH06,2004/10/23 17:56,2004/10/23 17:56,6.8,train
train_009910,record_009910.npz,YMTH06,2004/10/23 18:03,2004/10/23 18:03,6.3,train
train_009911,record_009911.npz,YMTH06,2004/10/23 18:12,2004/10/23 18:12,6,train
train_009912,record_009912.npz,YMTH06,2004/10/23 18:34,2004/10/23 18:34,6.5,train
train_009913,record_009913.npz,YMTH06,2004/10/25 6:05,2004/10/25 6:05,5.8,train
train_009914,record_009914.npz,YMTH06,2004/10/27 10:40,2004/10/27 10:41,6.1,train
train_009915,record_009915.npz,YMTH06,2005/8/16 11:46,2005/8/16 11:46,7.2,train
train_009916,record_009916.npz,YMTH06,2007/7/16 10:13,2007/7/16 10:13,6.8,train
train_009917,record_009917.npz,YMTH06,2007/11/26 6:42,2007/11/26 6:42,4.2,train
train_009918,record_009918.npz,YMTH06,2007/11/26 22:51,2007/11/26 22:52,6,train
train_009919,record_009919.npz,YMTH06,2007/12/25 23:04,2007/12/25 23:05,5.6,train
train_009920,record_009920.npz,YMTH06,2008/1/16 2:55,2008/1/16 2:56,4.7,train
train_009921,record_009921.npz,YMTH06,2008/3/2 18:33,2008/3/2 18:33,4.3,train
train_009922,record_009922.npz,YMTH06,2008/3/8 1:55,2008/3/8 1:55,5.2,train
train_009923,record_009923.npz,YMTH06,2008/3/19 23:18,2008/3/19 23:19,4.2,train
train_009924,record_009924.npz,YMTH06,2008/3/24 12:40,2008/3/24 12:40,5.3,train
train_009925,record_009925.npz,YMTH06,2008/3/24 22:29,2008/3/24 22:30,4.6,train
train_009926,record_009926.npz,YMTH06,2008/5/2 14:41,2008/5/2 14:41,5.1,train
train_009927,record_009927.npz,YMTH06,2008/6/2 0:58,2008/6/2 0:58,4.8,train
train_009928,record_009928.npz,YMTH07,2000/10/12 5:35,2000/10/12 5:35,4.1,train
train_009929,record_009929.npz,YMTH07,2003/5/26 18:24,2003/5/26 18:25,7,train
train_009930,record_009930.npz,YMTH07,2003/7/26 7:13,2003/7/26 7:13,6.2,train
train_009931,record_009931.npz,YMTH07,2004/10/23 17:56,2004/10/23 17:56,6.8,train
train_009932,record_009932.npz,YMTH07,2004/10/23 18:03,2004/10/23 18:03,6.3,train
train_009933,record_009933.npz,YMTH07,2004/10/23 18:12,2004/10/23 18:10,6,train
train_009934,record_009934.npz,YMTH07,2004/10/23 18:34,2004/10/23 18:34,6.5,train
train_009935,record_009935.npz,YMTH07,2004/10/23 19:46,2004/10/23 19:46,5.7,train
train_009936,record_009936.npz,YMTH07,2004/10/23 23:34,2004/10/23 23:35,5.3,train
train_009937,record_009937.npz,YMTH07,2004/10/25 6:05,2004/10/25 6:05,5.8,train
train_009938,record_009938.npz,YMTH07,2004/10/27 10:40,2004/10/27 10:41,6.1,train
train_009939,record_009939.npz,YMTH07,2004/11/4 8:57,2004/11/4 8:57,5.2,train
train_009940,record_009940.npz,YMTH07,2007/7/16 10:13,2007/7/16 10:13,6.8,train
train_009941,record_009941.npz,YMTH07,2007/7/16 15:37,2007/7/16 15:38,5.8,train
train_009942,record_009942.npz,YMTH07,2007/11/26 22:51,2007/11/26 22:52,6,train
train_009943,record_009943.npz,YMTH07,2008/6/4 22:12,2008/6/4 22:12,4.4,train
train_009944,record_009944.npz,YMTH07,2008/6/14 8:43,2008/6/14 8:44,7.2,train
train_009945,record_009945.npz,YMTH07,2008/6/14 9:20,2008/6/14 9:20,5.7,train
train_009946,record_009946.npz,YMTH07,2008/6/14 10:40,2008/6/14 10:40,4.8,train
train_009947,record_009947.npz,YMTH07,2008/6/14 23:42,2008/6/14 23:43,4.8,train
train_009948,record_009948.npz,YMTH07,2008/6/26 23:34,2008/6/26 23:34,4.6,train
train_009949,record_009949.npz,YMTH07,2008/6/27 22:57,2008/6/27 22:57,4.6,train
train_009950,record_009950.npz,YMTH07,2008/8/22 19:59,2008/8/22 20:00,5.2,train
train_009951,record_009951.npz,YMTH07,2008/10/30 0:48,2008/10/30 0:48,5.1,train
train_009952,record_009952.npz,YMTH07,2008/12/15 21:14,2008/12/15 21:14,4.4,train
train_009953,record_009953.npz,YMTH07,2009/2/17 9:13,2009/2/17 9:13,4.9,train
train_009954,record_009954.npz,YMTH07,2009/4/21 18:58,2009/4/21 18:58,5.2,train
train_009955,record_009955.npz,YMTH07,2009/6/1 0:33,2009/6/1 0:33,4.6,train
train_009956,record_009956.npz,YMTH07,2009/8/1 18:45,2009/8/1 18:46,5,train
train_009957,record_009957.npz,YMTH07,2009/8/2 0:57,2009/8/2 0:57,4.9,train
train_009958,record_009958.npz,YMTH08,2001/12/2 22:02,2001/12/2 22:02,6.4,train
train_009959,record_009959.npz,YMTH08,2002/10/25 5:00,2002/10/25 5:01,4.5,train
train_009960,record_009960.npz,YMTH08,2002/11/3 12:37,2002/11/3 12:38,6.1,train
train_009961,record_009961.npz,YMTH08,2002/11/20 13:49,2002/11/20 13:49,4.2,train
train_009962,record_009962.npz,YMTH08,2003/5/26 18:24,2003/5/26 18:24,7,train
train_009963,record_009963.npz,YMTH08,2003/7/26 7:13,2003/7/26 7:13,6.2,train
train_009964,record_009964.npz,YMTH08,2007/12/25 23:04,2007/12/25 23:05,5.6,train
train_009965,record_009965.npz,YMTH08,2008/1/11 8:00,2008/1/11 8:01,4.7,train
train_009966,record_009966.npz,YMTH08,2008/4/17 4:19,2008/4/17 4:19,5.8,train
train_009967,record_009967.npz,YMTH08,2008/5/29 1:42,2008/5/29 1:42,4.8,train
train_009968,record_009968.npz,YMTH08,2008/6/2 0:58,2008/6/2 0:58,4.8,train
train_009969,record_009969.npz,YMTH08,2008/6/4 22:12,2008/6/4 22:12,4.4,train
train_009970,record_009970.npz,YMTH08,2008/6/14 8:43,2008/6/14 8:43,7.2,train
train_009971,record_009971.npz,YMTH08,2008/6/14 8:53,2008/6/14 8:53,4.1,train
train_009972,record_009972.npz,YMTH08,2008/6/14 9:00,2008/6/14 9:00,4.2,train
train_009973,record_009973.npz,YMTH08,2008/6/14 9:07,2008/6/14 9:07,4.8,train
train_009974,record_009974.npz,YMTH08,2008/6/14 9:18,2008/6/14 9:18,4.3,train
train_009975,record_009975.npz,YMTH08,2008/6/14 9:20,2008/6/14 9:20,5.7,train
train_009976,record_009976.npz,YMTH08,2008/6/14 9:52,2008/6/14 9:52,4.6,train
train_009977,record_009977.npz,YMTH08,2008/6/14 10:00,2008/6/14 10:00,4.5,train
train_009978,record_009978.npz,YMTH08,2008/6/14 10:40,2008/6/14 10:40,4.8,train
train_009979,record_009979.npz,YMTH08,2008/6/14 10:56,2008/6/14 10:56,4.3,train
train_009980,record_009980.npz,YMTH08,2008/6/14 11:35,2008/6/14 11:35,4.3,train
train_009981,record_009981.npz,YMTH08,2008/6/14 12:10,2008/6/14 12:09,4.7,train
train_009982,record_009982.npz,YMTH08,2008/6/14 12:14,2008/6/14 12:14,4.4,train
train_009983,record_009983.npz,YMTH08,2008/6/14 12:27,2008/6/14 12:27,5.2,train
train_009984,record_009984.npz,YMTH08,2008/6/14 13:10,2008/6/14 13:10,4.3,train
train_009985,record_009985.npz,YMTH08,2008/6/14 14:39,2008/6/14 14:39,4.5,train
train_009986,record_009986.npz,YMTH09,2001/10/2 17:20,2001/10/2 17:20,5.4,train
train_009987,record_009987.npz,YMTH09,2001/12/2 22:02,2001/12/2 22:02,6.4,train
train_009988,record_009988.npz,YMTH09,2002/5/12 10:29,2002/5/12 10:29,5.1,train
train_009989,record_009989.npz,YMTH09,2002/10/25 5:00,2002/10/25 5:01,4.5,train
train_009990,record_009990.npz,YMTH09,2002/11/3 12:37,2002/11/3 12:38,6.1,train
train_009991,record_009991.npz,YMTH09,2002/12/5 0:53,2002/12/5 0:53,4.9,train
train_009992,record_009992.npz,YMTH09,2003/1/5 18:51,2003/1/5 18:51,4.4,train
train_009993,record_009993.npz,YMTH09,2003/3/3 7:47,2003/3/3 7:47,5.3,train
train_009994,record_009994.npz,YMTH09,2003/5/26 18:24,2003/5/26 18:24,7,train
train_009995,record_009995.npz,YMTH09,2003/7/26 0:13,2003/7/26 0:13,5.5,train
train_009996,record_009996.npz,YMTH09,2003/7/26 7:13,2003/7/26 7:13,6.2,train
train_009997,record_009997.npz,YMTH09,2003/7/26 10:22,2003/7/26 10:22,4.8,train
train_009998,record_009998.npz,YMTH09,2003/7/26 16:56,2003/7/26 16:57,5.3,train
train_009999,record_009999.npz,YMTH09,2003/10/4 8:11,2003/10/4 8:12,4.5,train
train_010000,record_010000.npz,YMTH09,2005/8/16 11:46,2005/8/16 11:46,7.2,train
train_010001,record_010001.npz,YMTH09,2007/11/7 20:05,2007/11/7 20:06,4.6,train
train_010002,record_010002.npz,YMTH09,2007/12/25 23:04,2007/12/25 23:05,5.6,train
train_010003,record_010003.npz,YMTH09,2008/1/11 8:00,2008/1/11 8:00,4.7,train
train_010004,record_010004.npz,YMTH09,2008/4/17 4:19,2008/4/17 4:19,5.8,train
train_010005,record_010005.npz,YMTH09,2008/5/29 1:42,2008/5/29 1:42,4.8,train
train_010006,record_010006.npz,YMTH09,2008/6/2 0:58,2008/6/2 0:58,4.8,train
train_010007,record_010007.npz,YMTH09,2008/6/4 22:12,2008/6/4 22:12,4.4,train
train_010008,record_010008.npz,YMTH09,2008/6/14 8:43,2008/6/14 8:43,7.2,train
train_010009,record_010009.npz,YMTH09,2008/6/14 8:56,2008/6/14 8:57,4.4,train
train_010010,record_010010.npz,YMTH09,2008/6/14 9:07,2008/6/14 9:06,4.8,train
train_010011,record_010011.npz,YMTH09,2008/6/14 9:18,2008/6/14 9:18,4.3,train
train_010012,record_010012.npz,YMTH09,2008/6/14 9:20,2008/6/14 9:20,5.7,train
train_010013,record_010013.npz,YMTH11,2001/12/2 22:02,2001/12/2 22:02,6.4,train
train_010014,record_010014.npz,YMTH11,2002/11/3 12:37,2002/11/3 12:38,6.1,train
train_010015,record_010015.npz,YMTH11,2003/5/26 18:24,2003/5/26 18:24,7,train
train_010016,record_010016.npz,YMTH11,2003/7/26 0:13,2003/7/26 0:13,5.5,train
train_010017,record_010017.npz,YMTH11,2003/7/26 7:13,2003/7/26 7:13,6.2,train
train_010018,record_010018.npz,YMTH13,2003/5/26 18:24,2003/5/26 18:25,7,train
train_010019,record_010019.npz,YMTH13,2004/10/23 17:56,2004/10/23 17:56,6.8,train
train_010020,record_010020.npz,YMTH13,2004/10/23 18:12,2004/10/23 18:12,6,train
train_010021,record_010021.npz,YMTH13,2007/7/16 10:13,2007/7/16 10:13,6.8,train
train_010022,record_010022.npz,YMTH13,2007/7/16 15:37,2007/7/16 15:38,5.8,train
train_010023,record_010023.npz,YMTH13,2007/12/22 19:39,2007/12/22 19:39,4.4,train
train_010024,record_010024.npz,YMTH13,2008/4/17 4:19,2008/4/17 4:20,5.8,train
train_010025,record_010025.npz,YMTH13,2008/5/29 1:42,2008/5/29 1:42,4.8,train
train_010026,record_010026.npz,YMTH13,2008/6/4 22:12,2008/6/4 22:12,4.4,train
train_010027,record_010027.npz,YMTH13,2008/6/14 8:43,2008/6/14 8:43,7.2,train
train_010028,record_010028.npz,YMTH13,2008/6/14 9:20,2008/6/14 9:20,5.7,train
train_010029,record_010029.npz,YMTH13,2008/6/14 10:40,2008/6/14 10:40,4.8,train
train_010030,record_010030.npz,YMTH13,2008/6/14 12:27,2008/6/14 12:27,5.2,train
train_010031,record_010031.npz,YMTH13,2008/6/14 23:42,2008/6/14 23:43,4.8,train
train_010032,record_010032.npz,YMTH13,2008/6/15 3:47,2008/6/15 3:48,4.2,train
train_010033,record_010033.npz,YMTH13,2008/6/16 23:14,2008/6/16 23:14,5.3,train
train_010034,record_010034.npz,YMTH13,2008/6/29 15:53,2008/6/29 15:53,4.3,train
train_010035,record_010035.npz,YMTH13,2008/10/30 0:48,2008/10/30 0:48,5.1,train
train_010036,record_010036.npz,YMTH13,2008/12/15 21:14,2008/12/15 21:15,4.4,train
train_010037,record_010037.npz,YMTH13,2009/2/17 9:13,2009/2/17 9:13,4.9,train
train_010038,record_010038.npz,YMTH13,2009/6/1 0:33,2009/6/1 0:33,4.6,train
train_010039,record_010039.npz,YMTH13,2009/8/2 0:57,2009/8/2 0:57,4.9,train
train_010040,record_010040.npz,YMTH13,2009/8/2 2:54,2009/8/2 2:54,4.8,train
train_010041,record_010041.npz,YMTH13,2009/8/3 14:13,2009/8/3 14:13,4.7,train
train_010042,record_010042.npz,YMTH13,2009/10/12 18:42,2009/10/12 18:42,4.9,train
train_010043,record_010043.npz,YMTH13,2009/11/21 15:39,2009/11/21 15:40,4.5,train
train_010044,record_010044.npz,YMTH13,2010/3/1 7:08,2010/3/1 7:08,4.9,train
train_010045,record_010045.npz,YMTH13,2010/3/13 21:46,2010/3/13 21:46,5.5,train
train_010046,record_010046.npz,YMTH13,2010/4/16 16:38,2010/4/16 16:38,4.6,train
train_010047,record_010047.npz,YMTH14,2001/10/2 17:20,2001/10/2 17:20,5.4,train
train_010048,record_010048.npz,YMTH14,2001/12/2 22:02,2001/12/2 22:02,6.4,train
train_010049,record_010049.npz,YMTH14,2002/5/6 17:12,2002/5/6 17:12,5,train
train_010050,record_010050.npz,YMTH14,2002/5/12 10:29,2002/5/12 10:30,5.1,train
train_010051,record_010051.npz,YMTH14,2002/11/20 13:49,2002/11/20 13:49,4.2,train
train_010052,record_010052.npz,YMTH14,2003/2/16 12:03,2003/2/16 12:04,5,train
train_010053,record_010053.npz,YMTH14,2003/3/3 7:47,2003/3/3 7:47,5.3,train
train_010054,record_010054.npz,YMTH14,2003/5/26 18:24,2003/5/26 18:24,7,train
train_010055,record_010055.npz,YMTH14,2003/7/26 0:13,2003/7/26 0:13,5.5,train
train_010056,record_010056.npz,YMTH14,2003/7/26 7:13,2003/7/26 7:13,6.2,train
train_010057,record_010057.npz,YMTH14,2004/10/23 17:56,2004/10/23 17:56,6.8,train
train_010058,record_010058.npz,YMTH14,2004/10/23 18:03,2004/10/23 18:03,6.3,train
train_010059,record_010059.npz,YMTH14,2004/10/23 18:12,2004/10/23 18:12,6,train
train_010060,record_010060.npz,YMTH14,2004/10/23 18:34,2004/10/23 18:34,6.5,train
train_010061,record_010061.npz,YMTH14,2007/7/16 10:13,2007/7/16 10:13,6.8,train
train_010062,record_010062.npz,YMTH14,2007/7/16 15:37,2007/7/16 15:38,5.8,train
train_010063,record_010063.npz,YMTH14,2008/6/14 8:43,2008/6/14 8:43,7.2,train
train_010064,record_010064.npz,YMTH14,2008/6/14 9:20,2008/6/14 9:20,5.7,train
train_010065,record_010065.npz,YMTH14,2009/2/17 9:13,2009/2/17 9:13,4.9,train
train_010066,record_010066.npz,YMTH14,2009/8/2 0:57,2009/8/2 0:57,4.9,train
train_010067,record_010067.npz,YMTH14,2009/8/2 2:54,2009/8/2 2:54,4.8,train
train_010068,record_010068.npz,YMTH14,2010/3/13 21:46,2010/3/13 21:46,5.5,train
train_010069,record_010069.npz,YMTH14,2010/3/14 17:08,2010/3/14 17:08,6.7,train
train_010070,record_010070.npz,YMTH14,2010/4/16 16:38,2010/4/16 16:38,4.6,train
train_010071,record_010071.npz,YMTH14,2010/5/1 18:20,2010/5/1 18:20,4.9,train
train_010072,record_010072.npz,YMTH14,2010/6/13 12:33,2010/6/13 12:33,6.2,train
train_010073,record_010073.npz,YMTH14,2011/1/3 13:45,2011/1/3 13:45,4.7,train
train_010074,record_010074.npz,YMTH14,2011/3/11 14:58,2011/3/11 14:56,6.4,train
train_010075,record_010075.npz,YMTH14,2011/3/11 15:13,2011/3/11 15:11,6.1,train
train_010076,record_010076.npz,YMTH15,2001/12/2 22:02,2001/12/2 22:02,6.4,train
train_010077,record_010077.npz,YMTH15,2003/5/26 18:24,2003/5/26 18:24,7,train
train_010078,record_010078.npz,YMTH15,2003/7/26 0:13,2003/7/26 0:13,5.5,train
train_010079,record_010079.npz,YMTH15,2003/7/26 7:13,2003/7/26 7:13,6.2,train
train_010080,record_010080.npz,YMTH15,2004/10/23 17:56,2004/10/23 17:56,6.8,train
train_010081,record_010081.npz,YMTH15,2004/10/23 18:03,2004/10/23 18:03,6.3,train
train_010082,record_010082.npz,YMTH15,2004/10/23 18:12,2004/10/23 18:12,6,train
train_010083,record_010083.npz,YMTH15,2004/10/23 18:34,2004/10/23 18:34,6.5,train
train_010084,record_010084.npz,YMTH15,2005/8/16 11:46,2005/8/16 11:46,7.2,train
train_010085,record_010085.npz,YMTH15,2005/12/17 3:32,2005/12/17 3:32,6.1,train
train_010086,record_010086.npz,YMTH15,2007/7/16 10:13,2007/7/16 10:13,6.8,train
train_010087,record_010087.npz,YMTH15,2007/11/26 22:51,2007/11/26 22:52,6,train
train_010088,record_010088.npz,YMTH15,2007/12/25 23:04,2007/12/25 23:05,5.6,train
train_010089,record_010089.npz,YMTH15,2008/1/6 9:34,2008/1/6 9:35,4.1,train
train_010090,record_010090.npz,YMTH15,2008/3/24 12:40,2008/3/24 12:40,5.3,train
train_010091,record_010091.npz,YMTH15,2008/4/17 4:19,2008/4/17 4:20,5.8,train
train_010092,record_010092.npz,YMTH15,2008/5/29 1:42,2008/5/29 1:42,4.8,train
train_010093,record_010093.npz,YMTH15,2008/6/2 0:58,2008/6/2 0:58,4.8,train
train_010094,record_010094.npz,YMTH15,2008/6/14 8:43,2008/6/14 8:43,7.2,train
train_010095,record_010095.npz,YMTH15,2008/6/14 9:20,2008/6/14 9:20,5.7,train
train_010096,record_010096.npz,YMTH15,2008/6/14 9:52,2008/6/14 9:53,4.6,train
train_010097,record_010097.npz,YMTH15,2008/6/14 10:40,2008/6/14 10:40,4.8,train
train_010098,record_010098.npz,YMTH15,2008/6/14 12:27,2008/6/14 12:27,5.2,train
train_010099,record_010099.npz,YMTH15,2008/6/14 13:10,2008/6/14 13:11,4.3,train
train_010100,record_010100.npz,YMTH15,2008/6/14 21:48,2008/6/14 21:48,4.7,train
train_010101,record_010101.npz,YMTH15,2008/6/14 23:04,2008/6/14 23:04,4.1,train
train_010102,record_010102.npz,YMTH15,2008/6/14 23:42,2008/6/14 23:42,4.8,train
train_010103,record_010103.npz,YMTH15,2008/6/16 23:14,2008/6/16 23:14,5.3,train
